country,section,scenario,year,pd,dpd_pp
IT,A,Below 2?C,2025,0.016944993121276078,0.0
IT,B,Below 2?C,2025,0.016944993121264833,0.0
IT,C,Below 2?C,2025,0.016944993121263328,0.0
IT,D,Below 2?C,2025,0.016944993121262672,0.0
IT,E,Below 2?C,2025,0.016944993121264806,0.0
IT,F,Below 2?C,2025,0.016944993121253592,0.0
IT,G,Below 2?C,2025,0.01694499312126481,0.0
IT,H,Below 2?C,2025,0.016944993121264258,0.0
IT,I,Below 2?C,2025,0.016944993121264466,0.0
IT,J,Below 2?C,2025,0.01694499312125744,0.0
IT,L,Below 2?C,2025,0.016944993121264802,0.0
IT,M,Below 2?C,2025,0.016944993121264806,0.0
IT,N,Below 2?C,2025,0.016944993121262682,0.0
IT,P,Below 2?C,2025,0.01694499312126501,0.0
IT,Q,Below 2?C,2025,0.016944993121264806,0.0
IT,R,Below 2?C,2025,0.016944993121264806,0.0
IT,S,Below 2?C,2025,0.0169449931212684,0.0
IT,A,Below 2?C,2026,0.13219648668705253,11.525149356577643
IT,B,Below 2?C,2026,0.019627557029411775,0.26825639081469405
IT,C,Below 2?C,2026,0.017966151532577843,0.10211584113145167
IT,D,Below 2?C,2026,0.04352487446000793,2.6579881338745253
IT,E,Below 2?C,2026,0.03727476943663111,2.0329776315366312
IT,F,Below 2?C,2026,0.017519933563203954,0.057494044195036176
IT,G,Below 2?C,2026,0.017738952712085188,0.07939595908203831
IT,H,Below 2?C,2026,0.024769913853813056,0.7824920732548797
IT,I,Below 2?C,2026,0.017144958987763973,0.019996586649950823
IT,J,Below 2?C,2026,0.01696056051152131,0.0015567390263871012
IT,L,Below 2?C,2026,0.01696794077908344,0.0022947657818641874
IT,M,Below 2?C,2026,0.017005169485771975,0.0060176364507171275
IT,N,Below 2?C,2026,0.017134584924200013,0.01895918029373294
IT,P,Below 2?C,2026,0.017046954017954974,0.010196089668994268
IT,Q,Below 2?C,2026,0.017233582283148214,0.028858916188339034
IT,R,Below 2?C,2026,0.01716772812482516,0.0222735003560358
IT,S,Below 2?C,2026,0.017245980498405016,0.030098737713661155
IT,A,Below 2?C,2027,0.2942675159719597,27.73225228506836
IT,B,Below 2?C,2027,0.02234693701548653,0.54019438942217
IT,C,Below 2?C,2027,0.019547622981186265,0.26026298599229414
IT,D,Below 2?C,2027,0.09660271707426053,7.965772395299788
IT,E,Below 2?C,2027,0.06093314299835367,4.398814987708886
IT,F,Below 2?C,2027,0.018084999006248118,0.11400058849945147
IT,G,Below 2?C,2027,0.01849627952927444,0.15512864080096334
IT,H,Below 2?C,2027,0.033438210427499115,1.6493217306234849
IT,I,Below 2?C,2027,0.0173228424408623,0.037784931959783025
IT,J,Below 2?C,2027,0.01697407453960019,0.0029081418342748735
IT,L,Below 2?C,2027,0.016987887398668283,0.004289427740348306
IT,M,Below 2?C,2027,0.017059357136369274,0.01143640151044683
IT,N,Below 2?C,2027,0.017303841803332387,0.03588486820697029
IT,P,Below 2?C,2027,0.017135730304957023,0.019073718369199202
IT,Q,Below 2?C,2027,0.017487357733393768,0.05423646121289464
IT,R,Below 2?C,2027,0.017370317244387094,0.0425324123122289
IT,S,Below 2?C,2027,0.017519906410227205,0.05749132889588015
IT,A,Below 2?C,2028,0.42125614909689113,40.431115597561515
IT,B,Below 2?C,2028,0.024495530526850856,0.7550537405586022
IT,C,Below 2?C,2028,0.021066984063268606,0.4121990942005282
IT,D,Below 2?C,2028,0.11978917526709888,10.284418214583622
IT,E,Below 2?C,2028,0.08329234020787939,6.634734708661457
IT,F,Below 2?C,2028,0.018638341071605675,0.1693347950352071
IT,G,Below 2?C,2028,0.01920582624427426,0.22608331230094522
IT,H,Below 2?C,2028,0.04366260699892594,2.6717613877661677
IT,I,Below 2?C,2028,0.017478981553135254,0.053398843187079215
IT,J,Below 2?C,2028,0.016985687320183955,0.004069419892651798
IT,L,Below 2?C,2028,0.017005047080964546,0.006005395969974663
IT,M,Below 2?C,2028,0.01710764765975921,0.016265453849440184
IT,N,Below 2?C,2028,0.01745285166161775,0.05078585403550656
IT,P,Below 2?C,2028,0.01721221314009984,0.026722001883480728
IT,Q,Below 2?C,2028,0.01770786699271861,0.07628738714537882
IT,R,Below 2?C,2028,0.017551728860412175,0.060673573914737294
IT,S,Below 2?C,2028,0.017765401360290544,0.08204082390221404
IT,A,Below 2?C,2029,0.5190626816777401,50.2117688556464
IT,B,Below 2?C,2029,0.028778295068381067,1.1833301947116235
IT,C,Below 2?C,2029,0.022233577052123768,0.5288583930860442
IT,D,Below 2?C,2029,0.1187390716766266,10.179407855536391
IT,E,Below 2?C,2029,0.10348917479035387,8.654418166908906
IT,F,Below 2?C,2029,0.019178122259423953,0.22331291381703688
IT,G,Below 2?C,2029,0.01985465287593665,0.29096597546718406
IT,H,Below 2?C,2029,0.054952502237660614,3.800750911639636
IT,I,Below 2?C,2029,0.01761375943984357,0.06687663185791069
IT,J,Below 2?C,2029,0.01699553039659233,0.00505372753348887
IT,L,Below 2?C,2029,0.017019605803115612,0.00746126818508124
IT,M,Below 2?C,2029,0.017150036681223575,0.02050435599587698
IT,N,Below 2?C,2029,0.017581790060962853,0.06367969397001672
IT,P,Below 2?C,2029,0.017277182603721998,0.03321894824569668
IT,Q,Below 2?C,2029,0.01789654993537417,0.09515568141093475
IT,R,Below 2?C,2029,0.01771109704469097,0.07661039234261662
IT,S,Below 2?C,2029,0.017981273436608887,0.10362803153404831
IT,A,Below 2?C,2030,0.6081834082795563,59.12384151582801
IT,B,Below 2?C,2030,0.025058966176830726,0.8113973055565895
IT,C,Below 2?C,2030,0.02328376006012006,0.6338766938856732
IT,D,Below 2?C,2030,0.09227316562346372,7.532817250220106
IT,E,Below 2?C,2030,0.12128230189906272,10.43373087777979
IT,F,Below 2?C,2030,0.019702480887759884,0.27574877665062847
IT,G,Below 2?C,2030,0.020429598058232648,0.34846049369678395
IT,H,Below 2?C,2030,0.06381740321909025,4.687241009782601
IT,I,Below 2?C,2030,0.017727550000125835,0.0782556878861374
IT,J,Below 2?C,2030,0.017003714099449816,0.0058720978192376445
IT,L,Below 2?C,2030,0.017031720043607364,0.008672692234256103
IT,M,Below 2?C,2030,0.017186440483974712,0.02414473627099045
IT,N,Below 2?C,2030,0.017690864462240396,0.07458713409777083
IT,P,Below 2?C,2030,0.017331298599461867,0.03863054781968363
IT,Q,Below 2?C,2030,0.018054674359326284,0.1109681238061462
IT,R,Below 2?C,2030,0.017847694410642188,0.09027012893773846
IT,S,Below 2?C,2030,0.01816648563614916,0.12214925148807607
IT,A,Below 2?C,2031,0.6862203051961796,66.92753120749035
IT,B,Below 2?C,2031,0.028684637859836437,1.1739644738571606
IT,C,Below 2?C,2031,0.0243975640212108,0.7452570899947472
IT,D,Below 2?C,2031,0.1011709596309995,8.42259665097368
IT,E,Below 2?C,2031,0.1375135600206497,12.05685668993849
IT,F,Below 2?C,2031,0.020205654149950833,0.32606610286972443
IT,G,Below 2?C,2031,0.021185668613257137,0.42406754919923306
IT,H,Below 2?C,2031,0.07268443864336295,5.573944552209871
IT,I,Below 2?C,2031,0.017870178056088704,0.09251849348242383
IT,J,Below 2?C,2031,0.017013812812097975,0.006881969084053689
IT,L,Below 2?C,2031,0.017046681464751544,0.010168834348674246
IT,M,Below 2?C,2031,0.017233008023561387,0.028801490229658187
IT,N,Below 2?C,2031,0.017827840455655643,0.08828473343929616
IT,P,Below 2?C,2031,0.01739820216638563,0.04532090451205977
IT,Q,Below 2?C,2031,0.0182513749627975,0.1306381841532677
IT,R,Below 2?C,2031,0.018021601851109268,0.10766087298444639
IT,S,Below 2?C,2031,0.018402569441735815,0.14575763204674125
IT,A,Below 2?C,2032,0.7452355207997577,72.82905276784818
IT,B,Below 2?C,2032,0.024866572659594962,0.7921579538330128
IT,C,Below 2?C,2032,0.02525251074870899,0.8307517627445665
IT,D,Below 2?C,2032,0.10040903696250184,8.346404384123916
IT,E,Below 2?C,2032,0.15084493910685168,13.389994598558685
IT,F,Below 2?C,2032,0.02064736420073021,0.37023710794766096
IT,G,Below 2?C,2032,0.02191049085494087,0.4965497733676059
IT,H,Below 2?C,2032,0.07969802177828023,6.275302865701596
IT,I,Below 2?C,2032,0.018000397273041462,0.10554041517769992
IT,J,Below 2?C,2032,0.01702288298253398,0.007788986127654356
IT,L,Below 2?C,2032,0.01706013083061361,0.011513770934881018
IT,M,Below 2?C,2032,0.017276578650499322,0.03315855292345151
IT,N,Below 2?C,2032,0.01795313328115651,0.10081401598938242
IT,P,Below 2?C,2032,0.0174584087514519,0.05134156301868677
IT,Q,Below 2?C,2032,0.018429533858714837,0.1484540737450016
IT,R,Below 2?C,2032,0.018183034252910783,0.1238041131645978
IT,S,Below 2?C,2032,0.018622035991012004,0.16770428697436002
IT,A,Below 2?C,2033,0.7809238282357014,76.39788351144256
IT,B,Below 2?C,2033,0.023606655749885824,0.6661662628620995
IT,C,Below 2?C,2033,0.025898358461763357,0.8953365340500032
IT,D,Below 2?C,2033,0.09000419579508158,7.30592026738189
IT,E,Below 2?C,2033,0.1610892197561026,14.414422663483778
IT,F,Below 2?C,2033,0.021018466994545668,0.4073473873292065
IT,G,Below 2?C,2033,0.022591674287568878,0.5646681166304071
IT,H,Below 2?C,2033,0.08772063368364402,7.077564056237977
IT,I,Below 2?C,2033,0.01811757621681612,0.11725830955516564
IT,J,Below 2?C,2033,0.0170309261213094,0.008593300005196008
IT,L,Below 2?C,2033,0.017072066647303902,0.012707352603909884
IT,M,Below 2?C,2033,0.01731676833158356,0.03717752103187507
IT,N,Below 2?C,2033,0.018066054329793912,0.11210612085312266
IT,P,Below 2?C,2033,0.01751189075174805,0.05668976304830202
IT,Q,Below 2?C,2033,0.01858870798511559,0.16437148638507673
IT,R,Below 2?C,2033,0.018330493795177816,0.13855006739130116
IT,S,Below 2?C,2033,0.018822801403263794,0.1877808281995391
IT,A,Below 2?C,2034,0.807442132583169,79.04971394618929
IT,B,Below 2?C,2034,0.02185851277657367,0.4913519655308837
IT,C,Below 2?C,2034,0.026695555225033567,0.9750562103770242
IT,D,Below 2?C,2034,0.07630789486984645,5.936290174858376
IT,E,Below 2?C,2034,0.1701611383124012,15.321614519113636
IT,F,Below 2?C,2034,0.021312470063788315,0.4367476942534714
IT,G,Below 2?C,2034,0.023219473277951517,0.6274480156686709
IT,H,Below 2?C,2034,0.0942224700836463,7.727747696238203
IT,I,Below 2?C,2034,0.018221372893265936,0.12763797720014722
IT,J,Below 2?C,2034,0.01703795926852596,0.009296614726852089
IT,L,Below 2?C,2034,0.01708251089341188,0.013751777214708112
IT,M,Below 2?C,2034,0.01735323375177942,0.04082406305146139
IT,N,Below 2?C,2034,0.018166206172525172,0.12212130512624854
IT,P,Below 2?C,2034,0.017558728367085625,0.06137352458205937
IT,Q,Below 2?C,2034,0.018728814867420146,0.17838217461553202
IT,R,Below 2?C,2034,0.018462863127199348,0.15178700059345424
IT,S,Below 2?C,2034,0.019003280408938044,0.20582872876696395
IT,A,Below 2?C,2035,0.8371415375780893,82.01965444568131
IT,B,Below 2?C,2035,0.019912293480297712,0.29673003590328767
IT,C,Below 2?C,2035,0.027029115186027276,1.008412206476394
IT,D,Below 2?C,2035,0.05275003032300154,3.580503720173888
IT,E,Below 2?C,2035,0.17621595745279528,15.927096433153046
IT,F,Below 2?C,2035,0.02152504740314662,0.458005428189303
IT,G,Below 2?C,2035,0.023785203673190227,0.6840210551925419
IT,H,Below 2?C,2035,0.10007042110172541,8.312542798046117
IT,I,Below 2?C,2035,0.01831155935877425,0.13665662375097892
IT,J,Below 2?C,2035,0.017044002120209,0.009900899895156157
IT,L,Below 2?C,2035,0.017091489957085385,0.014649683582058546
IT,M,Below 2?C,2035,0.017385637719773184,0.04406445985083785
IT,N,Below 2?C,2035,0.018253314131383674,0.13083210101209897
IT,P,Below 2?C,2035,0.017599024316386047,0.06540311951210159
IT,Q,Below 2?C,2035,0.018849883393280555,0.1904890272015735
IT,R,Below 2?C,2035,0.018579218301844034,0.1634225180579229
IT,S,Below 2?C,2035,0.019162139871102813,0.2217146749834409
IT,A,Below 2?C,2036,0.8689929744260033,85.20479813047271
IT,B,Below 2?C,2036,0.018176556992332362,0.12315638710675275
IT,C,Below 2?C,2036,0.027983968250422594,1.1038975129159267
IT,D,Below 2?C,2036,0.027308616963168365,1.0363623841905694
IT,E,Below 2?C,2036,0.19072650020949136,17.378150708822655
IT,F,Below 2?C,2036,0.021945888913556717,0.5000895792303116
IT,G,Below 2?C,2036,0.02475594146530633,0.7810948344041525
IT,H,Below 2?C,2036,0.1066176734342784,8.967268031301414
IT,I,Below 2?C,2036,0.01845917237094968,0.1514179249685215
IT,J,Below 2?C,2036,0.017053759745772088,0.01087666245146474
IT,L,Below 2?C,2036,0.017105999396053305,0.01610062747885042
IT,M,Below 2?C,2036,0.017440249354794164,0.04952562335293609
IT,N,Below 2?C,2036,0.01839604674573015,0.1451053624467465
IT,P,Below 2?C,2036,0.01766419569565307,0.07192025743880393
IT,Q,Below 2?C,2036,0.019046729206492422,0.21017360852276
IT,R,Below 2?C,2036,0.01877236785441246,0.18273747331476542
IT,S,Below 2?C,2036,0.019426319194393724,0.24813260731253228
IT,A,Below 2?C,2037,0.8929445955773291,87.59996024560532
IT,B,Below 2?C,2037,0.016944993121264833,-2.086561066486632e-17
IT,C,Below 2?C,2037,0.028625047615440553,1.168005449417722
IT,D,Below 2?C,2037,0.017799804462337084,0.08548113410744135
IT,E,Below 2?C,2037,0.2012463706226991,18.430137750143427
IT,F,Below 2?C,2037,0.022263311046541744,0.5318317925288141
IT,G,Below 2?C,2037,0.025667067715037656,0.8722074593772852
IT,H,Below 2?C,2037,0.11311984297194291,9.617484985067865
IT,I,Below 2?C,2037,0.018590104985016,0.16451118637515388
IT,J,Below 2?C,2037,0.017062280444877394,0.011728732361995382
IT,L,Below 2?C,2037,0.017118680298081758,0.01736871768169607
IT,M,Below 2?C,2037,0.017490465022078443,0.05454719008136377
IT,N,Below 2?C,2037,0.018522792894784205,0.15777997735215238
IT,P,Below 2?C,2037,0.01772121067528843,0.07762175540233993
IT,Q,Below 2?C,2037,0.01921999487832266,0.22750017570578365
IT,R,Below 2?C,2037,0.018946506838158395,0.20015137168935887
IT,S,Below 2?C,2037,0.01966503651539691,0.27200433941285085
IT,A,Below 2?C,2038,0.9138017365679919,89.68567434467158
IT,B,Below 2?C,2038,0.016944993121264833,4.1113344925639265e-17
IT,C,Below 2?C,2038,0.0291658239729397,1.222083085167637
IT,D,Below 2?C,2038,0.016944993121262672,-2.144322992959697e-16
IT,E,Below 2?C,2038,0.2071636487221446,19.02186556008798
IT,F,Below 2?C,2038,0.022472433081573137,0.5527439960319537
IT,G,Below 2?C,2038,0.026499224187124238,0.9554231065859429
IT,H,Below 2?C,2038,0.11993091882157773,10.29859257003135
IT,I,Below 2?C,2038,0.018704084159520632,0.17590910382561709
IT,J,Below 2?C,2038,0.017069598177608704,0.012460505635126382
IT,L,Below 2?C,2038,0.01712957892906567,0.018458580780086966
IT,M,Below 2?C,2038,0.017535643000886458,0.05906498796216535
IT,N,Below 2?C,2038,0.018633218131378235,0.16882250101155546
IT,P,Below 2?C,2038,0.017770254402535015,0.08252612812699837
IT,Q,Below 2?C,2038,0.019369826288675476,0.2424833167410653
IT,R,Below 2?C,2038,0.019100251221890824,0.215525810062602
IT,S,Below 2?C,2038,0.019876251750797096,0.29312586295286963
IT,A,Below 2?C,2039,0.9423020806678285,92.53570875465526
IT,B,Below 2?C,2039,0.016944993121264833,1.9921571601475937e-17
IT,C,Below 2?C,2039,0.029433734641823393,1.2488741520560063
IT,D,Below 2?C,2039,0.016944993121262672,2.754406723213538e-17
IT,E,Below 2?C,2039,0.20990404115880348,19.295904803753867
IT,F,Below 2?C,2039,0.022571554281985252,0.5626561160731662
IT,G,Below 2?C,2039,0.027233537955649527,1.0288544834384716
IT,H,Below 2?C,2039,0.12555086366188514,10.860587054062085
IT,I,Below 2?C,2039,0.018800953908077036,0.1855960786812573
IT,J,Below 2?C,2039,0.017075746437323257,0.01307533160658174
IT,L,Below 2?C,2039,0.01713874157668012,0.019374845541531797
IT,M,Below 2?C,2039,0.01757517057270922,0.06301774514444133
IT,N,Below 2?C,2039,0.018727121441138413,0.17821283198757285
IT,P,Below 2?C,2039,0.01781151617198769,0.08665230507226597
IT,Q,Below 2?C,2039,0.01949645033412684,0.2551457212862017
IT,R,Below 2?C,2039,0.01923248754256871,0.22874944213039072
IT,S,Below 2?C,2039,0.020058283191930114,0.3113290070661711
IT,A,Below 2?C,2040,0.9541454597481122,93.72004666268361
IT,B,Below 2?C,2040,0.016944993121264823,2.4822315922433935e-17
IT,C,Below 2?C,2040,0.02940855995652181,1.2463566835258484
IT,D,Below 2?C,2040,0.016944993121262672,-1.0345996270758103e-18
IT,E,Below 2?C,2040,0.20967053677737055,19.272554365610574
IT,F,Below 2?C,2040,0.022562227471338597,0.5617234350084999
IT,G,Below 2?C,2040,0.027855343821192553,1.0910350699927749
IT,H,Below 2?C,2040,0.13122690523619612,11.42819121149319
IT,I,Below 2?C,2040,0.018880750046826985,0.19357569255625204
IT,J,Below 2?C,2040,0.0170807631465831,0.013577002532565564
IT,L,Below 2?C,2040,0.017146221807484943,0.020122868622014473
IT,M,Below 2?C,2040,0.017608542211536786,0.06635490902719811
IT,N,Below 2?C,2040,0.01880450397607742,0.18595108548147374
IT,P,Below 2?C,2040,0.017845221787652573,0.09002286663875418
IT,Q,Below 2?C,2040,0.01960027114387507,0.26552780226102446
IT,R,Below 2?C,2040,0.019342495797536382,0.23975026762715745
IT,S,Below 2?C,2040,0.020209988144802026,0.3264995023533624
IT,A,Below 2?C,2041,0.9670688816924856,95.01238885712097
IT,B,Below 2?C,2041,0.016944993121264833,6.812567015030413e-18
IT,C,Below 2?C,2041,0.02981124463121643,1.2866251509953102
IT,D,Below 2?C,2041,0.01694499312126268,1.9650650581755478e-16
IT,E,Below 2?C,2041,0.21328447913564405,19.633948601437925
IT,F,Below 2?C,2041,0.02270940852715696,0.5764415405903373
IT,G,Below 2?C,2041,0.028191675586716477,1.1246682465451672
IT,H,Below 2?C,2041,0.1376063465705414,12.066135344927716
IT,I,Below 2?C,2041,0.018923191615943125,0.19781984946786613
IT,J,Below 2?C,2041,0.01708341408358825,0.013842096233081516
IT,L,Below 2?C,2041,0.017150175946045516,0.020518282478071713
IT,M,Below 2?C,2041,0.01762659722321886,0.06816041019540564
IT,N,Below 2?C,2041,0.018845670793705006,0.19006776724423205
IT,P,Below 2?C,2041,0.017863046291017842,0.0918053169752811
IT,Q,Below 2?C,2041,0.01965531472539437,0.2710321604129548
IT,R,Below 2?C,2041,0.019401401705466635,0.2456408584201833
IT,S,Below 2?C,2041,0.020291327604763047,0.33463344834946407
IT,A,Below 2?C,2042,0.9715346322791174,95.45896391578414
IT,B,Below 2?C,2042,0.016944993121264833,2.0612440159710054e-17
IT,C,Below 2?C,2042,0.029932516856851558,1.2987523735588236
IT,D,Below 2?C,2042,0.01694499312126268,2.6062527169516907e-16
IT,E,Below 2?C,2042,0.21440869133444027,19.746369821317547
IT,F,Below 2?C,2042,0.022753887356903757,0.5808894235650157
IT,G,Below 2?C,2042,0.028289548504554334,1.134455538328953
IT,H,Below 2?C,2042,0.14395282717264185,12.700783405137757
IT,I,Below 2?C,2042,0.018935456993389527,0.19904638721250636
IT,J,Below 2?C,2042,0.017084177972571543,0.013918485131410186
IT,L,Below 2?C,2042,0.01715131554611897,0.02063224248541702
IT,M,Below 2?C,2042,0.017631855006986944,0.06868618857221463
IT,N,Below 2?C,2042,0.018857568772530725,0.1912575651268039
IT,P,Below 2?C,2042,0.01786818432863287,0.09231912073678385
IT,Q,Below 2?C,2042,0.019671199435938976,0.2726206314674153
IT,R,Below 2?C,2042,0.0194184761394582,0.24734830181933923
IT,S,Below 2?C,2042,0.02031491889606984,0.33699257748014383
IT,A,Below 2?C,2043,0.974433999930797,95.7489006809521
IT,B,Below 2?C,2043,0.016944993121264823,-1.2049170825070658e-15
IT,C,Below 2?C,2043,0.029781776348944102,1.2836783227680775
IT,D,Below 2?C,2043,0.016944993121262672,-7.108263796980452e-18
IT,E,Below 2?C,2043,0.21301904574384897,19.607405262258414
IT,F,Below 2?C,2043,0.0226986649728283,0.5753671851574717
IT,G,Below 2?C,2043,0.028155121015788646,1.1210127894523845
IT,H,Below 2?C,2043,0.14896294068389057,13.201794756262633
IT,I,Below 2?C,2043,0.018918601064570526,0.19736079433060658
IT,J,Below 2?C,2043,0.017083127928670255,0.013813480741281404
IT,L,Below 2?C,2043,0.017149749069806364,0.02047559485415654
IT,M,Below 2?C,2043,0.017624634022452953,0.0679640901188147
IT,N,Below 2?C,2043,0.018841217857934998,0.18962247366723128
IT,P,Below 2?C,2043,0.017861121771000226,0.0916128649735195
IT,Q,Below 2?C,2043,0.019649366972396345,0.27043738511315235
IT,R,Below 2?C,2043,0.019395017142977755,0.245002402171295
IT,S,Below 2?C,2043,0.020282507887539457,0.33375147662710564
IT,A,Below 2?C,2044,0.9765347849589701,95.9589791837694
IT,B,Below 2?C,2044,0.016944993121264833,5.071873883374409e-17
IT,C,Below 2?C,2044,0.029373622068270565,1.2428628947007236
IT,D,Below 2?C,2044,0.016944993121262672,-1.8496819707130876e-17
IT,E,Below 2?C,2044,0.20933823494714465,19.239324182587985
IT,F,Below 2?C,2044,0.02254923117110933,0.5604238049855743
IT,G,Below 2?C,2044,0.027802528206708477,1.085753508544367
IT,H,Below 2?C,2044,0.15307830154671387,13.61333084254496
IT,I,Below 2?C,2044,0.018874042005066084,0.1929048883801618
IT,J,Below 2?C,2044,0.017080343061847005,0.013534994058956234
IT,L,Below 2?C,2044,0.0171455952993886,0.020060217812380154
IT,M,Below 2?C,2044,0.017605708098720318,0.06607149774555143
IT,N,Below 2?C,2044,0.018797997940464897,0.18530048192022122
IT,P,Below 2?C,2044,0.017842398072409105,0.08974049511440742
IT,Q,Below 2?C,2044,0.019591560170318614,0.26465670490537924
IT,R,Below 2?C,2044,0.019333210584334345,0.23882174630695413
IT,S,Below 2?C,2044,0.02019717365152002,0.3252180530251621
IT,A,Below 2?C,2045,0.9767421183072351,95.97971251859593
IT,B,Below 2?C,2045,0.016944993121264833,1.1090087604540029e-17
IT,C,Below 2?C,2045,0.02874524190523245,1.1800248783969123
IT,D,Below 2?C,2045,0.016944993121262672,1.893189271307484e-17
IT,E,Below 2?C,2045,0.20271041536989878,18.5765422248634
IT,F,Below 2?C,2045,0.02231282282852048,0.5367829707266881
IT,G,Below 2?C,2045,0.02725236461975222,1.0307371498487414
IT,H,Below 2?C,2045,0.1557349720712676,13.878997895000333
IT,I,Below 2?C,2045,0.018803397787889902,0.185840466662544
IT,J,Below 2?C,2045,0.017075900719070933,0.013090759781349826
IT,L,Below 2?C,2045,0.017138971568046415,0.0193978446781617
IT,M,Below 2?C,2045,0.0175761816315513,0.0631188510286502
IT,N,Below 2?C,2045,0.018729491032187504,0.17844979109248185
IT,P,Below 2?C,2045,0.017812552233476536,0.08675591122115045
IT,Q,Below 2?C,2045,0.019499636473502353,0.25546433522375306
IT,R,Below 2?C,2045,0.019235842273173927,0.2290849151909123
IT,S,Below 2?C,2045,0.020062905750157612,0.31179126288892095
IT,A,Below 2?C,2046,0.9775682869285434,96.06232938072672
IT,B,Below 2?C,2046,0.016944993121264833,1.0452459320771256e-17
IT,C,Below 2?C,2046,0.02824555609543332,1.1300562974169992
IT,D,Below 2?C,2046,0.016944993121262672,-6.656316092365533e-19
IT,E,Below 2?C,2046,0.1965070097971481,17.956201667588328
IT,F,Below 2?C,2046,0.022101885702156918,0.5156892580903318
IT,G,Below 2?C,2046,0.026498232276129487,0.9553239154864674
IT,H,Below 2?C,2046,0.157521097590247,14.057610446898275
IT,I,Below 2?C,2046,0.01870395111914162,0.17589579978771594
IT,J,Below 2?C,2046,0.017069589689158886,0.012459656790144769
IT,L,Below 2?C,2046,0.017129566282516613,0.01845731612518113
IT,M,Below 2?C,2046,0.017535589440351884,0.05905963190870761
IT,N,Below 2?C,2046,0.01863308919662684,0.16880960753641575
IT,P,Below 2?C,2046,0.01777019747073374,0.08252043494687104
IT,Q,Below 2?C,2046,0.019369651934612705,0.2424658813347882
IT,R,Below 2?C,2046,0.019100070600105216,0.21550774788404117
IT,S,Below 2?C,2046,0.019876003349093077,0.2931010227824674
IT,A,Below 2?C,2047,0.9813876852691287,96.44426921478527
IT,B,Below 2?C,2047,0.016944993121264823,-1.1576933029760104e-15
IT,C,Below 2?C,2047,0.027478131188687437,1.0533138067424104
IT,D,Below 2?C,2047,0.016944993121262672,-2.265860719872798e-17
IT,E,Below 2?C,2047,0.18548256241466932,16.853756929340445
IT,F,Below 2?C,2047,0.021783163638297402,0.4838170517043801
IT,G,Below 2?C,2047,0.02550537607736277,0.8560382956097963
IT,H,Below 2?C,2047,0.15830929512909436,14.136430200783009
IT,I,Below 2?C,2047,0.01856736681473769,0.16223736934732272
IT,J,Below 2?C,2047,0.017060809593180987,0.011581647192354641
IT,L,Below 2?C,2047,0.017116490589810275,0.017149746854547537
IT,M,Below 2?C,2047,0.017481618435685874,0.053662531442107586
IT,N,Below 2?C,2047,0.018500773208523405,0.1555780087260723
IT,P,Below 2?C,2047,0.017711361695197814,0.07663685739327832
IT,Q,Below 2?C,2047,0.019189993821900977,0.22450007006361541
IT,R,Below 2?C,2047,0.018916075392662775,0.19710822713979687
IT,S,Below 2?C,2047,0.01962328119940193,0.2678288078133527
IT,A,Below 2?C,2048,0.9815966350544085,96.46516419331323
IT,B,Below 2?C,2048,0.016944993121264833,-8.13687543968332e-18
IT,C,Below 2?C,2048,0.02647026124317383,0.9525268121910507
IT,D,Below 2?C,2048,0.016944993121262672,-2.580741243496862e-16
IT,E,Below 2?C,2048,0.17169096939075779,15.474597626949297
IT,F,Below 2?C,2048,0.02136906984658166,0.44240767253280544
IT,G,Below 2?C,2048,0.024338755248135415,0.7393762126870611
IT,H,Below 2?C,2048,0.15777504467707418,14.083005155580992
IT,I,Below 2?C,2048,0.018396811124539822,0.14518180032753583
IT,J,Below 2?C,2048,0.017049657370541496,0.010466424928405953
IT,L,Below 2?C,2048,0.017099897629010808,0.015490450774600551
IT,M,Below 2?C,2048,0.017416929552542586,0.047193643127777844
IT,N,Below 2?C,2048,0.018335724820976926,0.13907316997142435
IT,P,Below 2?C,2048,0.017636780202013234,0.06917870807482025
IT,Q,Below 2?C,2048,0.018963765839822636,0.20187727185578103
IT,R,Below 2?C,2048,0.018690358818142853,0.17453656968780415
IT,S,Below 2?C,2048,0.019314077440467734,0.23690843191993327
IT,A,Below 2?C,2049,0.981744128486674,96.47991353653978
IT,B,Below 2?C,2049,0.016944993121264833,1.4003414278169146e-17
IT,C,Below 2?C,2049,0.025204435155447232,0.8259442034183905
IT,D,Below 2?C,2049,0.016944993121262672,-3.227214914278816e-18
IT,E,Below 2?C,2049,0.15707658856632506,14.013159544506024
IT,F,Below 2?C,2049,0.02087479620156268,0.39298030803090944
IT,G,Below 2?C,2049,0.023063692516510845,0.6118699395246041
IT,H,Below 2?C,2049,0.15629968831035224,13.935469518908796
IT,I,Below 2?C,2049,0.018195985045969438,0.12509919247049736
IT,J,Below 2?C,2049,0.01703624683251024,0.009125371125279471
IT,L,Below 2?C,2049,0.017079967297544532,0.013497417627973149
IT,M,Below 2?C,2049,0.017344235189901996,0.03992420686371904
IT,N,Below 2?C,2049,0.01814169940663617,0.11967062853734844
IT,P,Below 2?C,2049,0.017547318168394853,0.06023250471298425
IT,Q,Below 2?C,2049,0.01869462219785144,0.1749629076586638
IT,R,Below 2?C,2049,0.018430334140626302,0.14853410193614952
IT,S,Below 2?C,2049,0.018958905157376867,0.20139120361084645
IT,A,Below 2?C,2050,0.9818855460058852,96.49405528846091
IT,B,Below 2?C,2050,0.016944993121264823,-1.2065945742501898e-15
IT,C,Below 2?C,2050,0.02410147283068622,0.7156479709422893
IT,D,Below 2?C,2050,0.016944993121262672,-2.5143244614588543e-16
IT,E,Below 2?C,2050,0.14091740955188348,12.39724164306187
IT,F,Below 2?C,2050,0.020316345829106658,0.3371352707853068
IT,G,Below 2?C,2050,0.021730736491275143,0.4785743370010338
IT,H,Below 2?C,2050,0.15381852486356404,13.687353174229976
IT,I,Below 2?C,2050,0.017968654109853533,0.10236609885890706
IT,J,Below 2?C,2050,0.017020684923123065,0.007569180186563275
IT,L,Below 2?C,2050,0.017056870495918735,0.01118773746539358
IT,M,Below 2?C,2050,0.017265856725647344,0.03208636043825353
IT,N,Below 2?C,2050,0.017922571458340038,0.09775783370773558
IT,P,Below 2?C,2050,0.017443808152223076,0.049881503095806565
IT,Q,Below 2?C,2050,0.018386228819689297,0.1441235698424493
IT,R,Below 2?C,2050,0.018143446847718746,0.11984537264539415
IT,S,Below 2?C,2050,0.018568186966283963,0.1623193845015565
IT,A,Current Policies,2025,0.016944993121276078,0.0
IT,B,Current Policies,2025,0.016944993121264833,0.0
IT,C,Current Policies,2025,0.016944993121263328,0.0
IT,D,Current Policies,2025,0.016944993121262672,0.0
IT,E,Current Policies,2025,0.016944993121264806,0.0
IT,F,Current Policies,2025,0.016944993121253592,0.0
IT,G,Current Policies,2025,0.01694499312126481,0.0
IT,H,Current Policies,2025,0.016944993121264258,0.0
IT,I,Current Policies,2025,0.016944993121264466,0.0
IT,J,Current Policies,2025,0.01694499312125744,0.0
IT,L,Current Policies,2025,0.016944993121264802,0.0
IT,M,Current Policies,2025,0.016944993121264806,0.0
IT,N,Current Policies,2025,0.016944993121262682,0.0
IT,P,Current Policies,2025,0.01694499312126501,0.0
IT,Q,Current Policies,2025,0.016944993121264806,0.0
IT,R,Current Policies,2025,0.016944993121264806,0.0
IT,S,Current Policies,2025,0.0169449931212684,0.0
IT,A,Current Policies,2026,0.016944993121276078,0.0
IT,B,Current Policies,2026,0.016944993121264833,0.0
IT,C,Current Policies,2026,0.016944993121263328,0.0
IT,D,Current Policies,2026,0.016944993121262672,0.0
IT,E,Current Policies,2026,0.016944993121264806,0.0
IT,F,Current Policies,2026,0.016944993121253592,0.0
IT,G,Current Policies,2026,0.01694499312126481,0.0
IT,H,Current Policies,2026,0.016944993121264258,0.0
IT,I,Current Policies,2026,0.016944993121264466,0.0
IT,J,Current Policies,2026,0.01694499312125744,0.0
IT,L,Current Policies,2026,0.016944993121264802,0.0
IT,M,Current Policies,2026,0.016944993121264806,0.0
IT,N,Current Policies,2026,0.016944993121262682,0.0
IT,P,Current Policies,2026,0.01694499312126503,0.0
IT,Q,Current Policies,2026,0.016944993121264823,0.0
IT,R,Current Policies,2026,0.016944993121264806,0.0
IT,S,Current Policies,2026,0.0169449931212684,0.0
IT,A,Current Policies,2027,0.016944993121276078,0.0
IT,B,Current Policies,2027,0.016944993121264833,0.0
IT,C,Current Policies,2027,0.016944993121263328,0.0
IT,D,Current Policies,2027,0.016944993121262672,0.0
IT,E,Current Policies,2027,0.016944993121264806,0.0
IT,F,Current Policies,2027,0.0169449931212536,0.0
IT,G,Current Policies,2027,0.01694499312126481,0.0
IT,H,Current Policies,2027,0.016944993121264258,0.0
IT,I,Current Policies,2027,0.016944993121264466,0.0
IT,J,Current Policies,2027,0.01694499312125744,0.0
IT,L,Current Policies,2027,0.016944993121264802,0.0
IT,M,Current Policies,2027,0.016944993121264806,0.0
IT,N,Current Policies,2027,0.016944993121262682,0.0
IT,P,Current Policies,2027,0.01694499312126503,0.0
IT,Q,Current Policies,2027,0.016944993121264823,0.0
IT,R,Current Policies,2027,0.016944993121264806,0.0
IT,S,Current Policies,2027,0.0169449931212684,0.0
IT,A,Current Policies,2028,0.016944993121276078,0.0
IT,B,Current Policies,2028,0.016944993121264833,0.0
IT,C,Current Policies,2028,0.016944993121263328,0.0
IT,D,Current Policies,2028,0.016944993121262672,0.0
IT,E,Current Policies,2028,0.016944993121264806,0.0
IT,F,Current Policies,2028,0.0169449931212536,0.0
IT,G,Current Policies,2028,0.01694499312126481,0.0
IT,H,Current Policies,2028,0.01694499312126426,0.0
IT,I,Current Policies,2028,0.016944993121264466,0.0
IT,J,Current Policies,2028,0.01694499312125744,0.0
IT,L,Current Policies,2028,0.016944993121264802,0.0
IT,M,Current Policies,2028,0.016944993121264806,0.0
IT,N,Current Policies,2028,0.016944993121262682,0.0
IT,P,Current Policies,2028,0.01694499312126503,0.0
IT,Q,Current Policies,2028,0.016944993121264823,0.0
IT,R,Current Policies,2028,0.016944993121264806,0.0
IT,S,Current Policies,2028,0.0169449931212684,0.0
IT,A,Current Policies,2029,0.016944993121276078,0.0
IT,B,Current Policies,2029,0.016944993121264833,0.0
IT,C,Current Policies,2029,0.016944993121263328,0.0
IT,D,Current Policies,2029,0.016944993121262672,0.0
IT,E,Current Policies,2029,0.016944993121264806,0.0
IT,F,Current Policies,2029,0.016944993121253586,0.0
IT,G,Current Policies,2029,0.01694499312126481,0.0
IT,H,Current Policies,2029,0.01694499312126426,0.0
IT,I,Current Policies,2029,0.016944993121264466,0.0
IT,J,Current Policies,2029,0.01694499312125744,0.0
IT,L,Current Policies,2029,0.016944993121264802,0.0
IT,M,Current Policies,2029,0.016944993121264802,0.0
IT,N,Current Policies,2029,0.016944993121262682,0.0
IT,P,Current Policies,2029,0.01694499312126503,0.0
IT,Q,Current Policies,2029,0.016944993121264823,0.0
IT,R,Current Policies,2029,0.016944993121264806,0.0
IT,S,Current Policies,2029,0.0169449931212684,0.0
IT,A,Current Policies,2030,0.016944993121276078,0.0
IT,B,Current Policies,2030,0.016944993121264833,0.0
IT,C,Current Policies,2030,0.016944993121263328,0.0
IT,D,Current Policies,2030,0.016944993121262672,0.0
IT,E,Current Policies,2030,0.016944993121264806,0.0
IT,F,Current Policies,2030,0.0169449931212536,0.0
IT,G,Current Policies,2030,0.01694499312126481,0.0
IT,H,Current Policies,2030,0.016944993121264258,0.0
IT,I,Current Policies,2030,0.016944993121264466,0.0
IT,J,Current Policies,2030,0.01694499312125744,0.0
IT,L,Current Policies,2030,0.016944993121264802,0.0
IT,M,Current Policies,2030,0.016944993121264806,0.0
IT,N,Current Policies,2030,0.016944993121262682,0.0
IT,P,Current Policies,2030,0.01694499312126503,0.0
IT,Q,Current Policies,2030,0.016944993121264823,0.0
IT,R,Current Policies,2030,0.016944993121264806,0.0
IT,S,Current Policies,2030,0.0169449931212684,0.0
IT,A,Current Policies,2031,0.016944993121276078,0.0
IT,B,Current Policies,2031,0.016944993121264833,0.0
IT,C,Current Policies,2031,0.016944993121263328,0.0
IT,D,Current Policies,2031,0.016944993121262672,0.0
IT,E,Current Policies,2031,0.016944993121264806,0.0
IT,F,Current Policies,2031,0.016944993121253586,0.0
IT,G,Current Policies,2031,0.01694499312126481,0.0
IT,H,Current Policies,2031,0.01694499312126426,0.0
IT,I,Current Policies,2031,0.016944993121264466,0.0
IT,J,Current Policies,2031,0.01694499312125744,0.0
IT,L,Current Policies,2031,0.016944993121264802,0.0
IT,M,Current Policies,2031,0.016944993121264806,0.0
IT,N,Current Policies,2031,0.016944993121262682,0.0
IT,P,Current Policies,2031,0.01694499312126503,0.0
IT,Q,Current Policies,2031,0.016944993121264823,0.0
IT,R,Current Policies,2031,0.016944993121264806,0.0
IT,S,Current Policies,2031,0.0169449931212684,0.0
IT,A,Current Policies,2032,0.016944993121276078,0.0
IT,B,Current Policies,2032,0.016944993121264833,0.0
IT,C,Current Policies,2032,0.016944993121263328,0.0
IT,D,Current Policies,2032,0.016944993121262672,0.0
IT,E,Current Policies,2032,0.016944993121264806,0.0
IT,F,Current Policies,2032,0.0169449931212536,0.0
IT,G,Current Policies,2032,0.01694499312126481,0.0
IT,H,Current Policies,2032,0.016944993121264258,0.0
IT,I,Current Policies,2032,0.016944993121264466,0.0
IT,J,Current Policies,2032,0.01694499312125744,0.0
IT,L,Current Policies,2032,0.016944993121264802,0.0
IT,M,Current Policies,2032,0.016944993121264806,0.0
IT,N,Current Policies,2032,0.016944993121262682,0.0
IT,P,Current Policies,2032,0.01694499312126503,0.0
IT,Q,Current Policies,2032,0.016944993121264823,0.0
IT,R,Current Policies,2032,0.016944993121264806,0.0
IT,S,Current Policies,2032,0.0169449931212684,0.0
IT,A,Current Policies,2033,0.016944993121276078,0.0
IT,B,Current Policies,2033,0.016944993121264833,0.0
IT,C,Current Policies,2033,0.016944993121263328,0.0
IT,D,Current Policies,2033,0.016944993121262672,0.0
IT,E,Current Policies,2033,0.016944993121264806,0.0
IT,F,Current Policies,2033,0.0169449931212536,0.0
IT,G,Current Policies,2033,0.01694499312126481,0.0
IT,H,Current Policies,2033,0.016944993121264254,0.0
IT,I,Current Policies,2033,0.016944993121264466,0.0
IT,J,Current Policies,2033,0.01694499312125744,0.0
IT,L,Current Policies,2033,0.016944993121264802,0.0
IT,M,Current Policies,2033,0.016944993121264806,0.0
IT,N,Current Policies,2033,0.016944993121262682,0.0
IT,P,Current Policies,2033,0.01694499312126503,0.0
IT,Q,Current Policies,2033,0.016944993121264823,0.0
IT,R,Current Policies,2033,0.016944993121264806,0.0
IT,S,Current Policies,2033,0.0169449931212684,0.0
IT,A,Current Policies,2034,0.016944993121276078,0.0
IT,B,Current Policies,2034,0.016944993121264833,0.0
IT,C,Current Policies,2034,0.016944993121263328,0.0
IT,D,Current Policies,2034,0.016944993121262672,0.0
IT,E,Current Policies,2034,0.016944993121264806,0.0
IT,F,Current Policies,2034,0.0169449931212536,0.0
IT,G,Current Policies,2034,0.01694499312126481,0.0
IT,H,Current Policies,2034,0.016944993121264268,0.0
IT,I,Current Policies,2034,0.016944993121264466,0.0
IT,J,Current Policies,2034,0.016944993121257437,0.0
IT,L,Current Policies,2034,0.016944993121264802,0.0
IT,M,Current Policies,2034,0.016944993121264806,0.0
IT,N,Current Policies,2034,0.016944993121262682,0.0
IT,P,Current Policies,2034,0.01694499312126503,0.0
IT,Q,Current Policies,2034,0.016944993121264823,0.0
IT,R,Current Policies,2034,0.016944993121264806,0.0
IT,S,Current Policies,2034,0.0169449931212684,0.0
IT,A,Current Policies,2035,0.016944993121276078,0.0
IT,B,Current Policies,2035,0.016944993121264833,0.0
IT,C,Current Policies,2035,0.016944993121263328,0.0
IT,D,Current Policies,2035,0.016944993121262672,0.0
IT,E,Current Policies,2035,0.016944993121264806,0.0
IT,F,Current Policies,2035,0.016944993121253592,0.0
IT,G,Current Policies,2035,0.01694499312126481,0.0
IT,H,Current Policies,2035,0.016944993121264258,0.0
IT,I,Current Policies,2035,0.016944993121264466,0.0
IT,J,Current Policies,2035,0.016944993121257437,0.0
IT,L,Current Policies,2035,0.016944993121264802,0.0
IT,M,Current Policies,2035,0.016944993121264806,0.0
IT,N,Current Policies,2035,0.016944993121262682,0.0
IT,P,Current Policies,2035,0.01694499312126503,0.0
IT,Q,Current Policies,2035,0.016944993121264823,0.0
IT,R,Current Policies,2035,0.016944993121264806,0.0
IT,S,Current Policies,2035,0.0169449931212684,0.0
IT,A,Current Policies,2036,0.016944993121276078,0.0
IT,B,Current Policies,2036,0.016944993121264833,0.0
IT,C,Current Policies,2036,0.016944993121263328,0.0
IT,D,Current Policies,2036,0.016944993121262672,0.0
IT,E,Current Policies,2036,0.016944993121264806,0.0
IT,F,Current Policies,2036,0.0169449931212536,0.0
IT,G,Current Policies,2036,0.01694499312126481,0.0
IT,H,Current Policies,2036,0.016944993121264258,0.0
IT,I,Current Policies,2036,0.016944993121264466,0.0
IT,J,Current Policies,2036,0.016944993121257437,0.0
IT,L,Current Policies,2036,0.016944993121264802,0.0
IT,M,Current Policies,2036,0.016944993121264806,0.0
IT,N,Current Policies,2036,0.016944993121262682,0.0
IT,P,Current Policies,2036,0.01694499312126503,0.0
IT,Q,Current Policies,2036,0.016944993121264823,0.0
IT,R,Current Policies,2036,0.016944993121264806,0.0
IT,S,Current Policies,2036,0.0169449931212684,0.0
IT,A,Current Policies,2037,0.016944993121276078,0.0
IT,B,Current Policies,2037,0.016944993121264833,0.0
IT,C,Current Policies,2037,0.016944993121263328,0.0
IT,D,Current Policies,2037,0.016944993121262672,0.0
IT,E,Current Policies,2037,0.016944993121264806,0.0
IT,F,Current Policies,2037,0.0169449931212536,0.0
IT,G,Current Policies,2037,0.01694499312126481,0.0
IT,H,Current Policies,2037,0.016944993121264264,0.0
IT,I,Current Policies,2037,0.016944993121264466,0.0
IT,J,Current Policies,2037,0.01694499312125744,0.0
IT,L,Current Policies,2037,0.016944993121264802,0.0
IT,M,Current Policies,2037,0.016944993121264806,0.0
IT,N,Current Policies,2037,0.016944993121262682,0.0
IT,P,Current Policies,2037,0.01694499312126503,0.0
IT,Q,Current Policies,2037,0.016944993121264823,0.0
IT,R,Current Policies,2037,0.016944993121264806,0.0
IT,S,Current Policies,2037,0.0169449931212684,0.0
IT,A,Current Policies,2038,0.016944993121276078,0.0
IT,B,Current Policies,2038,0.016944993121264833,0.0
IT,C,Current Policies,2038,0.016944993121263328,0.0
IT,D,Current Policies,2038,0.016944993121262672,0.0
IT,E,Current Policies,2038,0.016944993121264806,0.0
IT,F,Current Policies,2038,0.0169449931212536,0.0
IT,G,Current Policies,2038,0.01694499312126481,0.0
IT,H,Current Policies,2038,0.016944993121264258,0.0
IT,I,Current Policies,2038,0.016944993121264466,0.0
IT,J,Current Policies,2038,0.01694499312125744,0.0
IT,L,Current Policies,2038,0.016944993121264802,0.0
IT,M,Current Policies,2038,0.016944993121264806,0.0
IT,N,Current Policies,2038,0.016944993121262682,0.0
IT,P,Current Policies,2038,0.01694499312126503,0.0
IT,Q,Current Policies,2038,0.016944993121264823,0.0
IT,R,Current Policies,2038,0.016944993121264806,0.0
IT,S,Current Policies,2038,0.0169449931212684,0.0
IT,A,Current Policies,2039,0.016944993121276078,0.0
IT,B,Current Policies,2039,0.016944993121264833,0.0
IT,C,Current Policies,2039,0.016944993121263328,0.0
IT,D,Current Policies,2039,0.016944993121262672,0.0
IT,E,Current Policies,2039,0.016944993121264806,0.0
IT,F,Current Policies,2039,0.016944993121253586,0.0
IT,G,Current Policies,2039,0.01694499312126481,0.0
IT,H,Current Policies,2039,0.016944993121264258,0.0
IT,I,Current Policies,2039,0.016944993121264466,0.0
IT,J,Current Policies,2039,0.016944993121257437,0.0
IT,L,Current Policies,2039,0.016944993121264802,0.0
IT,M,Current Policies,2039,0.01694499312126481,0.0
IT,N,Current Policies,2039,0.016944993121262682,0.0
IT,P,Current Policies,2039,0.01694499312126503,0.0
IT,Q,Current Policies,2039,0.016944993121264823,0.0
IT,R,Current Policies,2039,0.016944993121264806,0.0
IT,S,Current Policies,2039,0.0169449931212684,0.0
IT,A,Current Policies,2040,0.016944993121276078,0.0
IT,B,Current Policies,2040,0.016944993121264823,0.0
IT,C,Current Policies,2040,0.016944993121263328,0.0
IT,D,Current Policies,2040,0.016944993121262672,0.0
IT,E,Current Policies,2040,0.016944993121264806,0.0
IT,F,Current Policies,2040,0.0169449931212536,0.0
IT,G,Current Policies,2040,0.01694499312126481,0.0
IT,H,Current Policies,2040,0.016944993121264254,0.0
IT,I,Current Policies,2040,0.016944993121264466,0.0
IT,J,Current Policies,2040,0.01694499312125744,0.0
IT,L,Current Policies,2040,0.016944993121264802,0.0
IT,M,Current Policies,2040,0.016944993121264806,0.0
IT,N,Current Policies,2040,0.016944993121262682,0.0
IT,P,Current Policies,2040,0.01694499312126503,0.0
IT,Q,Current Policies,2040,0.016944993121264823,0.0
IT,R,Current Policies,2040,0.016944993121264806,0.0
IT,S,Current Policies,2040,0.0169449931212684,0.0
IT,A,Current Policies,2041,0.016944993121276078,0.0
IT,B,Current Policies,2041,0.016944993121264833,0.0
IT,C,Current Policies,2041,0.016944993121263328,0.0
IT,D,Current Policies,2041,0.016944993121262672,0.0
IT,E,Current Policies,2041,0.016944993121264806,0.0
IT,F,Current Policies,2041,0.01694499312125359,0.0
IT,G,Current Policies,2041,0.01694499312126481,0.0
IT,H,Current Policies,2041,0.016944993121264264,0.0
IT,I,Current Policies,2041,0.016944993121264466,0.0
IT,J,Current Policies,2041,0.016944993121257437,0.0
IT,L,Current Policies,2041,0.016944993121264802,0.0
IT,M,Current Policies,2041,0.016944993121264806,0.0
IT,N,Current Policies,2041,0.016944993121262682,0.0
IT,P,Current Policies,2041,0.01694499312126503,0.0
IT,Q,Current Policies,2041,0.016944993121264823,0.0
IT,R,Current Policies,2041,0.016944993121264806,0.0
IT,S,Current Policies,2041,0.0169449931212684,0.0
IT,A,Current Policies,2042,0.016944993121276078,0.0
IT,B,Current Policies,2042,0.016944993121264833,0.0
IT,C,Current Policies,2042,0.016944993121263328,0.0
IT,D,Current Policies,2042,0.016944993121262672,0.0
IT,E,Current Policies,2042,0.016944993121264806,0.0
IT,F,Current Policies,2042,0.0169449931212536,0.0
IT,G,Current Policies,2042,0.01694499312126481,0.0
IT,H,Current Policies,2042,0.016944993121264258,0.0
IT,I,Current Policies,2042,0.016944993121264466,0.0
IT,J,Current Policies,2042,0.01694499312125744,0.0
IT,L,Current Policies,2042,0.016944993121264802,0.0
IT,M,Current Policies,2042,0.0169449931212648,0.0
IT,N,Current Policies,2042,0.016944993121262682,0.0
IT,P,Current Policies,2042,0.01694499312126503,0.0
IT,Q,Current Policies,2042,0.016944993121264823,0.0
IT,R,Current Policies,2042,0.016944993121264806,0.0
IT,S,Current Policies,2042,0.0169449931212684,0.0
IT,A,Current Policies,2043,0.016944993121276078,0.0
IT,B,Current Policies,2043,0.016944993121264833,0.0
IT,C,Current Policies,2043,0.016944993121263328,0.0
IT,D,Current Policies,2043,0.016944993121262672,0.0
IT,E,Current Policies,2043,0.016944993121264806,0.0
IT,F,Current Policies,2043,0.016944993121253586,0.0
IT,G,Current Policies,2043,0.01694499312126481,0.0
IT,H,Current Policies,2043,0.016944993121264268,0.0
IT,I,Current Policies,2043,0.016944993121264466,0.0
IT,J,Current Policies,2043,0.01694499312125744,0.0
IT,L,Current Policies,2043,0.016944993121264802,0.0
IT,M,Current Policies,2043,0.01694499312126481,0.0
IT,N,Current Policies,2043,0.016944993121262682,0.0
IT,P,Current Policies,2043,0.01694499312126503,0.0
IT,Q,Current Policies,2043,0.016944993121264823,0.0
IT,R,Current Policies,2043,0.016944993121264806,0.0
IT,S,Current Policies,2043,0.0169449931212684,0.0
IT,A,Current Policies,2044,0.016944993121276078,0.0
IT,B,Current Policies,2044,0.016944993121264833,0.0
IT,C,Current Policies,2044,0.016944993121263328,0.0
IT,D,Current Policies,2044,0.016944993121262672,0.0
IT,E,Current Policies,2044,0.016944993121264806,0.0
IT,F,Current Policies,2044,0.016944993121253586,0.0
IT,G,Current Policies,2044,0.01694499312126481,0.0
IT,H,Current Policies,2044,0.016944993121264258,0.0
IT,I,Current Policies,2044,0.016944993121264466,0.0
IT,J,Current Policies,2044,0.01694499312125744,0.0
IT,L,Current Policies,2044,0.016944993121264802,0.0
IT,M,Current Policies,2044,0.016944993121264802,0.0
IT,N,Current Policies,2044,0.016944993121262682,0.0
IT,P,Current Policies,2044,0.01694499312126503,0.0
IT,Q,Current Policies,2044,0.016944993121264823,0.0
IT,R,Current Policies,2044,0.016944993121264806,0.0
IT,S,Current Policies,2044,0.0169449931212684,0.0
IT,A,Current Policies,2045,0.016944993121276078,0.0
IT,B,Current Policies,2045,0.016944993121264833,0.0
IT,C,Current Policies,2045,0.016944993121263328,0.0
IT,D,Current Policies,2045,0.016944993121262672,0.0
IT,E,Current Policies,2045,0.016944993121264806,0.0
IT,F,Current Policies,2045,0.0169449931212536,0.0
IT,G,Current Policies,2045,0.01694499312126481,0.0
IT,H,Current Policies,2045,0.016944993121264258,0.0
IT,I,Current Policies,2045,0.016944993121264466,0.0
IT,J,Current Policies,2045,0.016944993121257437,0.0
IT,L,Current Policies,2045,0.016944993121264802,0.0
IT,M,Current Policies,2045,0.016944993121264795,0.0
IT,N,Current Policies,2045,0.016944993121262682,0.0
IT,P,Current Policies,2045,0.01694499312126503,0.0
IT,Q,Current Policies,2045,0.016944993121264823,0.0
IT,R,Current Policies,2045,0.016944993121264806,0.0
IT,S,Current Policies,2045,0.016944993121268404,0.0
IT,A,Current Policies,2046,0.016944993121276078,0.0
IT,B,Current Policies,2046,0.016944993121264833,0.0
IT,C,Current Policies,2046,0.016944993121263328,0.0
IT,D,Current Policies,2046,0.016944993121262672,0.0
IT,E,Current Policies,2046,0.016944993121264806,0.0
IT,F,Current Policies,2046,0.0169449931212536,0.0
IT,G,Current Policies,2046,0.01694499312126481,0.0
IT,H,Current Policies,2046,0.016944993121264264,0.0
IT,I,Current Policies,2046,0.016944993121264466,0.0
IT,J,Current Policies,2046,0.016944993121257437,0.0
IT,L,Current Policies,2046,0.016944993121264802,0.0
IT,M,Current Policies,2046,0.01694499312126481,0.0
IT,N,Current Policies,2046,0.016944993121262682,0.0
IT,P,Current Policies,2046,0.01694499312126503,0.0
IT,Q,Current Policies,2046,0.016944993121264823,0.0
IT,R,Current Policies,2046,0.016944993121264806,0.0
IT,S,Current Policies,2046,0.0169449931212684,0.0
IT,A,Current Policies,2047,0.016944993121276078,0.0
IT,B,Current Policies,2047,0.016944993121264833,0.0
IT,C,Current Policies,2047,0.016944993121263328,0.0
IT,D,Current Policies,2047,0.016944993121262672,0.0
IT,E,Current Policies,2047,0.016944993121264806,0.0
IT,F,Current Policies,2047,0.0169449931212536,0.0
IT,G,Current Policies,2047,0.01694499312126481,0.0
IT,H,Current Policies,2047,0.01694499312126426,0.0
IT,I,Current Policies,2047,0.016944993121264466,0.0
IT,J,Current Policies,2047,0.01694499312125744,0.0
IT,L,Current Policies,2047,0.016944993121264802,0.0
IT,M,Current Policies,2047,0.0169449931212648,0.0
IT,N,Current Policies,2047,0.016944993121262682,0.0
IT,P,Current Policies,2047,0.01694499312126503,0.0
IT,Q,Current Policies,2047,0.016944993121264823,0.0
IT,R,Current Policies,2047,0.016944993121264806,0.0
IT,S,Current Policies,2047,0.0169449931212684,0.0
IT,A,Current Policies,2048,0.016944993121276078,0.0
IT,B,Current Policies,2048,0.016944993121264833,0.0
IT,C,Current Policies,2048,0.016944993121263328,0.0
IT,D,Current Policies,2048,0.016944993121262675,0.0
IT,E,Current Policies,2048,0.016944993121264806,0.0
IT,F,Current Policies,2048,0.0169449931212536,0.0
IT,G,Current Policies,2048,0.01694499312126481,0.0
IT,H,Current Policies,2048,0.01694499312126426,0.0
IT,I,Current Policies,2048,0.016944993121264466,0.0
IT,J,Current Policies,2048,0.016944993121257437,0.0
IT,L,Current Policies,2048,0.016944993121264802,0.0
IT,M,Current Policies,2048,0.016944993121264806,0.0
IT,N,Current Policies,2048,0.016944993121262682,0.0
IT,P,Current Policies,2048,0.01694499312126503,0.0
IT,Q,Current Policies,2048,0.016944993121264823,0.0
IT,R,Current Policies,2048,0.016944993121264806,0.0
IT,S,Current Policies,2048,0.0169449931212684,0.0
IT,A,Current Policies,2049,0.01694499312127608,0.0
IT,B,Current Policies,2049,0.016944993121264833,0.0
IT,C,Current Policies,2049,0.016944993121263328,0.0
IT,D,Current Policies,2049,0.016944993121262672,0.0
IT,E,Current Policies,2049,0.016944993121264806,0.0
IT,F,Current Policies,2049,0.016944993121253586,0.0
IT,G,Current Policies,2049,0.01694499312126481,0.0
IT,H,Current Policies,2049,0.016944993121264264,0.0
IT,I,Current Policies,2049,0.016944993121264466,0.0
IT,J,Current Policies,2049,0.01694499312125744,0.0
IT,L,Current Policies,2049,0.016944993121264802,0.0
IT,M,Current Policies,2049,0.016944993121264802,0.0
IT,N,Current Policies,2049,0.016944993121262682,0.0
IT,P,Current Policies,2049,0.01694499312126501,0.0
IT,Q,Current Policies,2049,0.016944993121264806,0.0
IT,R,Current Policies,2049,0.016944993121264806,0.0
IT,S,Current Policies,2049,0.0169449931212684,0.0
IT,A,Current Policies,2050,0.016944993121276078,0.0
IT,B,Current Policies,2050,0.016944993121264833,0.0
IT,C,Current Policies,2050,0.016944993121263328,0.0
IT,D,Current Policies,2050,0.016944993121262672,0.0
IT,E,Current Policies,2050,0.01694499312126481,0.0
IT,F,Current Policies,2050,0.016944993121253586,0.0
IT,G,Current Policies,2050,0.01694499312126481,0.0
IT,H,Current Policies,2050,0.016944993121264268,0.0
IT,I,Current Policies,2050,0.016944993121264466,0.0
IT,J,Current Policies,2050,0.016944993121257433,0.0
IT,L,Current Policies,2050,0.016944993121264802,0.0
IT,M,Current Policies,2050,0.016944993121264806,0.0
IT,N,Current Policies,2050,0.016944993121262682,0.0
IT,P,Current Policies,2050,0.01694499312126501,0.0
IT,Q,Current Policies,2050,0.016944993121264806,0.0
IT,R,Current Policies,2050,0.016944993121264806,0.0
IT,S,Current Policies,2050,0.0169449931212684,0.0
IT,A,Delayed transition,2025,0.016944993121276078,0.0
IT,B,Delayed transition,2025,0.016944993121264833,0.0
IT,C,Delayed transition,2025,0.016944993121263328,0.0
IT,D,Delayed transition,2025,0.016944993121262672,0.0
IT,E,Delayed transition,2025,0.016944993121264806,0.0
IT,F,Delayed transition,2025,0.016944993121253592,0.0
IT,G,Delayed transition,2025,0.01694499312126481,0.0
IT,H,Delayed transition,2025,0.016944993121264258,0.0
IT,I,Delayed transition,2025,0.016944993121264466,0.0
IT,J,Delayed transition,2025,0.01694499312125744,0.0
IT,L,Delayed transition,2025,0.016944993121264802,0.0
IT,M,Delayed transition,2025,0.016944993121264806,0.0
IT,N,Delayed transition,2025,0.016944993121262682,0.0
IT,P,Delayed transition,2025,0.01694499312126501,0.0
IT,Q,Delayed transition,2025,0.016944993121264806,0.0
IT,R,Delayed transition,2025,0.016944993121264806,0.0
IT,S,Delayed transition,2025,0.0169449931212684,0.0
IT,A,Delayed transition,2026,0.016944993121276078,0.0
IT,B,Delayed transition,2026,0.016944993121264833,0.0
IT,C,Delayed transition,2026,0.016944993121263328,0.0
IT,D,Delayed transition,2026,0.016944993121262672,0.0
IT,E,Delayed transition,2026,0.016944993121264806,0.0
IT,F,Delayed transition,2026,0.016944993121253592,0.0
IT,G,Delayed transition,2026,0.01694499312126481,0.0
IT,H,Delayed transition,2026,0.016944993121264258,0.0
IT,I,Delayed transition,2026,0.016944993121264466,0.0
IT,J,Delayed transition,2026,0.01694499312125744,0.0
IT,L,Delayed transition,2026,0.016944993121264802,0.0
IT,M,Delayed transition,2026,0.016944993121264806,0.0
IT,N,Delayed transition,2026,0.016944993121262682,0.0
IT,P,Delayed transition,2026,0.01694499312126503,0.0
IT,Q,Delayed transition,2026,0.016944993121264823,0.0
IT,R,Delayed transition,2026,0.016944993121264806,0.0
IT,S,Delayed transition,2026,0.0169449931212684,0.0
IT,A,Delayed transition,2027,0.016944993121276078,0.0
IT,B,Delayed transition,2027,0.016944993121264833,0.0
IT,C,Delayed transition,2027,0.016944993121263328,0.0
IT,D,Delayed transition,2027,0.016944993121262672,0.0
IT,E,Delayed transition,2027,0.016944993121264806,0.0
IT,F,Delayed transition,2027,0.0169449931212536,0.0
IT,G,Delayed transition,2027,0.01694499312126481,0.0
IT,H,Delayed transition,2027,0.016944993121264258,0.0
IT,I,Delayed transition,2027,0.016944993121264466,0.0
IT,J,Delayed transition,2027,0.01694499312125744,0.0
IT,L,Delayed transition,2027,0.016944993121264802,0.0
IT,M,Delayed transition,2027,0.016944993121264806,0.0
IT,N,Delayed transition,2027,0.016944993121262682,0.0
IT,P,Delayed transition,2027,0.01694499312126503,0.0
IT,Q,Delayed transition,2027,0.016944993121264823,0.0
IT,R,Delayed transition,2027,0.016944993121264806,0.0
IT,S,Delayed transition,2027,0.0169449931212684,0.0
IT,A,Delayed transition,2028,0.016944993121276078,0.0
IT,B,Delayed transition,2028,0.016944993121264833,0.0
IT,C,Delayed transition,2028,0.016944993121263328,0.0
IT,D,Delayed transition,2028,0.016944993121262672,0.0
IT,E,Delayed transition,2028,0.016944993121264806,0.0
IT,F,Delayed transition,2028,0.0169449931212536,0.0
IT,G,Delayed transition,2028,0.01694499312126481,0.0
IT,H,Delayed transition,2028,0.01694499312126426,0.0
IT,I,Delayed transition,2028,0.016944993121264466,0.0
IT,J,Delayed transition,2028,0.01694499312125744,0.0
IT,L,Delayed transition,2028,0.016944993121264802,0.0
IT,M,Delayed transition,2028,0.016944993121264806,0.0
IT,N,Delayed transition,2028,0.016944993121262682,0.0
IT,P,Delayed transition,2028,0.01694499312126503,0.0
IT,Q,Delayed transition,2028,0.016944993121264823,0.0
IT,R,Delayed transition,2028,0.016944993121264806,0.0
IT,S,Delayed transition,2028,0.0169449931212684,0.0
IT,A,Delayed transition,2029,0.016944993121276078,0.0
IT,B,Delayed transition,2029,0.016944993121264833,0.0
IT,C,Delayed transition,2029,0.016944993121263328,0.0
IT,D,Delayed transition,2029,0.016944993121262672,0.0
IT,E,Delayed transition,2029,0.016944993121264806,0.0
IT,F,Delayed transition,2029,0.016944993121253586,0.0
IT,G,Delayed transition,2029,0.01694499312126481,0.0
IT,H,Delayed transition,2029,0.01694499312126426,0.0
IT,I,Delayed transition,2029,0.016944993121264466,0.0
IT,J,Delayed transition,2029,0.01694499312125744,0.0
IT,L,Delayed transition,2029,0.016944993121264802,0.0
IT,M,Delayed transition,2029,0.016944993121264802,0.0
IT,N,Delayed transition,2029,0.016944993121262682,0.0
IT,P,Delayed transition,2029,0.01694499312126503,0.0
IT,Q,Delayed transition,2029,0.016944993121264823,0.0
IT,R,Delayed transition,2029,0.016944993121264806,0.0
IT,S,Delayed transition,2029,0.0169449931212684,0.0
IT,A,Delayed transition,2030,0.016944993121276078,0.0
IT,B,Delayed transition,2030,0.016944993121264833,0.0
IT,C,Delayed transition,2030,0.016944993121263328,0.0
IT,D,Delayed transition,2030,0.016944993121262672,0.0
IT,E,Delayed transition,2030,0.016944993121264806,0.0
IT,F,Delayed transition,2030,0.0169449931212536,0.0
IT,G,Delayed transition,2030,0.01694499312126481,0.0
IT,H,Delayed transition,2030,0.016944993121264258,0.0
IT,I,Delayed transition,2030,0.016944993121264466,0.0
IT,J,Delayed transition,2030,0.01694499312125744,0.0
IT,L,Delayed transition,2030,0.016944993121264802,0.0
IT,M,Delayed transition,2030,0.016944993121264806,0.0
IT,N,Delayed transition,2030,0.016944993121262682,0.0
IT,P,Delayed transition,2030,0.01694499312126503,0.0
IT,Q,Delayed transition,2030,0.016944993121264823,0.0
IT,R,Delayed transition,2030,0.016944993121264806,0.0
IT,S,Delayed transition,2030,0.0169449931212684,0.0
IT,A,Delayed transition,2031,0.20351815553306668,18.657316241179057
IT,B,Delayed transition,2031,0.0201485383099846,0.3203545188719769
IT,C,Delayed transition,2031,0.018309359615968163,0.1364366494704835
IT,D,Delayed transition,2031,0.0558481962539939,3.8903203132731212
IT,E,Delayed transition,2031,0.0431482659214981,2.62032728002333
IT,F,Delayed transition,2031,0.017678669963647933,0.07336768423943442
IT,G,Delayed transition,2031,0.017996005892729577,0.10510127714647656
IT,H,Delayed transition,2031,0.027358496789240135,1.0413503667975876
IT,I,Delayed transition,2031,0.01720670135387193,0.0261708232607467
IT,J,Delayed transition,2031,0.016965286130848353,0.0020293009590914013
IT,L,Delayed transition,2031,0.01697491302753819,0.0029919906273390695
IT,M,Delayed transition,2031,0.017023893669516975,0.007890054825216986
IT,N,Delayed transition,2031,0.017193270366019565,0.024827724475688304
IT,P,Delayed transition,2031,0.017077969611236567,0.01329764899715355
IT,Q,Delayed transition,2031,0.017321977914847048,0.037698479358222535
IT,R,Delayed transition,2031,0.017237561497218605,0.02925683759538025
IT,S,Delayed transition,2031,0.017340381821394933,0.03953887001265309
IT,A,Delayed transition,2032,0.41214734859954866,39.52023554782726
IT,B,Delayed transition,2032,0.023482303413010396,0.6537310291745558
IT,C,Delayed transition,2032,0.02042204264939214,0.347704952812881
IT,D,Delayed transition,2032,0.12370149234335125,10.675649922208859
IT,E,Delayed transition,2032,0.07275516820119979,5.581017507993499
IT,F,Delayed transition,2032,0.01839428726170285,0.14492941404492488
IT,G,Delayed transition,2032,0.019137912131044564,0.21929190097797555
IT,H,Delayed transition,2032,0.039906352537421426,2.296135941615717
IT,I,Delayed transition,2032,0.01746444889274539,0.05194557714809255
IT,J,Delayed transition,2032,0.016984616064541703,0.003962294328426288
IT,L,Delayed transition,2032,0.017003463384915277,0.005847026365047732
IT,M,Delayed transition,2032,0.017103118783391557,0.01581256621267525
IT,N,Delayed transition,2032,0.017438965726174406,0.049397260491172344
IT,P,Delayed transition,2032,0.017205150157068083,0.026015703580305194
IT,Q,Delayed transition,2032,0.01768743063686185,0.07424375155970252
IT,R,Delayed transition,2032,0.01753469953489238,0.058970641362757814
IT,S,Delayed transition,2032,0.017742346557241395,0.07973534359729954
IT,A,Delayed transition,2033,0.5558640943108782,53.891910118960205
IT,B,Delayed transition,2033,0.029201595281758645,1.2256602160493815
IT,C,Delayed transition,2033,0.022042822562553282,0.5097829441289956
IT,D,Delayed transition,2033,0.15381565175396053,13.687065863269787
IT,E,Delayed transition,2033,0.09997019579551263,8.302520267424782
IT,F,Delayed transition,2033,0.019074246401834787,0.21292532805811892
IT,G,Delayed transition,2033,0.02037208859600412,0.34270954747393123
IT,H,Delayed transition,2033,0.05613983818357662,3.9194845062312353
IT,I,Delayed transition,2033,0.017716387453807533,0.07713943325430664
IT,J,Delayed transition,2033,0.017002916337612885,0.005792321635544515
IT,L,Delayed transition,2033,0.017030538730613786,0.008554560934898679
IT,M,Delayed transition,2033,0.01718284177926519,0.023784865800038756
IT,N,Delayed transition,2033,0.01768015621425237,0.0735163092989684
IT,P,Delayed transition,2033,0.01732601931088884,0.03810261896238093
IT,Q,Delayed transition,2033,0.018039209982626064,0.10942168613612416
IT,R,Delayed transition,2033,0.017834210780898602,0.08892176596337983
IT,S,Delayed transition,2033,0.01814819493733494,0.1203201816066531
IT,A,Delayed transition,2034,0.6733691494714241,65.6424156350148
IT,B,Delayed transition,2034,0.029789390826616958,1.2844397705352122
IT,C,Delayed transition,2034,0.023343196143805586,0.6398203022542263
IT,D,Delayed transition,2034,0.15972396729969165,14.277897417842897
IT,E,Delayed transition,2034,0.12122412509448979,10.427913197322496
IT,F,Delayed transition,2034,0.019700651670277545,0.27556585490239427
IT,G,Delayed transition,2034,0.021687157964604558,0.47421648433397495
IT,H,Delayed transition,2034,0.06870423138509436,5.175923826383009
IT,I,Delayed transition,2034,0.01796090510086365,0.10159119795991835
IT,J,Delayed transition,2034,0.017020147083038818,0.007515396178137892
IT,L,Delayed transition,2034,0.017056072829028907,0.01110797077641042
IT,M,Delayed transition,2034,0.01726324950686678,0.03182563856019726
IT,N,Delayed transition,2034,0.01791511270839009,0.09701195871274065
IT,P,Delayed transition,2034,0.017440236543112362,0.049524342184733075
IT,Q,Delayed transition,2034,0.018375645264341954,0.14306521430771318
IT,R,Delayed transition,2034,0.0181338060528648,0.11888129315999967
IT,S,Delayed transition,2034,0.01855507604392262,0.16100829226542157
IT,A,Delayed transition,2035,0.7462239431472819,72.92789500260058
IT,B,Delayed transition,2035,0.025052598107053833,0.8107604985789002
IT,C,Delayed transition,2035,0.024491034774378164,0.7546041653114836
IT,D,Delayed transition,2035,0.15694611173033463,14.000111860907197
IT,E,Delayed transition,2035,0.1391174149416231,12.21724218203583
IT,F,Delayed transition,2035,0.020257646726780744,0.3312653605527152
IT,G,Delayed transition,2035,0.023069525951024135,0.6124532829759329
IT,H,Delayed transition,2035,0.07907660664372887,6.21316135224646
IT,I,Delayed transition,2035,0.01819694008058928,0.12519469593248186
IT,J,Delayed transition,2035,0.01703631134162268,0.00913182203652404
IT,L,Delayed transition,2035,0.017080063109973533,0.013506998870873303
IT,M,Delayed transition,2035,0.01734457274469862,0.03995796234338153
IT,N,Delayed transition,2035,0.01814262117767324,0.1197628056410556
IT,P,Delayed transition,2035,0.01754774792990762,0.06027548086425874
IT,Q,Delayed transition,2035,0.018695909341802,0.17509162205371778
IT,R,Delayed transition,2035,0.018431556019126976,0.1486562897862169
IT,S,Delayed transition,2035,0.018960571732108654,0.20155786108402513
IT,A,Delayed transition,2036,0.8029778610483416,78.60328679270656
IT,B,Delayed transition,2036,0.02242126020376151,0.5476267082496677
IT,C,Delayed transition,2036,0.026139877852366666,0.9194884731103337
IT,D,Delayed transition,2036,0.1505131487405851,13.356815561932239
IT,E,Delayed transition,2036,0.16447974326439926,14.753475014313446
IT,F,Delayed transition,2036,0.021140994472983232,0.41960013517296313
IT,G,Delayed transition,2036,0.024817674439334123,0.7872681318069313
IT,H,Delayed transition,2036,0.09429627992402567,7.735128680276141
IT,I,Delayed transition,2036,0.01846826683307425,0.15232737118097878
IT,J,Delayed transition,2036,0.017054355616500524,0.010936249524308553
IT,L,Delayed transition,2036,0.017106885872017186,0.01618927507523858
IT,M,Delayed transition,2036,0.017443681609325336,0.04986884880605293
IT,N,Delayed transition,2036,0.01840484638207795,0.14598532608152678
IT,P,Delayed transition,2036,0.017668179689316613,0.07231865680515821
IT,Q,Delayed transition,2036,0.01905880431835227,0.21138111970874474
IT,R,Delayed transition,2036,0.01878437783220652,0.18393847109417163
IT,S,Delayed transition,2036,0.0194427661225643,0.24977730012958987
IT,A,Delayed transition,2037,0.8558663921961824,83.89213990749063
IT,B,Delayed transition,2037,0.018754981304821228,0.1809988183556395
IT,C,Delayed transition,2037,0.028027558686784988,1.1082565565521663
IT,D,Delayed transition,2037,0.1128598240934287,9.591483097216603
IT,E,Delayed transition,2037,0.19073311225151676,17.3788119130252
IT,F,Delayed transition,2037,0.02194609331158912,0.500110019033552
IT,G,Delayed transition,2037,0.026409838585105816,0.9464845463841005
IT,H,Delayed transition,2037,0.10573010700288793,8.878511388162366
IT,I,Delayed transition,2037,0.01869206982873952,0.1747076707475054
IT,J,Delayed transition,2037,0.01706883112449091,0.012383800323347162
IT,L,Delayed transition,2037,0.017128436172602315,0.018344305133751442
IT,M,Delayed transition,2037,0.017530814085244692,0.05858209639798905
IT,N,Delayed transition,2037,0.01862157493938475,0.1676581818122066
IT,P,Delayed transition,2037,0.01776511019104107,0.08201170697760378
IT,Q,Delayed transition,2037,0.01935407608500805,0.2409082963743228
IT,R,Delayed transition,2037,0.019083950986737482,0.21389578654726774
IT,S,Delayed transition,2037,0.01985383723897826,0.29088441177098623
IT,A,Delayed transition,2038,0.8909804657965888,87.40354726753128
IT,B,Delayed transition,2038,0.016944993121264833,6.37784664563591e-18
IT,C,Delayed transition,2038,0.029644908753929902,1.2699915632666572
IT,D,Delayed transition,2038,0.03319944697676708,1.625445385550441
IT,E,Delayed transition,2038,0.21179738083798622,19.485238771672144
IT,F,Delayed transition,2038,0.02264888401350207,0.5703890892248464
IT,G,Delayed transition,2038,0.027736506413111588,1.079151329184678
IT,H,Delayed transition,2038,0.11643281639262305,9.94878232713588
IT,I,Delayed transition,2038,0.018865639372048347,0.19206462507838842
IT,J,Delayed transition,2038,0.017079816431459754,0.013482331020231452
IT,L,Delayed transition,2038,0.0171448099256305,0.019981680436569997
IT,M,Delayed transition,2038,0.017602165518831685,0.06571723975668825
IT,N,Delayed transition,2038,0.018789848560880645,0.18448554396179626
IT,P,Delayed transition,2038,0.017838858518044575,0.0893865396779544
IT,Q,Delayed transition,2038,0.019580644317429306,0.26356511961644813
IT,R,Delayed transition,2038,0.019321589403415603,0.2376596282150794
IT,S,Delayed transition,2038,0.02018113790012914,0.3236144778860739
IT,A,Delayed transition,2039,0.9167096471128782,89.9764653991602
IT,B,Delayed transition,2039,0.016944993121264833,1.2727069887920656e-17
IT,C,Delayed transition,2039,0.03143321880257215,1.4488225681308822
IT,D,Delayed transition,2039,0.016944993121262672,6.741431387113087e-19
IT,E,Delayed transition,2039,0.22403437977537835,20.708938665411353
IT,F,Delayed transition,2039,0.023229158937912577,0.6284165816658992
IT,G,Delayed transition,2039,0.028706177202507115,1.1761184081242304
IT,H,Delayed transition,2039,0.12653216099795273,10.958716787668846
IT,I,Delayed transition,2039,0.01898727325173854,0.20422801304740773
IT,J,Delayed transition,2039,0.01708739421537638,0.014240109411893881
IT,L,Delayed transition,2039,0.017156114564618005,0.021112144335320205
IT,M,Delayed transition,2039,0.017654266470466164,0.07092733492013584
IT,N,Delayed transition,2039,0.01890783720722032,0.19628440859576374
IT,P,Delayed transition,2039,0.017889825934716806,0.09448328134517743
IT,Q,Delayed transition,2039,0.0197381949653228,0.27932018440579753
IT,R,Delayed transition,2039,0.0194908601226588,0.2545867001393997
IT,S,Delayed transition,2039,0.020415002989887288,0.347000986861889
IT,A,Delayed transition,2040,0.9495073445056769,93.25623513844009
IT,B,Delayed transition,2040,0.016944993121264833,1.2124327991550011e-15
IT,C,Delayed transition,2040,0.03287846013454753,1.5933467013284206
IT,D,Delayed transition,2040,0.016944993121262672,-4.4766661361432786e-17
IT,E,Delayed transition,2040,0.23220932318991766,21.526433006865282
IT,F,Delayed transition,2040,0.02367232188478314,0.6727328763529539
IT,G,Delayed transition,2040,0.029270117012225944,1.2325123890961136
IT,H,Delayed transition,2040,0.13673745985254615,11.97924667312819
IT,I,Delayed transition,2040,0.019056482182595758,0.21114890613312937
IT,J,Delayed transition,2040,0.017091662868738304,0.014666974748086252
IT,L,Delayed transition,2040,0.017162486152849946,0.02174930315851509
IT,M,Delayed transition,2040,0.017684707789584073,0.07397146683192665
IT,N,Delayed transition,2040,0.01897498752391241,0.20299944026497263
IT,P,Delayed transition,2040,0.017918570644951348,0.09735775236863163
IT,Q,Delayed transition,2040,0.01982740085572921,0.28824077344643906
IT,R,Delayed transition,2040,0.019588172157649957,0.26431790363851526
IT,S,Delayed transition,2040,0.02054974716307022,0.36047540418018176
IT,A,Delayed transition,2041,0.9704929137210923,95.35479205998163
IT,B,Delayed transition,2041,0.01694499312126482,-1.2408297808965737e-15
IT,C,Delayed transition,2041,0.03412981100457988,1.7184817883316557
IT,D,Delayed transition,2041,0.016944993121262672,-2.5066309637875088e-16
IT,E,Delayed transition,2041,0.24372217878411617,22.677718566285137
IT,F,Delayed transition,2041,0.02423089574054563,0.7285902619292037
IT,G,Delayed transition,2041,0.0307387960912937,1.3793802970028894
IT,H,Delayed transition,2041,0.15132800033202215,13.438300721075787
IT,I,Delayed transition,2041,0.019232395880380896,0.2287402759116431
IT,J,Delayed transition,2041,0.017102376286448707,0.015738316519127018
IT,L,Delayed transition,2041,0.01717848882012922,0.023349569886442063
IT,M,Delayed transition,2041,0.017764720563536476,0.08197274422716706
IT,N,Delayed transition,2041,0.019145689883979092,0.22006967627164054
IT,P,Delayed transition,2041,0.017990822317773894,0.10458291965088629
IT,Q,Delayed transition,2041,0.020052742806961423,0.3107749685696599
IT,R,Delayed transition,2041,0.019838734961731688,0.2893741840466883
IT,S,Delayed transition,2041,0.020897789977218275,0.3952796855949867
IT,A,Delayed transition,2042,0.9764350341238487,95.94900410025727
IT,B,Delayed transition,2042,0.016944993121264833,1.4128019545288932e-17
IT,C,Delayed transition,2042,0.034326134788170384,1.7381141666907056
IT,D,Delayed transition,2042,0.016944993121262672,2.6876735659531426e-17
IT,E,Delayed transition,2042,0.2456239781280283,22.867898500676347
IT,F,Delayed transition,2042,0.024319342651381373,0.7374349530127775
IT,G,Delayed transition,2042,0.03129252278276959,1.4347529661504785
IT,H,Delayed transition,2042,0.1595790984843861,14.263410536312183
IT,I,Delayed transition,2042,0.019297222550088765,0.23522294288243012
IT,J,Delayed transition,2042,0.01710627611422296,0.016128299296552406
IT,L,Delayed transition,2042,0.017184318041233493,0.0239324919968692
IT,M,Delayed transition,2042,0.017795161319763792,0.0850168198498994
IT,N,Delayed transition,2042,0.019208594676676398,0.2263601555413715
IT,P,Delayed transition,2042,0.01801716144412143,0.10721683228563997
IT,Q,Delayed transition,2042,0.020135288731360685,0.31902956100958607
IT,R,Delayed transition,2042,0.01993222024029286,0.29872271190280536
IT,S,Delayed transition,2042,0.02102808688373859,0.40830937624701896
IT,A,Delayed transition,2043,0.9769887037100855,96.00437105888095
IT,B,Delayed transition,2043,0.016944993121264823,-1.1756537490090568e-15
IT,C,Delayed transition,2043,0.03351535045562754,1.6570357334364207
IT,D,Delayed transition,2043,0.016944993121262672,-4.007440374189417e-17
IT,E,Delayed transition,2043,0.23799317505171005,22.10481819304453
IT,F,Delayed transition,2043,0.023946802655290828,0.7001809534037241
IT,G,Delayed transition,2043,0.030910856028401268,1.3965862907136464
IT,H,Delayed transition,2043,0.16457491838044697,14.762992525918268
IT,I,Delayed transition,2043,0.01925262425071679,0.23076311294523283
IT,J,Delayed transition,2043,0.017103595923937415,0.015860280267997507
IT,L,Delayed transition,2043,0.017180311626763502,0.02353185054987047
IT,M,Delayed transition,2043,0.017774164298425616,0.08291711771608101
IT,N,Delayed transition,2043,0.019165318973376772,0.22203258521140914
IT,P,Delayed transition,2043,0.01799905744060229,0.10540643193372584
IT,Q,Delayed transition,2043,0.02007852851663876,0.3133535395373939
IT,R,Delayed transition,2043,0.019867840066943303,0.2922846945678498
IT,S,Delayed transition,2043,0.02093832856703127,0.39933354457628684
IT,A,Delayed transition,2044,0.9814466115606605,96.45016184393843
IT,B,Delayed transition,2044,0.016944993121264833,4.087575159287485e-17
IT,C,Delayed transition,2044,0.031118938627309172,1.4173945506045842
IT,D,Delayed transition,2044,0.016944993121262672,-9.062542895420463e-18
IT,E,Delayed transition,2044,0.22284184722147612,20.58968541002113
IT,F,Delayed transition,2044,0.02316192815864003,0.6216935037386443
IT,G,Delayed transition,2044,0.029663361788269695,1.2718368667004887
IT,H,Delayed transition,2044,0.16624173339636852,14.929674027510428
IT,I,Delayed transition,2044,0.019104171180920976,0.2159178059656515
IT,J,Delayed transition,2044,0.017094586387209544,0.014959326595209937
IT,L,Delayed transition,2044,0.017166851412720313,0.02218582914555117
IT,M,Delayed transition,2044,0.017706023812582856,0.07610306913180533
IT,N,Delayed transition,2044,0.01902126209603071,0.2076268974768025
IT,P,Delayed transition,2044,0.01793827155766175,0.09932784363967176
IT,Q,Delayed transition,2044,0.019888686395355137,0.2943693274090312
IT,R,Delayed transition,2044,0.01965564383467237,0.2710650713407569
IT,S,Delayed transition,2044,0.020643307787528636,0.3698314666260233
IT,A,Delayed transition,2045,0.9817615801826027,96.48165870613266
IT,B,Delayed transition,2045,0.016944993121264833,1.642176435716331e-17
IT,C,Delayed transition,2045,0.028118690730187756,1.1173697608924427
IT,D,Delayed transition,2045,0.016944993121262672,-1.0405998676637338e-17
IT,E,Delayed transition,2045,0.1948576487794814,17.79126556582166
IT,F,Delayed transition,2045,0.022046629768174248,0.5101636646920646
IT,G,Delayed transition,2045,0.027697872363445977,1.0752879242181168
IT,H,Delayed transition,2045,0.1650515915762282,14.810659845496396
IT,I,Delayed transition,2045,0.01886071333803779,0.19157202167733287
IT,J,Delayed transition,2045,0.017079507475660283,0.013451435440284919
IT,L,Delayed transition,2045,0.017144349192143887,0.01993560708790852
IT,M,Delayed transition,2045,0.017600092550759807,0.065509942949501
IT,N,Delayed transition,2045,0.018785071110659926,0.18400779893972424
IT,P,Delayed transition,2045,0.017836782158549988,0.0891789037284957
IT,Q,Delayed transition,2045,0.019574242681692174,0.2629249560427349
IT,R,Delayed transition,2045,0.019314781502638174,0.23697883813733667
IT,S,Delayed transition,2045,0.020171745201600637,0.3226752080332233
IT,A,Delayed transition,2046,0.9829018403392957,96.59568472180197
IT,B,Delayed transition,2046,0.016944993121264823,-1.1698338370821175e-15
IT,C,Delayed transition,2046,0.025681902152839234,0.8736909031575908
IT,D,Delayed transition,2046,0.016944993121262672,-2.0001611289677326e-17
IT,E,Delayed transition,2046,0.16346672892197217,14.652173580070738
IT,F,Delayed transition,2046,0.021103867528596467,0.4158874407342864
IT,G,Delayed transition,2046,0.02818800562185022,1.1243012500585408
IT,H,Delayed transition,2046,0.17666194782527153,15.971695470400727
IT,I,Delayed transition,2046,0.018922730975905064,0.1977737854640601
IT,J,Delayed transition,2046,0.01708338537557393,0.013839225431648998
IT,L,Delayed transition,2046,0.01715013311988098,0.020513999861618164
IT,M,Delayed transition,2046,0.01762640011174208,0.06814069904772752
IT,N,Delayed transition,2046,0.018845223959998814,0.19002308387361327
IT,P,Delayed transition,2046,0.017862853211766744,0.09178600905017134
IT,Q,Delayed transition,2046,0.019654717960524003,0.2709724839259178
IT,R,Delayed transition,2046,0.019400760900560962,0.24557677792961594
IT,S,Delayed transition,2046,0.020290442347830232,0.33454492265618285
IT,A,Delayed transition,2047,0.9835881416571859,96.664314853591
IT,B,Delayed transition,2047,0.016944993121264833,3.2169634202755776e-17
IT,C,Delayed transition,2047,0.02202803302564918,0.5083039904385852
IT,D,Delayed transition,2047,0.016944993121262672,-2.2875527271868167e-16
IT,E,Delayed transition,2047,0.10896928210724713,9.20242889859823
IT,F,Delayed transition,2047,0.019311865719086177,0.23668725978325766
IT,G,Delayed transition,2047,0.02696679632160312,1.0021803200338313
IT,H,Delayed transition,2047,0.17766922055808532,16.072422743682104
IT,I,Delayed transition,2047,0.018766124356213974,0.18211312349495096
IT,J,Delayed transition,2047,0.017073543236930944,0.012855011567350163
IT,L,Delayed transition,2047,0.01713545757780956,0.01904644565447575
IT,M,Delayed transition,2047,0.017560835799347196,0.061584267808239807
IT,N,Delayed transition,2047,0.01869335343205244,0.17483603107897577
IT,P,Delayed transition,2047,0.01779672433870884,0.08517312174438073
IT,Q,Delayed transition,2047,0.019450997549867465,0.2506004428602641
IT,R,Delayed transition,2047,0.019184776184240544,0.22397830629757332
IT,S,Delayed transition,2047,0.019992565401646387,0.30475722803779814
IT,A,Delayed transition,2048,0.9840072001682278,96.70622070469518
IT,B,Delayed transition,2048,0.016944993121264833,2.4381529267426687e-17
IT,C,Delayed transition,2048,0.017175641153012386,0.02306480317490594
IT,D,Delayed transition,2048,0.016944993121262672,-2.565511730350249e-16
IT,E,Delayed transition,2048,0.020391787226841068,0.3446794105576264
IT,F,Delayed transition,2048,0.017140655859104688,0.019566273785109042
IT,G,Delayed transition,2048,0.024428539566129587,0.7483546444864785
IT,H,Delayed transition,2048,0.16603701701824156,14.909202389697729
IT,I,Delayed transition,2048,0.018410366665610838,0.1465373544346372
IT,J,Delayed transition,2048,0.017050551563112522,0.010555844185508326
IT,L,Delayed transition,2048,0.017101227430103207,0.01562343088384023
IT,M,Delayed transition,2048,0.01742196702330376,0.047697390203895844
IT,N,Delayed transition,2048,0.018348834382986817,0.14038412617241355
IT,P,Delayed transition,2048,0.017642754007839153,0.06977608865741218
IT,Q,Delayed transition,2048,0.018981824065012545,0.20368309437477217
IT,R,Delayed transition,2048,0.018708134148604585,0.1763141027339779
IT,S,Delayed transition,2048,0.019338396196141944,0.23934030748735424
IT,A,Delayed transition,2049,0.9842115931709722,96.7266600049696
IT,B,Delayed transition,2049,0.016944993121264823,-1.212306167155883e-15
IT,C,Delayed transition,2049,0.016944993121263328,-1.420326017529102e-18
IT,D,Delayed transition,2049,0.016944993121262672,-1.0983202956769617e-17
IT,E,Delayed transition,2049,0.016944993121264806,-3.345478570730893e-17
IT,F,Delayed transition,2049,0.0169449931212536,1.4326161898083223e-15
IT,G,Delayed transition,2049,0.021283132242720104,0.4338139121455295
IT,H,Delayed transition,2049,0.1455259354191838,12.85809422979195
IT,I,Delayed transition,2049,0.01788803995357686,0.09430468323123958
IT,J,Delayed transition,2049,0.017015065314016753,0.007007219275930853
IT,L,Delayed transition,2049,0.01704853802778538,0.010354490652057824
IT,M,Delayed transition,2049,0.017238921522169194,0.029392840090438972
IT,N,Delayed transition,2049,0.017845013832472896,0.09000207112102149
IT,P,Delayed transition,2049,0.017406509513526344,0.04615163922613331
IT,Q,Delayed transition,2049,0.01827589272299682,0.13308996017320138
IT,R,Delayed transition,2049,0.018043594385091944,0.10986012638271446
IT,S,Delayed transition,2049,0.018432449398611234,0.148745627734283
IT,A,Delayed transition,2050,0.9843926753988286,96.74476822775524
IT,B,Delayed transition,2050,0.016944993121264833,1.5689840336396812e-19
IT,C,Delayed transition,2050,0.016944993121263328,4.1402122273361123e-17
IT,D,Delayed transition,2050,0.01694499312126268,2.9453732972583805e-17
IT,E,Delayed transition,2050,0.016944993121264806,4.0270920667649876e-17
IT,F,Delayed transition,2050,0.016944993121253586,-2.3279539699064916e-17
IT,G,Delayed transition,2050,0.018135395289971094,0.1190402168706289
IT,H,Delayed transition,2050,0.11313222612025112,9.618723299898683
IT,I,Delayed transition,2050,0.01723958786159837,0.02945947403339039
IT,J,Delayed transition,2050,0.016967787917022015,0.0022794795764582544
IT,L,Delayed transition,2050,0.01697860538943059,0.0033612268165785146
IT,M,Delayed transition,2050,0.01703390138392787,0.008890826266306143
IT,N,Delayed transition,2050,0.017224556063075037,0.027956294181235304
IT,P,Delayed transition,2050,0.017094401706442646,0.01494085851776357
IT,Q,Delayed transition,2050,0.01736892545093934,0.04239323296745335
IT,R,Delayed transition,2050,0.017274966501368838,0.03299733801040324
IT,S,Delayed transition,2050,0.01739095514060575,0.04459620193373434
IT,A,Fragmented World,2025,0.016944993121276078,0.0
IT,B,Fragmented World,2025,0.016944993121264833,0.0
IT,C,Fragmented World,2025,0.016944993121263328,0.0
IT,D,Fragmented World,2025,0.016944993121262672,0.0
IT,E,Fragmented World,2025,0.016944993121264806,0.0
IT,F,Fragmented World,2025,0.016944993121253592,0.0
IT,G,Fragmented World,2025,0.01694499312126481,0.0
IT,H,Fragmented World,2025,0.016944993121264258,0.0
IT,I,Fragmented World,2025,0.016944993121264466,0.0
IT,J,Fragmented World,2025,0.01694499312125744,0.0
IT,L,Fragmented World,2025,0.016944993121264802,0.0
IT,M,Fragmented World,2025,0.016944993121264806,0.0
IT,N,Fragmented World,2025,0.016944993121262682,0.0
IT,P,Fragmented World,2025,0.01694499312126501,0.0
IT,Q,Fragmented World,2025,0.016944993121264806,0.0
IT,R,Fragmented World,2025,0.016944993121264806,0.0
IT,S,Fragmented World,2025,0.0169449931212684,0.0
IT,A,Fragmented World,2026,0.016974846942363578,0.002985382108749645
IT,B,Fragmented World,2026,0.016947150849030156,0.00021577277653221392
IT,C,Fragmented World,2026,0.016945727320374634,7.341991113065696e-05
IT,D,Fragmented World,2026,0.016950128863813953,0.0005135742551278657
IT,E,Fragmented World,2026,0.016951725323121107,0.0006732201856300055
IT,F,Fragmented World,2026,0.01694549419876716,5.010775135677595e-05
IT,G,Fragmented World,2026,0.01694569036456312,6.97243298312384e-05
IT,H,Fragmented World,2026,0.01695023658949266,0.0005243468228397247
IT,I,Fragmented World,2026,0.01694517501075675,1.818894922861311e-05
IT,J,Fragmented World,2026,0.01694500746716391,1.4345906469766556e-06
IT,L,Fragmented World,2026,0.016945014253785744,2.1132520941925766e-06
IT,M,Fragmented World,2026,0.016945047600786054,5.447952124827847e-06
IT,N,Fragmented World,2026,0.016945165238702615,1.7211743993013368e-05
IT,P,Fragmented World,2026,0.016945086931920376,9.381065534455613e-06
IT,Q,Fragmented World,2026,0.016945257232660774,2.6411139595352007e-05
IT,R,Fragmented World,2026,0.016945193385841342,2.0026457654070786e-05
IT,S,Fragmented World,2026,0.01694526369292504,2.7057165663879515e-05
IT,A,Fragmented World,2027,0.01700369987854852,0.005870675727243905
IT,B,Fragmented World,2027,0.016949073255562778,0.0004080134297944471
IT,C,Fragmented World,2027,0.016946400059295513,0.0001406938032186616
IT,D,Fragmented World,2027,0.016954642009658807,0.0009648888396132708
IT,E,Fragmented World,2027,0.016957955518918523,0.0012962397653713306
IT,F,Fragmented World,2027,0.016945957332472023,9.642112184196778e-05
IT,G,Fragmented World,2027,0.01694632933973789,0.00013362184730839565
IT,H,Fragmented World,2027,0.01695507145802608,0.0010078336761821772
IT,I,Fragmented World,2027,0.016945341690035837,3.485687713717319e-05
IT,J,Fragmented World,2027,0.016945020613115924,2.7491858483192075e-06
IT,L,Fragmented World,2027,0.016945033618713582,4.0497448781021055e-06
IT,M,Fragmented World,2027,0.016945097524879448,1.0440361464201412e-05
IT,N,Fragmented World,2027,0.01694532296364601,3.2984238332276896e-05
IT,P,Fragmented World,2027,0.016945172896084486,1.7977481945458118e-05
IT,Q,Fragmented World,2027,0.01694549925558245,5.0613431762646894e-05
IT,R,Fragmented World,2027,0.016945376907290213,3.837860254068862e-05
IT,S,Fragmented World,2027,0.016945511643481022,5.1852221261698787e-05
IT,A,Fragmented World,2028,0.017031740453070043,0.008674733179395828
IT,B,Fragmented World,2028,0.016950781435741417,0.0005788314476582146
IT,C,Fragmented World,2028,0.016947017691830397,0.00020245705670652114
IT,D,Fragmented World,2028,0.01695858315480831,0.0013590033545638216
IT,E,Fragmented World,2028,0.016963738167155573,0.0018745045890767344
IT,F,Fragmented World,2028,0.016946386699506058,0.00013935782524582567
IT,G,Fragmented World,2028,0.016946916103868996,0.00019229826041895526
IT,H,Fragmented World,2028,0.016959541585291255,0.0014548464026992638
IT,I,Fragmented World,2028,0.01694549474156401,5.016202995454471e-05
IT,J,Fragmented World,2028,0.016945032683996906,3.956273946749181e-06
IT,L,Fragmented World,2028,0.016945051400004702,5.8278739900860895e-06
IT,M,Fragmented World,2028,0.01694514336744419,1.5024617938282297e-05
IT,N,Fragmented World,2028,0.01694546779340656,4.746721438773835e-05
IT,P,Fragmented World,2028,0.016945251830336013,2.587090709819939e-05
IT,Q,Fragmented World,2028,0.016945721488453212,7.283671883886543e-05
IT,R,Fragmented World,2028,0.016945545427060033,5.5230579522788195e-05
IT,S,Fragmented World,2028,0.016945739325744367,7.462044759640937e-05
IT,A,Fragmented World,2029,0.017059147952144946,0.011415483086886611
IT,B,Fragmented World,2029,0.016952293717316956,0.0007300596052122292
IT,C,Fragmented World,2029,0.016947585860159747,0.00025927388964190514
IT,D,Fragmented World,2029,0.016961996054542194,0.001700293327951884
IT,E,Fragmented World,2029,0.016969122171709164,0.0024129050444356274
IT,F,Fragmented World,2029,0.01694678603733215,0.00017929160785621644
IT,G,Fragmented World,2029,0.016947456033987788,0.00024629127229817277
IT,H,Fragmented World,2029,0.016963686157865823,0.0018693036601562265
IT,I,Fragmented World,2029,0.016945635569901172,6.424486367071179e-05
IT,J,Fragmented World,2029,0.01694504379064357,5.06693861337727e-06
IT,L,Fragmented World,2029,0.016945067760924845,7.463966004642382e-06
IT,M,Fragmented World,2029,0.016945185549111022,1.9242784621937602e-05
IT,N,Fragmented World,2029,0.01694560105698107,6.0793571838765236e-05
IT,P,Fragmented World,2029,0.016945324459411767,3.313381467355547e-05
IT,Q,Fragmented World,2029,0.016945925971243222,9.328499783969036e-05
IT,R,Fragmented World,2029,0.016945700490910938,7.07369646133057e-05
IT,S,Fragmented World,2029,0.016945948828136714,9.557068683125037e-05
IT,A,Fragmented World,2030,0.0170860941608556,0.01411010395795171
IT,B,Fragmented World,2030,0.016953625915745736,0.0008632794480905326
IT,C,Fragmented World,2030,0.01694810956835918,0.00031164470958504705
IT,D,Fragmented World,2030,0.016964918149075178,0.0019925027812502994
IT,E,Fragmented World,2030,0.016974151459283316,0.0029158338018511424
IT,F,Fragmented World,2030,0.016947158691951653,0.00021655706980521394
IT,G,Fragmented World,2030,0.016947953898202972,0.0002960776938164944
IT,H,Fragmented World,2030,0.01696754018473908,0.002254706347481805
IT,I,Fragmented World,2030,0.016945765420362906,7.722990984433193e-05
IT,J,Fragmented World,2030,0.016945054031320662,6.091006322548347e-06
IT,L,Fragmented World,2030,0.016945082846221374,8.97249565753677e-06
IT,M,Fragmented World,2030,0.01694522444282722,2.313215624195943e-05
IT,N,Fragmented World,2030,0.016945723932699337,7.308114366549159e-05
IT,P,Fragmented World,2030,0.016945391425847875,3.983045828437337e-05
IT,Q,Fragmented World,2030,0.016946114512589035,0.00011213913242128213
IT,R,Fragmented World,2030,0.016945843469418874,8.503481540655307e-05
IT,S,Fragmented World,2030,0.016946142002395553,0.00011488811271504745
IT,A,Fragmented World,2031,0.14010748642733492,12.316249330605885
IT,B,Fragmented World,2031,0.019302454088635925,0.23574609673710925
IT,C,Fragmented World,2031,0.01786230689582897,0.09173137745656434
IT,D,Fragmented World,2031,0.03791051973894007,2.0965526617677406
IT,E,Fragmented World,2031,0.03401396214876415,1.706896902749935
IT,F,Fragmented World,2031,0.017482074035914758,0.053708091466116874
IT,G,Fragmented World,2031,0.01770177819167742,0.07567850704126124
IT,H,Fragmented World,2031,0.024301083207349982,0.7356090086085721
IT,I,Fragmented World,2031,0.01713591081872501,0.01909176974605464
IT,J,Fragmented World,2031,0.016959864817955337,0.00148716966978995
IT,L,Fragmented World,2031,0.01696691459032958,0.0021921469064778627
IT,M,Fragmented World,2031,0.0170024320958308,0.005743897456599347
IT,N,Fragmented World,2031,0.017125990440426654,0.018099731916397476
IT,P,Fragmented World,2031,0.017042390517223307,0.009739739595827565
IT,Q,Fragmented World,2031,0.01722060015291903,0.02756070316542065
IT,R,Fragmented World,2031,0.017157536911759776,0.021254379049497518
IT,S,Fragmented World,2031,0.017232205582621417,0.028721246135301488
IT,A,Fragmented World,2032,0.3056547017114705,28.870970859019447
IT,B,Fragmented World,2032,0.02192390095767247,0.49789078364076406
IT,C,Fragmented World,2032,0.01925386546222848,0.23088723409651538
IT,D,Fragmented World,2032,0.09844143203544592,8.149643891418325
IT,E,Fragmented World,2032,0.05647516465138291,3.953017153011809
IT,F,Fragmented World,2032,0.01799185817827429,0.10468650570206894
IT,G,Fragmented World,2032,0.018471666926392388,0.15266738051275824
IT,H,Fragmented World,2032,0.03269689275681893,1.5751899635554671
IT,I,Fragmented World,2032,0.017317249457056254,0.03722563357917897
IT,J,Fragmented World,2032,0.01697365429524983,0.0028661173992391466
IT,L,Fragmented World,2032,0.016987266757666833,0.0042273636402033205
IT,M,Fragmented World,2032,0.017057641237709597,0.011264811644479254
IT,N,Fragmented World,2032,0.017298511725788685,0.03535186045260009
IT,P,Fragmented World,2032,0.017132965938049638,0.018797281678460676
IT,Q,Fragmented World,2032,0.017479420278895694,0.05344271576308718
IT,R,Fragmented World,2032,0.017363881900385642,0.04188887791208391
IT,S,Fragmented World,2032,0.017511201726739617,0.05662086054712123
IT,A,Fragmented World,2033,0.4318693239081987,41.49243307869225
IT,B,Fragmented World,2033,0.02451745454844604,0.7572461427181207
IT,C,Fragmented World,2033,0.02065682850693925,0.3711835385675923
IT,D,Fragmented World,2033,0.14021812018411245,12.327312706284975
IT,E,Fragmented World,2033,0.07619876195144774,5.925376883018293
IT,F,Fragmented World,2033,0.01846721417097153,0.1522221049717932
IT,G,Fragmented World,2033,0.019251362892686565,0.2306369771421759
IT,H,Fragmented World,2033,0.04246403374389016,2.5519040622625915
IT,I,Fragmented World,2033,0.017488678915727633,0.05436857944631665
IT,J,Fragmented World,2033,0.016986401065223335,0.004140794396589341
IT,L,Fragmented World,2033,0.017006102334246345,0.00611092129815455
IT,M,Fragmented World,2033,0.01711067394562182,0.016568082435701726
IT,N,Fragmented World,2033,0.017462119358195194,0.05171262369325117
IT,P,Fragmented World,2033,0.017216919847802714,0.02719267265376829
IT,Q,Fragmented World,2033,0.017721493842419087,0.07765007211542649
IT,R,Fragmented World,2033,0.01756310885031858,0.061811572905377525
IT,S,Fragmented World,2033,0.017780809170393253,0.08358160491248504
IT,A,Fragmented World,2034,0.5249666129637811,50.80216198425052
IT,B,Fragmented World,2034,0.029943895114693267,1.2998901993428431
IT,C,Fragmented World,2034,0.021731923296660398,0.4786930175397071
IT,D,Fragmented World,2034,0.15984392225098173,14.289892912971908
IT,E,Fragmented World,2034,0.09378132407762384,7.683633095635904
IT,F,Fragmented World,2034,0.018899049478842477,0.19540563575888772
IT,G,Fragmented World,2034,0.020031077173510138,0.30860840522453303
IT,H,Fragmented World,2034,0.053260817744568305,3.6315824623304036
IT,I,Fragmented World,2034,0.01764920799750669,0.07042148762422237
IT,J,Fragmented World,2034,0.01699809209483727,0.005309897357983159
IT,L,Fragmented World,2034,0.017023396889757,0.007840376849219757
IT,M,Fragmented World,2034,0.017161312336994358,0.021631921572955005
IT,N,Fragmented World,2034,0.01761574896357087,0.06707558423081854
IT,P,Fragmented World,2034,0.017294112535859153,0.034911941459412135
IT,Q,Fragmented World,2034,0.017945924340011132,0.10009312187463093
IT,R,Fragmented World,2034,0.017753447962973585,0.08084548417087746
IT,S,Fragmented World,2034,0.018038677594958186,0.10936844736897816
IT,A,Fragmented World,2035,0.6086137037325396,59.16687106112636
IT,B,Fragmented World,2035,0.0312349248537902,1.428993173252537
IT,C,Fragmented World,2035,0.022582682274287252,0.5637689153023926
IT,D,Fragmented World,2035,0.1686483355917724,15.170334247050974
IT,E,Fragmented World,2035,0.10777217610377544,9.082718298251063
IT,F,Fragmented World,2035,0.019279535837449676,0.23345427161960836
IT,G,Fragmented World,2035,0.020798907429251962,0.38539143079871524
IT,H,Fragmented World,2035,0.06280934392029529,4.586435079903102
IT,I,Fragmented World,2035,0.017798147155173697,0.08531540339092325
IT,J,Fragmented World,2035,0.01700873449065736,0.006374136939992002
IT,L,Fragmented World,2035,0.017039156123532684,0.009416300226788368
IT,M,Fragmented World,2035,0.01720935014826583,0.026435702700102322
IT,N,Fragmented World,2035,0.01775862913584231,0.0813636014579627
IT,P,Fragmented World,2035,0.017364541326585672,0.04195482053206412
IT,Q,Fragmented World,2035,0.018152242397631614,0.12072492763667879
IT,R,Fragmented World,2035,0.017933396780698677,0.09884036594338728
IT,S,Fragmented World,2035,0.018282786867588538,0.13377937463201334
IT,A,Fragmented World,2036,0.6837194268744637,66.67744337531876
IT,B,Fragmented World,2036,0.032229264217242905,1.528427109597807
IT,C,Fragmented World,2036,0.0233637981374368,0.6418805016173471
IT,D,Fragmented World,2036,0.17928609966838735,16.23411065471247
IT,E,Fragmented World,2036,0.12001402644340367,10.30690333221389
IT,F,Fragmented World,2036,0.019662226838494765,0.271723371724116
IT,G,Fragmented World,2036,0.021618510461360835,0.46735173400960306
IT,H,Fragmented World,2036,0.07126060088457552,5.431560776331125
IT,I,Fragmented World,2036,0.01794865557378441,0.10036624525199438
IT,J,Fragmented World,2036,0.017019295861008303,0.007430273975086662
IT,L,Fragmented World,2036,0.017054810467734185,0.010981734646938291
IT,M,Fragmented World,2036,0.01725913605669618,0.03141429354313774
IT,N,Fragmented World,2036,0.01790332353780484,0.09583304165421568
IT,P,Fragmented World,2036,0.017434584669748204,0.04895915484831731
IT,Q,Fragmented World,2036,0.01835890520713364,0.14139120858688167
IT,R,Fragmented World,2036,0.01811858449453332,0.11735913732685146
IT,S,Fragmented World,2036,0.018534377994185284,0.15893848729168822
IT,A,Fragmented World,2037,0.7414608539244835,72.45158608032074
IT,B,Fragmented World,2037,0.03202940920611802,1.508441608485319
IT,C,Fragmented World,2037,0.02398556962302822,0.7040576501764894
IT,D,Fragmented World,2037,0.1881833503499304,17.12383572286677
IT,E,Fragmented World,2037,0.13005182444907834,11.310683132781353
IT,F,Fragmented World,2037,0.01997811288918665,0.3033119767933051
IT,G,Fragmented World,2037,0.022390895840341516,0.5445902719076711
IT,H,Fragmented World,2037,0.07757666877628486,6.063167565502061
IT,I,Fragmented World,2037,0.018083539272820554,0.11385461515560893
IT,J,Fragmented World,2037,0.017028601233878265,0.008360811262083006
IT,L,Fragmented World,2037,0.01706861566737606,0.012362254611125592
IT,M,Fragmented World,2037,0.017304991948855986,0.03599988275911806
IT,N,Fragmented World,2037,0.0180332379488044,0.10882448275417181
IT,P,Fragmented World,2037,0.017496422702108973,0.05514295808439415
IT,Q,Fragmented World,2037,0.018542583172345094,0.15975900510802735
IT,R,Fragmented World,2037,0.01828744595321099,0.13424528319461815
IT,S,Fragmented World,2037,0.018764161472217565,0.18191683509491643
IT,A,Fragmented World,2038,0.7743796798425313,75.74346867212553
IT,B,Fragmented World,2038,0.030730369575250376,1.3785376453985543
IT,C,Fragmented World,2038,0.024519211616880553,0.7574218495617222
IT,D,Fragmented World,2038,0.19240791083225167,17.5462917710989
IT,E,Fragmented World,2038,0.13802194433953205,12.107695121826723
IT,F,Fragmented World,2038,0.02022205862027901,0.3277065499025407
IT,G,Fragmented World,2038,0.023103134255539226,0.6158141134274417
IT,H,Fragmented World,2038,0.08426732746230844,6.732233434104417
IT,I,Fragmented World,2038,0.01820243574210671,0.1257442620842248
IT,J,Fragmented World,2038,0.017036682415007796,0.009168929375035825
IT,L,Fragmented World,2038,0.01708061425932887,0.013562113806406772
IT,M,Fragmented World,2038,0.017346516611394643,0.04015234901298387
IT,N,Fragmented World,2038,0.018147925609084313,0.12029324878216274
IT,P,Fragmented World,2038,0.017550220140125562,0.060522701886053104
IT,Q,Fragmented World,2038,0.018703314741178013,0.17583216199131876
IT,R,Fragmented World,2038,0.018438589928569643,0.1493596807304839
IT,S,Fragmented World,2038,0.018970166022575098,0.20251729013066933
IT,A,Fragmented World,2039,0.7987294139721728,78.17844208508969
IT,B,Fragmented World,2039,0.028662064627663932,1.1717071506399095
IT,C,Fragmented World,2039,0.02475660073032716,0.7811607609063835
IT,D,Fragmented World,2039,0.19096796979283806,17.402297667157537
IT,E,Fragmented World,2039,0.14321564316837693,12.627065004711211
IT,F,Fragmented World,2039,0.020390630508002733,0.34456373867491424
IT,G,Fragmented World,2039,0.023743736329744018,0.6798743208479212
IT,H,Fragmented World,2039,0.09055308482807696,7.360809170681268
IT,I,Fragmented World,2039,0.01830505493991121,0.13600618186467425
IT,J,Fragmented World,2039,0.01704356838588465,0.009857526462721216
IT,L,Fragmented World,2039,0.017090845305005948,0.014585218374114636
IT,M,Fragmented World,2039,0.017383277168839164,0.043828404757435546
IT,N,Fragmented World,2039,0.018247029149706846,0.13020360284441615
IT,P,Fragmented World,2039,0.017596130376827907,0.0651137255562876
IT,Q,Fragmented World,2039,0.018841172244307314,0.18961791230424901
IT,R,Fragmented World,2039,0.018570784663979857,0.16257915427150554
IT,S,Fragmented World,2039,0.019150618445750864,0.220562532448246
IT,A,Fragmented World,2040,0.824736020147965,80.77910270266891
IT,B,Fragmented World,2040,0.022894426958423218,0.5949433837158394
IT,C,Fragmented World,2040,0.024810374129379427,0.7865381008116101
IT,D,Fragmented World,2040,0.1843573709030193,16.741237778175662
IT,E,Fragmented World,2040,0.14605866041747034,12.911366729620557
IT,F,Fragmented World,2040,0.020482430379211092,0.3537437257957488
IT,G,Fragmented World,2040,0.02430221543773215,0.7357222316467344
IT,H,Fragmented World,2040,0.09535736180349394,7.841236868222968
IT,I,Fragmented World,2040,0.018391272943544257,0.1446279822279795
IT,J,Fragmented World,2040,0.017049291649551632,0.0104298528294195
IT,L,Fragmented World,2040,0.01709935377772785,0.015436065646304927
IT,M,Fragmented World,2040,0.01741487644385176,0.04698833225869556
IT,N,Fragmented World,2040,0.01833036928854108,0.13853761672783957
IT,P,Fragmented World,2040,0.017634337251388854,0.06893441301238229
IT,Q,Fragmented World,2040,0.01895638415447725,0.20113910332124266
IT,R,Fragmented World,2040,0.018683104783381692,0.17381116621168866
IT,S,Fragmented World,2040,0.019304154550466378,0.23591614291979757
IT,A,Fragmented World,2041,0.8444952409221143,82.75502478008383
IT,B,Fragmented World,2041,0.02080654001120749,0.38615468899426597
IT,C,Fragmented World,2041,0.024512255194503976,0.7567262073240645
IT,D,Fragmented World,2041,0.17527677468766992,15.833178156640725
IT,E,Fragmented World,2041,0.14311708741091786,12.617209428965307
IT,F,Fragmented World,2041,0.020387444118477455,0.3442450997223867
IT,G,Fragmented World,2041,0.024567876746569822,0.7622883625305009
IT,H,Fragmented World,2041,0.09707691143414313,8.013191831287887
IT,I,Fragmented World,2041,0.01843125659710495,0.1486263475840485
IT,J,Fragmented World,2041,0.017051926894371978,0.010693377311453676
IT,L,Fragmented World,2041,0.017103272973212735,0.015827985194793365
IT,M,Fragmented World,2041,0.01742976422380025,0.04847711025354451
IT,N,Fragmented World,2041,0.01836903999114711,0.1424046869884424
IT,P,Fragmented World,2041,0.017651944247869693,0.07069511266046616
IT,Q,Fragmented World,2041,0.019009626358248464,0.20646332369836407
IT,R,Fragmented World,2041,0.018735582583312243,0.17905894620474416
IT,S,Fragmented World,2041,0.019375959147692717,0.24309660264243171
IT,A,Fragmented World,2042,0.8622997900132303,84.53547968919544
IT,B,Fragmented World,2042,0.018831595018091014,0.1886601896826182
IT,C,Fragmented World,2042,0.02405550244830303,0.7110509327039702
IT,D,Fragmented World,2042,0.1658728788824406,14.892788576117793
IT,E,Fragmented World,2042,0.13792849900627868,12.098350588501388
IT,F,Fragmented World,2042,0.020219036901755964,0.32740437805023626
IT,G,Fragmented World,2042,0.02472446417720942,0.7779471055944611
IT,H,Fragmented World,2042,0.09795773174045196,8.101273861918772
IT,I,Fragmented World,2042,0.01845452211040332,0.15095289891388533
IT,J,Fragmented World,2042,0.0170534548249265,0.01084617036690615
IT,L,Fragmented World,2042,0.01710554578475185,0.016055266348704716
IT,M,Fragmented World,2042,0.017438497470711217,0.04935043494464228
IT,N,Fragmented World,2042,0.01839154748561718,0.1446554364354497
IT,P,Fragmented World,2042,0.017662157179153183,0.07171640578881519
IT,Q,Fragmented World,2042,0.01904055251454242,0.20955593932775995
IT,R,Fragmented World,2042,0.018766231742529386,0.18212386212645848
IT,S,Fragmented World,2042,0.019417917107555704,0.24729239862873023
IT,A,Fragmented World,2043,0.8728523088095621,85.59073156882862
IT,B,Fragmented World,2043,0.017068031268609216,0.012303814734438234
IT,C,Fragmented World,2043,0.02335419020061114,0.6409197079347809
IT,D,Fragmented World,2043,0.15506497991781926,13.811998679655657
IT,E,Fragmented World,2043,0.130229348275883,11.328435515461818
IT,F,Fragmented World,2043,0.01998353412938433,0.303854100813074
IT,G,Fragmented World,2043,0.024771924050056158,0.782693092879135
IT,H,Fragmented World,2043,0.09802240544611712,8.107741232485285
IT,I,Fragmented World,2043,0.01846153016023473,0.15165370389702654
IT,J,Fragmented World,2043,0.01705391428689306,0.010892116563561816
IT,L,Fragmented World,2043,0.01710622930192976,0.016123618066495565
IT,M,Fragmented World,2043,0.01744113840755409,0.04961452862892825
IT,N,Fragmented World,2043,0.018398328038488704,0.145333491722602
IT,P,Fragmented World,2043,0.017665228912091387,0.07202357908263554
IT,Q,Fragmented World,2043,0.019049860326696783,0.21048672054319578
IT,R,Fragmented World,2043,0.018775480280560322,0.18304871592955171
IT,S,Fragmented World,2043,0.019430581236553758,0.24855881152853546
IT,A,Fragmented World,2044,0.8872495943796617,87.03046012583856
IT,B,Fragmented World,2044,0.016944993121264833,3.7573656460548794e-17
IT,C,Fragmented World,2044,0.022753392241016683,0.5808399119753358
IT,D,Fragmented World,2044,0.13035481567331472,11.340982255205203
IT,E,Fragmented World,2044,0.1208317398748144,10.38867467535496
IT,F,Fragmented World,2044,0.01968826020829396,0.2743267087040375
IT,G,Fragmented World,2044,0.024712801117951724,0.7767807996686917
IT,H,Fragmented World,2044,0.09730187372864478,8.035688060738051
IT,I,Fragmented World,2044,0.018452796835025445,0.15078037137609826
IT,J,Fragmented World,2044,0.017053341656924164,0.010834853566672116
IT,L,Fragmented World,2044,0.01710537743519711,0.01603843139323101
IT,M,Fragmented World,2044,0.017437848047242285,0.0492854925977482
IT,N,Fragmented World,2044,0.018389878275212948,0.14448851539502622
IT,P,Fragmented World,2044,0.01766140063819677,0.07164075169317392
IT,Q,Fragmented World,2044,0.01903826052074987,0.20932673994850456
IT,R,Fragmented World,2044,0.018763956056532624,0.18189629352678224
IT,S,Fragmented World,2044,0.019414801206066295,0.24698080847978948
IT,A,Fragmented World,2045,0.8965501048251197,87.96051117038435
IT,B,Fragmented World,2045,0.016944993121264833,-1.373354573062783e-17
IT,C,Fragmented World,2045,0.022090720474335766,0.5145727353072439
IT,D,Fragmented World,2045,0.08590419251940522,6.895919939814254
IT,E,Fragmented World,2045,0.11004296751155888,9.309797439029408
IT,F,Fragmented World,2045,0.019341279929216772,0.23962868079631713
IT,G,Fragmented World,2045,0.02455214952508418,0.760715640381937
IT,H,Fragmented World,2045,0.09579253456027496,7.88475414390107
IT,I,Fragmented World,2045,0.018428907606715374,0.14839144854509084
IT,J,Fragmented World,2045,0.017051772405305,0.010677928404756547
IT,L,Fragmented World,2045,0.017103043187162197,0.01580500658973958
IT,M,Fragmented World,2045,0.01742888537829182,0.04838922570270234
IT,N,Fragmented World,2045,0.01836676777348323,0.14217746522205485
IT,P,Fragmented World,2045,0.0176509117936471,0.070591867238207
IT,Q,Fragmented World,2045,0.019006501704333267,0.2061508583068443
IT,R,Fragmented World,2045,0.018732492752737175,0.17874996314723723
IT,S,Fragmented World,2045,0.01937173011597273,0.24267369947043307
IT,A,Fragmented World,2046,0.91018442410143,89.3239430980154
IT,B,Fragmented World,2046,0.016944993121264833,4.6050392709537056e-17
IT,C,Fragmented World,2046,0.02128440810956285,0.43394149882995237
IT,D,Fragmented World,2046,0.05197719367525105,3.503220055398836
IT,E,Fragmented World,2046,0.09595592121910458,7.901092809783977
IT,F,Fragmented World,2046,0.018962770699342605,0.2017777578089004
IT,G,Fragmented World,2046,0.024221090516761416,0.7276097395496609
IT,H,Fragmented World,2046,0.09356735382203912,7.662236070077487
IT,I,Fragmented World,2046,0.018378932584080823,0.14339394628163563
IT,J,Fragmented World,2046,0.017048475913059982,0.01034827918025415
IT,L,Fragmented World,2046,0.0170981407900447,0.015314766877990037
IT,M,Fragmented World,2046,0.017410311944309656,0.046531882304484753
IT,N,Fragmented World,2046,0.01831843684562115,0.13734437243584663
IT,P,Fragmented World,2046,0.01762888892788071,0.06838958066156774
IT,Q,Fragmented World,2046,0.01893992786202196,0.19949347407571352
IT,R,Fragmented World,2046,0.018666958126596182,0.17219650053313768
IT,S,Fragmented World,2046,0.01928207040500604,0.23370772837376388
IT,A,Fragmented World,2047,0.9240413462879865,90.70963531667105
IT,B,Fragmented World,2047,0.016944993121264833,1.3541439995723796e-17
IT,C,Fragmented World,2047,0.02033421001944758,0.33892168981842524
IT,D,Fragmented World,2047,0.025137470929830527,0.8192477808567853
IT,E,Fragmented World,2047,0.0788381324201388,6.1893139298873985
IT,F,Fragmented World,2047,0.018529854025993723,0.1584860904740125
IT,G,Fragmented World,2047,0.023753374204067163,0.6808381082802357
IT,H,Fragmented World,2047,0.09026268125576606,7.331768813450179
IT,I,Fragmented World,2047,0.01830656818772308,0.1361575066458615
IT,J,Fragmented World,2047,0.017043669322602612,0.009867620134517207
IT,L,Fragmented World,2047,0.017090995323256034,0.014600220199123347
IT,M,Fragmented World,2047,0.017383826015851644,0.043883289458684575
IT,N,Fragmented World,2047,0.018248491310710633,0.13034981894479455
IT,P,Fragmented World,2047,0.01759680381888969,0.06518106976246586
IT,Q,Fragmented World,2047,0.018843199169822942,0.18982060485581181
IT,R,Fragmented World,2047,0.01857274616131052,0.1627753040045717
IT,S,Fragmented World,2047,0.019153298002250754,0.22083048809823547
IT,A,Fragmented World,2048,0.9406334463062892,92.36884531850134
IT,B,Fragmented World,2048,0.016944993121264833,1.896753403651506e-17
IT,C,Fragmented World,2048,0.019095795255438648,0.21508021341753183
IT,D,Fragmented World,2048,0.017424619771100037,0.04796266498373567
IT,E,Fragmented World,2048,0.059267625077127045,4.232263195586224
IT,F,Fragmented World,2048,0.018054419940129678,0.11094268188760759
IT,G,Fragmented World,2048,0.02316942847029115,0.6224435349026339
IT,H,Fragmented World,2048,0.08510100428695369,6.815601116568944
IT,I,Fragmented World,2048,0.01821324329213522,0.1268250170870752
IT,J,Fragmented World,2048,0.017037411465525166,0.009241834426772642
IT,L,Fragmented World,2048,0.017081697161269737,0.013670404000493564
IT,M,Fragmented World,2048,0.017350346521762462,0.04053534004976567
IT,N,Fragmented World,2048,0.01815835799449699,0.12133648732343073
IT,P,Fragmented World,2048,0.017555077849694928,0.06100847284298966
IT,Q,Fragmented World,2048,0.018717871174288324,0.1772878053023503
IT,R,Fragmented World,2048,0.01845243605182014,0.15074429305553372
IT,S,Fragmented World,2048,0.018989054341347508,0.20440612200791045
IT,A,Fragmented World,2049,0.9475140075444712,93.05690144231951
IT,B,Fragmented World,2049,0.016944993121264833,1.2101181014101662e-17
IT,C,Fragmented World,2049,0.017822301797649716,0.08773086763863891
IT,D,Fragmented World,2049,0.016944993121262672,-7.209759337712481e-17
IT,E,Fragmented World,2049,0.03823528681926408,2.1290293697999263
IT,F,Fragmented World,2049,0.017547838456931603,0.06028453356780182
IT,G,Fragmented World,2049,0.02249045324890984,0.5545460127645032
IT,H,Fragmented World,2049,0.07923020087458474,6.228520775332047
IT,I,Fragmented World,2049,0.018100468359147574,0.11554752378831089
IT,J,Fragmented World,2049,0.017029758729997686,0.008476560874024307
IT,L,Fragmented World,2049,0.017070333721189445,0.012534059992464534
IT,M,Fragmented World,2049,0.017310838405170285,0.03658452839054767
IT,N,Fragmented World,2049,0.018049558341116413,0.11045652198537295
IT,P,Fragmented World,2049,0.017504122898893214,0.05591297776282034
IT,Q,Fragmented World,2049,0.01856553569604294,0.16205425747781346
IT,R,Fragmented World,2049,0.01830883473901187,0.13638416177470591
IT,S,Fragmented World,2049,0.018793294144049656,0.18483010227812519
IT,A,Fragmented World,2050,0.9530700525253599,93.61250594040841
IT,B,Fragmented World,2050,0.016944993121264823,-1.1756928254172217e-15
IT,C,Fragmented World,2050,0.01703047543921689,0.008548231795355873
IT,D,Fragmented World,2050,0.01694499312126268,-1.4297226780472042e-17
IT,E,Fragmented World,2050,0.018065084141526026,0.11200910202612158
IT,F,Fragmented World,2050,0.017020469021814297,0.007547590056071108
IT,G,Fragmented World,2050,0.02173704276489957,0.47920496436347604
IT,H,Fragmented World,2050,0.07322447199795437,5.627947887669013
IT,I,Fragmented World,2050,0.01796977373431799,0.10247806130535253
IT,J,Fragmented World,2050,0.01702076259262005,0.0075769471362612945
IT,L,Fragmented World,2050,0.017056985690252453,0.011199256898764809
IT,M,Fragmented World,2050,0.0172662337594151,0.03212406381502926
IT,N,Fragmented World,2050,0.017923649205667396,0.0978656084404716
IT,P,Fragmented World,2050,0.017444323960562547,0.049933083929753694
IT,Q,Fragmented World,2050,0.018387757603339213,0.1442764482074404
IT,R,Fragmented World,2050,0.018144840558474082,0.11998474372092799
IT,S,Fragmented World,2050,0.018570082429669316,0.16250893084009096
IT,A,Nationally Determined Contributions (NDCs),2025,0.016944993121276078,0.0
IT,B,Nationally Determined Contributions (NDCs),2025,0.016944993121264833,0.0
IT,C,Nationally Determined Contributions (NDCs),2025,0.016944993121263328,0.0
IT,D,Nationally Determined Contributions (NDCs),2025,0.016944993121262672,0.0
IT,E,Nationally Determined Contributions (NDCs),2025,0.016944993121264806,0.0
IT,F,Nationally Determined Contributions (NDCs),2025,0.016944993121253592,0.0
IT,G,Nationally Determined Contributions (NDCs),2025,0.01694499312126481,0.0
IT,H,Nationally Determined Contributions (NDCs),2025,0.016944993121264258,0.0
IT,I,Nationally Determined Contributions (NDCs),2025,0.016944993121264466,0.0
IT,J,Nationally Determined Contributions (NDCs),2025,0.01694499312125744,0.0
IT,L,Nationally Determined Contributions (NDCs),2025,0.016944993121264802,0.0
IT,M,Nationally Determined Contributions (NDCs),2025,0.016944993121264806,0.0
IT,N,Nationally Determined Contributions (NDCs),2025,0.016944993121262682,0.0
IT,P,Nationally Determined Contributions (NDCs),2025,0.01694499312126501,0.0
IT,Q,Nationally Determined Contributions (NDCs),2025,0.016944993121264806,0.0
IT,R,Nationally Determined Contributions (NDCs),2025,0.016944993121264806,0.0
IT,S,Nationally Determined Contributions (NDCs),2025,0.0169449931212684,0.0
IT,A,Nationally Determined Contributions (NDCs),2026,0.12442714582797688,10.74821527067008
IT,B,Nationally Determined Contributions (NDCs),2026,0.0194576659824622,0.25126728611973637
IT,C,Nationally Determined Contributions (NDCs),2026,0.017915891861190452,0.09708987399271263
IT,D,Nationally Determined Contributions (NDCs),2026,0.04021714174940642,2.3272148628143747
IT,E,Nationally Determined Contributions (NDCs),2026,0.03534938344938112,1.8404390328116318
IT,F,Nationally Determined Contributions (NDCs),2026,0.01750235844627462,0.055736532502102754
IT,G,Nationally Determined Contributions (NDCs),2026,0.017713832377043163,0.07688392557783578
IT,H,Nationally Determined Contributions (NDCs),2026,0.024441156270722297,0.7496163149458035
IT,I,Nationally Determined Contributions (NDCs),2026,0.0171388480961056,0.01938549748411367
IT,J,Nationally Determined Contributions (NDCs),2026,0.016960090747876317,0.0015097626618878323
IT,L,Nationally Determined Contributions (NDCs),2026,0.01696724784322841,0.002225472196360499
IT,M,Nationally Determined Contributions (NDCs),2026,0.017003320550260024,0.005832742899521857
IT,N,Nationally Determined Contributions (NDCs),2026,0.017128780278681473,0.018378715741878743
IT,P,Nationally Determined Contributions (NDCs),2026,0.017043872465276222,0.00988793440111907
IT,Q,Nationally Determined Contributions (NDCs),2026,0.017224815285525195,0.02798221642603732
IT,R,Nationally Determined Contributions (NDCs),2026,0.017160844062081283,0.021585094081647924
IT,S,Nationally Determined Contributions (NDCs),2026,0.01723667563723088,0.029168251596247564
IT,A,Nationally Determined Contributions (NDCs),2027,0.2776480047292418,26.07030116079657
IT,B,Nationally Determined Contributions (NDCs),2027,0.021801088972605236,0.4856095851340398
IT,C,Nationally Determined Contributions (NDCs),2027,0.01944376317083665,0.24987700495733245
IT,D,Nationally Determined Contributions (NDCs),2027,0.08217393488185833,6.522894176059564
IT,E,Nationally Determined Contributions (NDCs),2027,0.05945693333614636,4.251194021488155
IT,F,Nationally Determined Contributions (NDCs),2027,0.01805814735304841,0.11131542317948123
IT,G,Nationally Determined Contributions (NDCs),2027,0.01845705956116878,0.15120664399039746
IT,H,Nationally Determined Contributions (NDCs),2027,0.032831624036913844,1.588663091564958
IT,I,Nationally Determined Contributions (NDCs),2027,0.017313924261138765,0.03689311398742995
IT,J,Nationally Determined Contributions (NDCs),2027,0.016973404305767374,0.0028411184509934888
IT,L,Nationally Determined Contributions (NDCs),2027,0.016986897569915484,0.0041904448650684325
IT,M,Nationally Determined Contributions (NDCs),2027,0.017056621498661245,0.011162837739643787
IT,N,Nationally Determined Contributions (NDCs),2027,0.01729534308724484,0.035034996598215976
IT,P,Nationally Determined Contributions (NDCs),2027,0.01713132162015869,0.018632849889365852
IT,Q,Nationally Determined Contributions (NDCs),2027,0.017474699948850363,0.05297068275855396
IT,R,Nationally Determined Contributions (NDCs),2027,0.017360057937235156,0.04150648159703507
IT,S,Nationally Determined Contributions (NDCs),2027,0.017506029408386484,0.056103628711808226
IT,A,Nationally Determined Contributions (NDCs),2028,0.3980900772242006,38.11450841029246
IT,B,Nationally Determined Contributions (NDCs),2028,0.023366544113004786,0.6421550991739952
IT,C,Nationally Determined Contributions (NDCs),2028,0.020951931122834114,0.4006938001570785
IT,D,Nationally Determined Contributions (NDCs),2028,0.10068545851599563,8.374046539473296
IT,E,Nationally Determined Contributions (NDCs),2028,0.08222906182138297,6.528406870011814
IT,F,Nationally Determined Contributions (NDCs),2028,0.018612145890569535,0.1667152769315937
IT,G,Nationally Determined Contributions (NDCs),2028,0.019166842618505767,0.22218494972409603
IT,H,Nationally Determined Contributions (NDCs),2028,0.042514197320046736,2.556920419878247
IT,I,Nationally Determined Contributions (NDCs),2028,0.017470649884288328,0.05256567630238609
IT,J,Nationally Determined Contributions (NDCs),2028,0.0169850734008189,0.00400802795614604
IT,L,Nationally Determined Contributions (NDCs),2028,0.017004139471569264,0.005914635030446322
IT,M,Nationally Determined Contributions (NDCs),2028,0.01710505029841286,0.01600571771480549
IT,N,Nationally Determined Contributions (NDCs),2028,0.01744489034979913,0.049989722853644745
IT,P,Nationally Determined Contributions (NDCs),2028,0.01720816526935079,0.026317214808575795
IT,Q,Nationally Determined Contributions (NDCs),2028,0.017696152882731,0.07511597614661758
IT,R,Nationally Determined Contributions (NDCs),2028,0.0175419621796892,0.059696905842439384
IT,S,Nationally Determined Contributions (NDCs),2028,0.01775217866934629,0.08071855480778858
IT,A,Nationally Determined Contributions (NDCs),2029,0.491587031685383,47.4642038564107
IT,B,Nationally Determined Contributions (NDCs),2029,0.02368274445857249,0.6737751337307658
IT,C,Nationally Determined Contributions (NDCs),2029,0.02211567665997918,0.5170683538715855
IT,D,Nationally Determined Contributions (NDCs),2029,0.08407025960893116,6.71252664876685
IT,E,Nationally Determined Contributions (NDCs),2029,0.10303635311100175,8.609135998973692
IT,F,Nationally Determined Contributions (NDCs),2029,0.01916422290170568,0.22192297804520944
IT,G,Nationally Determined Contributions (NDCs),2029,0.019833519279162038,0.2888526157897228
IT,H,Nationally Determined Contributions (NDCs),2029,0.053139187892426824,3.619419477116257
IT,I,Nationally Determined Contributions (NDCs),2029,0.01760948018599043,0.0664487064725968
IT,J,Nationally Determined Contributions (NDCs),2029,0.016995220397238536,0.0050227275981099846
IT,L,Nationally Determined Contributions (NDCs),2029,0.017019147091106787,0.007415396984198701
IT,M,Nationally Determined Contributions (NDCs),2029,0.01714867929735846,0.020368617609365407
IT,N,Nationally Determined Contributions (NDCs),2029,0.017577691910595612,0.06326987893329312
IT,P,Nationally Determined Contributions (NDCs),2029,0.01727513445715666,0.033014133589162956
IT,Q,Nationally Determined Contributions (NDCs),2029,0.01789058253041346,0.09455894091486365
IT,R,Nationally Determined Contributions (NDCs),2029,0.0177059968855864,0.07610037643215993
IT,S,Nationally Determined Contributions (NDCs),2029,0.01797436159929621,0.10293684780278092
IT,A,Nationally Determined Contributions (NDCs),2030,0.5715545429705756,55.46095498492994
IT,B,Nationally Determined Contributions (NDCs),2030,0.02268957869431207,0.5744585573047233
IT,C,Nationally Determined Contributions (NDCs),2030,0.02318978722691066,0.6244794105647332
IT,D,Nationally Determined Contributions (NDCs),2030,0.044577884845201886,2.763289172393921
IT,E,Nationally Determined Contributions (NDCs),2030,0.12166068497341008,10.471569185214527
IT,F,Nationally Determined Contributions (NDCs),2030,0.019714328587864347,0.27693354666107456
IT,G,Nationally Determined Contributions (NDCs),2030,0.020446707364831354,0.3501714243566545
IT,H,Nationally Determined Contributions (NDCs),2030,0.06262499817299813,4.568000505173387
IT,I,Nationally Determined Contributions (NDCs),2030,0.01773086188815589,0.07858687668914277
IT,J,Nationally Determined Contributions (NDCs),2030,0.01700395058364662,0.0058957462389179465
IT,L,Nationally Determined Contributions (NDCs),2030,0.017032070242068584,0.008707712080378325
IT,M,Nationally Determined Contributions (NDCs),2030,0.01718750941786639,0.024251629660158366
IT,N,Nationally Determined Contributions (NDCs),2030,0.01769404190378548,0.07490487825227965
IT,P,Nationally Determined Contributions (NDCs),2030,0.017332863727787962,0.03878706065229311
IT,Q,Nationally Determined Contributions (NDCs),2030,0.018059260620130604,0.11142674988657789
IT,R,Nationally Determined Contributions (NDCs),2030,0.017851698480686257,0.09067053594214503
IT,S,Nationally Determined Contributions (NDCs),2030,0.01817191756577931,0.12269244445109093
IT,A,Nationally Determined Contributions (NDCs),2031,0.5795107089310937,56.25657158098176
IT,B,Nationally Determined Contributions (NDCs),2031,0.02282292214527639,0.587792902401156
IT,C,Nationally Determined Contributions (NDCs),2031,0.023013371596353076,0.6068378475089748
IT,D,Nationally Determined Contributions (NDCs),2031,0.05663979127596215,3.9694798154699478
IT,E,Nationally Determined Contributions (NDCs),2031,0.1186129354448033,10.166794232353848
IT,F,Nationally Determined Contributions (NDCs),2031,0.019617535616102088,0.26725424948485
IT,G,Nationally Determined Contributions (NDCs),2031,0.020479156342368108,0.35341632211033014
IT,H,Nationally Determined Contributions (NDCs),2031,0.062320777578541216,4.5375784457276955
IT,I,Nationally Determined Contributions (NDCs),2031,0.017737131842492773,0.07921387212283047
IT,J,Nationally Determined Contributions (NDCs),2031,0.017004398026109226,0.005940490485178693
IT,L,Nationally Determined Contributions (NDCs),2031,0.01703273285939753,0.008773973813272823
IT,M,Nationally Determined Contributions (NDCs),2031,0.017189534617598836,0.024454149633402953
IT,N,Nationally Determined Contributions (NDCs),2031,0.017700057755909583,0.07550646346468998
IT,P,Nationally Determined Contributions (NDCs),2031,0.01733582525161311,0.03908321303480802
IT,Q,Nationally Determined Contributions (NDCs),2031,0.01806794071339663,0.11229475921318072
IT,R,Nationally Determined Contributions (NDCs),2031,0.017859283271892366,0.09142901506275573
IT,S,Nationally Determined Contributions (NDCs),2031,0.01818220756730512,0.12372144460367188
IT,A,Nationally Determined Contributions (NDCs),2032,0.5869410400298177,56.99960469085417
IT,B,Nationally Determined Contributions (NDCs),2032,0.022953320276428674,0.6008327155163838
IT,C,Nationally Determined Contributions (NDCs),2032,0.02283202571990379,0.5887032598640466
IT,D,Nationally Determined Contributions (NDCs),2032,0.07135228556412783,5.440729244286515
IT,E,Nationally Determined Contributions (NDCs),2032,0.11527385263174293,9.83288595104781
IT,F,Nationally Determined Contributions (NDCs),2032,0.019516948671355012,0.25719555501014146
IT,G,Nationally Determined Contributions (NDCs),2032,0.020508572441929246,0.3563579320664437
IT,H,Nationally Determined Contributions (NDCs),2032,0.06190684241414084,4.496184929287659
IT,I,Nationally Determined Contributions (NDCs),2032,0.017742803088732433,0.07978099674679674
IT,J,Nationally Determined Contributions (NDCs),2032,0.017004802448658856,0.005980932740141633
IT,L,Nationally Determined Contributions (NDCs),2032,0.017033331791722253,0.00883386704574557
IT,M,Nationally Determined Contributions (NDCs),2032,0.017191368169681247,0.02463750484164431
IT,N,Nationally Determined Contributions (NDCs),2032,0.017705499644145414,0.07605065228827304
IT,P,Nationally Determined Contributions (NDCs),2032,0.017338502267932973,0.03935091466679419
IT,Q,Nationally Determined Contributions (NDCs),2032,0.018075789186532375,0.11307960652675489
IT,R,Nationally Determined Contributions (NDCs),2032,0.017866148790339594,0.09211556690747888
IT,S,Nationally Determined Contributions (NDCs),2032,0.018191522278223647,0.12465291569552471
IT,A,Nationally Determined Contributions (NDCs),2033,0.59399667981899,57.70516866977138
IT,B,Nationally Determined Contributions (NDCs),2033,0.02307922446319387,0.6134231341929037
IT,C,Nationally Determined Contributions (NDCs),2033,0.0226420917818156,0.5697098660552273
IT,D,Nationally Determined Contributions (NDCs),2033,0.08031089435175973,6.336590123049704
IT,E,Nationally Determined Contributions (NDCs),2033,0.1121572272745114,9.521223415324657
IT,F,Nationally Determined Contributions (NDCs),2033,0.019412543430662055,0.24675503094084536
IT,G,Nationally Determined Contributions (NDCs),2033,0.02053431161607232,0.35893184948075196
IT,H,Nationally Determined Contributions (NDCs),2033,0.06132459722063953,4.437960409937528
IT,I,Nationally Determined Contributions (NDCs),2033,0.017747755616591063,0.0802762495326599
IT,J,Nationally Determined Contributions (NDCs),2033,0.017005155390260287,0.006016226900284633
IT,L,Nationally Determined Contributions (NDCs),2033,0.01703385450096367,0.008886137969886956
IT,M,Nationally Determined Contributions (NDCs),2033,0.01719297071270154,0.02479775914367337
IT,N,Nationally Determined Contributions (NDCs),2033,0.017710252252694517,0.07652591314318366
IT,P,Nationally Determined Contributions (NDCs),2033,0.017340838693520582,0.03958455722555508
IT,Q,Nationally Determined Contributions (NDCs),2033,0.01808264086906123,0.1137647747796406
IT,R,Nationally Determined Contributions (NDCs),2033,0.017872148117316456,0.09271549960516519
IT,S,Nationally Determined Contributions (NDCs),2033,0.018199662200655338,0.1254669079386935
IT,A,Nationally Determined Contributions (NDCs),2034,0.6008192975361353,58.38743044148591
IT,B,Nationally Determined Contributions (NDCs),2034,0.023200498995051402,0.6255505873786572
IT,C,Nationally Determined Contributions (NDCs),2034,0.022426203491545768,0.5481210370282441
IT,D,Nationally Determined Contributions (NDCs),2034,0.09423044368873967,7.7285450567476985
IT,E,Nationally Determined Contributions (NDCs),2034,0.10870388131263206,9.175888819136723
IT,F,Nationally Determined Contributions (NDCs),2034,0.019304829018611844,0.23598358973582423
IT,G,Nationally Determined Contributions (NDCs),2034,0.02055646218426133,0.3611469062996526
IT,H,Nationally Determined Contributions (NDCs),2034,0.060649418451156005,4.370442532989173
IT,I,Nationally Determined Contributions (NDCs),2034,0.01775201034952974,0.08070172282652738
IT,J,Nationally Determined Contributions (NDCs),2034,0.01700545843369729,0.006046531243984714
IT,L,Nationally Determined Contributions (NDCs),2034,0.017034303324009452,0.00893102027446507
IT,M,Nationally Determined Contributions (NDCs),2034,0.017194348479315922,0.024935535805111608
IT,N,Nationally Determined Contributions (NDCs),2034,0.017714335510607405,0.07693423893447211
IT,P,Nationally Determined Contributions (NDCs),2034,0.01734284493383015,0.03978518125651205
IT,Q,Nationally Determined Contributions (NDCs),2034,0.018088525570981624,0.11435324497168008
IT,R,Nationally Determined Contributions (NDCs),2034,0.01787730504747644,0.09323119262116293
IT,S,Nationally Determined Contributions (NDCs),2034,0.01820665945857505,0.12616663373066483
IT,A,Nationally Determined Contributions (NDCs),2035,0.6099484913357522,59.300349821447625
IT,B,Nationally Determined Contributions (NDCs),2035,0.023316955601516573,0.6371962480251742
IT,C,Nationally Determined Contributions (NDCs),2035,0.02217348548803005,0.5228492366766723
IT,D,Nationally Determined Contributions (NDCs),2035,0.10872519955729495,9.17802064360323
IT,E,Nationally Determined Contributions (NDCs),2035,0.10401124678396911,8.70662536627043
IT,F,Nationally Determined Contributions (NDCs),2035,0.019194273482116993,0.22492803608633988
IT,G,Nationally Determined Contributions (NDCs),2035,0.02057508554808172,0.36300924268169116
IT,H,Nationally Determined Contributions (NDCs),2035,0.05999293474139819,4.304794162013394
IT,I,Nationally Determined Contributions (NDCs),2035,0.017755582365458846,0.08105892441943804
IT,J,Nationally Determined Contributions (NDCs),2035,0.017005712729503405,0.006071960824596486
IT,L,Nationally Determined Contributions (NDCs),2035,0.017034679958820926,0.008968683755612534
IT,M,Nationally Determined Contributions (NDCs),2035,0.01719550589787289,0.02505127766080832
IT,N,Nationally Determined Contributions (NDCs),2035,0.017717763763233082,0.07727706419703978
IT,P,Nationally Determined Contributions (NDCs),2035,0.01734452854530405,0.039953542403901865
IT,Q,Nationally Determined Contributions (NDCs),2035,0.018093464868149344,0.11484717468845226
IT,R,Nationally Determined Contributions (NDCs),2035,0.017881636556135262,0.09366434348704551
IT,S,Nationally Determined Contributions (NDCs),2035,0.018212536949367936,0.12675438280995327
IT,A,Nationally Determined Contributions (NDCs),2036,0.6409770546703597,62.40320615490836
IT,B,Nationally Determined Contributions (NDCs),2036,0.02410035013384789,0.7155357012583056
IT,C,Nationally Determined Contributions (NDCs),2036,0.02238376446067791,0.5438771339414583
IT,D,Nationally Determined Contributions (NDCs),2036,0.12148139444858377,10.45364013273211
IT,E,Nationally Determined Contributions (NDCs),2036,0.10722119543811058,9.027620231684578
IT,F,Nationally Determined Contributions (NDCs),2036,0.019263797230611078,0.2318804109357479
IT,G,Nationally Determined Contributions (NDCs),2036,0.02086092358379888,0.39159304625340724
IT,H,Nationally Determined Contributions (NDCs),2036,0.06277205323124857,4.5827060109984314
IT,I,Nationally Determined Contributions (NDCs),2036,0.0178098242586708,0.08648311374063358
IT,J,Nationally Determined Contributions (NDCs),2036,0.017009560750965495,0.006456762970805628
IT,L,Nationally Determined Contributions (NDCs),2036,0.017040380285308073,0.009538716404327253
IT,M,Nationally Determined Contributions (NDCs),2036,0.0172131653691972,0.026817224793239586
IT,N,Nationally Determined Contributions (NDCs),2036,0.017769844395005185,0.08248512737425007
IT,P,Nationally Determined Contributions (NDCs),2036,0.017370015695249274,0.04250225739842427
IT,Q,Nationally Determined Contributions (NDCs),2036,0.018168341513028225,0.1223348391763401
IT,R,Nationally Determined Contributions (NDCs),2036,0.017947643467175433,0.10026503459106276
IT,S,Nationally Determined Contributions (NDCs),2036,0.018302127896005327,0.13571347747369247
IT,A,Nationally Determined Contributions (NDCs),2037,0.6703896669826754,65.34446738613995
IT,B,Nationally Determined Contributions (NDCs),2037,0.024935624152432456,0.799063103116762
IT,C,Nationally Determined Contributions (NDCs),2037,0.022532396845094754,0.5587403723831429
IT,D,Nationally Determined Contributions (NDCs),2037,0.134781103697726,11.783611057646333
IT,E,Nationally Determined Contributions (NDCs),2037,0.1090889922397261,9.214399911846128
IT,F,Nationally Determined Contributions (NDCs),2037,0.019315040973013762,0.2370047851760164
IT,G,Nationally Determined Contributions (NDCs),2037,0.021142461858789135,0.4197468737524329
IT,H,Nationally Determined Contributions (NDCs),2037,0.0647700168608704,4.7825023739606145
IT,I,Nationally Determined Contributions (NDCs),2037,0.01786222315635066,0.09172300350861964
IT,J,Nationally Determined Contributions (NDCs),2037,0.017013254137948255,0.0068261016690814936
IT,L,Nationally Determined Contributions (NDCs),2037,0.01704585341962332,0.010086029835851669
IT,M,Nationally Determined Contributions (NDCs),2037,0.01723038055410644,0.02853874328416353
IT,N,Nationally Determined Contributions (NDCs),2037,0.017820193539191613,0.08752004179289287
IT,P,Nationally Determined Contributions (NDCs),2037,0.017394497384251154,0.044950426298612234
IT,Q,Nationally Determined Contributions (NDCs),2037,0.01824044758724844,0.12954544659836165
IT,R,Nationally Determined Contributions (NDCs),2037,0.018011822711289618,0.1066829590024814
IT,S,Nationally Determined Contributions (NDCs),2037,0.018389284938065027,0.14442918167966232
IT,A,Nationally Determined Contributions (NDCs),2038,0.6912603727786871,67.43153796574111
IT,B,Nationally Determined Contributions (NDCs),2038,0.02911921501313575,1.2174221891870916
IT,C,Nationally Determined Contributions (NDCs),2038,0.02264312354396917,0.5698130422705838
IT,D,Nationally Determined Contributions (NDCs),2038,0.1475063645796842,13.05613714584215
IT,E,Nationally Determined Contributions (NDCs),2038,0.11027989888352603,9.333490576226122
IT,F,Nationally Determined Contributions (NDCs),2038,0.01934835203913758,0.24033589178839793
IT,G,Nationally Determined Contributions (NDCs),2038,0.021419305504598835,0.4474312383334028
IT,H,Nationally Determined Contributions (NDCs),2038,0.06687094802801107,4.992595490674681
IT,I,Nationally Determined Contributions (NDCs),2038,0.01791280806733273,0.09678149460682635
IT,J,Nationally Determined Contributions (NDCs),2038,0.017016797658939792,0.0071804537682350015
IT,L,Nationally Determined Contributions (NDCs),2038,0.017051106203953243,0.01061130826884427
IT,M,Nationally Determined Contributions (NDCs),2038,0.017247153592056537,0.03021604707917288
IT,N,Nationally Determined Contributions (NDCs),2038,0.017868834062892677,0.09238409416299936
IT,P,Nationally Determined Contributions (NDCs),2038,0.01741800295038755,0.04730098291225171
IT,Q,Nationally Determined Contributions (NDCs),2038,0.018309847849263296,0.13648547279984752
IT,R,Nationally Determined Contributions (NDCs),2038,0.018074169346689924,0.11291762254251213
IT,S,Nationally Determined Contributions (NDCs),2038,0.018473999418573823,0.15290062973054214
IT,A,Nationally Determined Contributions (NDCs),2039,0.7102930417701359,69.33480486488597
IT,B,Nationally Determined Contributions (NDCs),2039,0.0300719356901961,1.3126942568931264
IT,C,Nationally Determined Contributions (NDCs),2039,0.022716324732996524,0.57713316117332
IT,D,Nationally Determined Contributions (NDCs),2039,0.15595583144616063,13.901083832489794
IT,E,Nationally Determined Contributions (NDCs),2039,0.1107711786123706,9.38261854911058
IT,F,Nationally Determined Contributions (NDCs),2039,0.01936412966100712,0.24191365397535303
IT,G,Nationally Determined Contributions (NDCs),2039,0.02169101649667465,0.47460233754098397
IT,H,Nationally Determined Contributions (NDCs),2039,0.06899057114138361,5.204557802011936
IT,I,Nationally Determined Contributions (NDCs),2039,0.017961592063037723,0.10165989417732609
IT,J,Nationally Determined Contributions (NDCs),2039,0.01702019478344935,0.0075201662191913205
IT,L,Nationally Determined Contributions (NDCs),2039,0.017056143571590455,0.011115045032565598
IT,M,Nationally Determined Contributions (NDCs),2039,0.01726348048180646,0.03184873605416512
IT,N,Nationally Determined Contributions (NDCs),2039,0.01791577390863797,0.0970780787375285
IT,P,Nationally Determined Contributions (NDCs),2039,0.017440553289217006,0.04955601679519743
IT,Q,Nationally Determined Contributions (NDCs),2039,0.018376583705966152,0.14315905847013286
IT,R,Nationally Determined Contributions (NDCs),2039,0.0181346603588432,0.11896672375783936
IT,S,Nationally Determined Contributions (NDCs),2039,0.018556237803045637,0.16112446817772333
IT,A,Nationally Determined Contributions (NDCs),2040,0.7345412342755894,71.75962411543132
IT,B,Nationally Determined Contributions (NDCs),2040,0.03109746513501118,1.4152472013746358
IT,C,Nationally Determined Contributions (NDCs),2040,0.02275448355845528,0.5809490437191953
IT,D,Nationally Determined Contributions (NDCs),2040,0.16215034236636477,14.520534924510208
IT,E,Nationally Determined Contributions (NDCs),2040,0.11073492973242144,9.378993661115663
IT,F,Nationally Determined Contributions (NDCs),2040,0.01936291434260465,0.24179212213510495
IT,G,Nationally Determined Contributions (NDCs),2040,0.021957315398932194,0.5012322277667389
IT,H,Nationally Determined Contributions (NDCs),2040,0.0709871290889694,5.404213596770514
IT,I,Nationally Determined Contributions (NDCs),2040,0.018008608560865516,0.10636154396010469
IT,J,Nationally Determined Contributions (NDCs),2040,0.01702345022946659,0.007845710820914887
IT,L,Nationally Determined Contributions (NDCs),2040,0.017060972322406977,0.011597920114217484
IT,M,Nationally Determined Contributions (NDCs),2040,0.01727936326334301,0.03343701420782062
IT,N,Nationally Determined Contributions (NDCs),2040,0.01796104096907653,0.10160478478138432
IT,P,Nationally Determined Contributions (NDCs),2040,0.01746217774309107,0.0517184621826039
IT,Q,Nationally Determined Contributions (NDCs),2040,0.01844072300898329,0.14957298877184652
IT,R,Nationally Determined Contributions (NDCs),2040,0.018193299498246877,0.12483063769820699
IT,S,Nationally Determined Contributions (NDCs),2040,0.018636002662932107,0.1691009541663705
IT,A,Nationally Determined Contributions (NDCs),2041,0.7393895778507749,72.24445847294987
IT,B,Nationally Determined Contributions (NDCs),2041,0.03102897313020954,1.4083980008944703
IT,C,Nationally Determined Contributions (NDCs),2041,0.02263054858469424,0.5685555463430914
IT,D,Nationally Determined Contributions (NDCs),2041,0.16296530622460068,14.602031310333805
IT,E,Nationally Determined Contributions (NDCs),2041,0.10873335941136138,9.178836629009657
IT,F,Nationally Determined Contributions (NDCs),2041,0.01930561167002316,0.23606185487695672
IT,G,Nationally Determined Contributions (NDCs),2041,0.021943080883648273,0.4998087762383462
IT,H,Nationally Determined Contributions (NDCs),2041,0.07043225428988495,5.348726116862068
IT,I,Nationally Determined Contributions (NDCs),2041,0.018006114849972357,0.10611217287078915
IT,J,Nationally Determined Contributions (NDCs),2041,0.017023278018799458,0.007828489754201837
IT,L,Nationally Determined Contributions (NDCs),2041,0.017060716849038832,0.01157237277740316
IT,M,Nationally Determined Contributions (NDCs),2041,0.01727851710860761,0.03335239873428027
IT,N,Nationally Determined Contributions (NDCs),2041,0.017958639373727443,0.10136462524647578
IT,P,Nationally Determined Contributions (NDCs),2041,0.017461033467959564,0.051604034669453305
IT,Q,Nationally Determined Contributions (NDCs),2041,0.018437325503825815,0.14923323825609897
IT,R,Nationally Determined Contributions (NDCs),2041,0.018190180935109632,0.12451878138448286
IT,S,Nationally Determined Contributions (NDCs),2041,0.018631759467831934,0.16867663465635285
IT,A,Nationally Determined Contributions (NDCs),2042,0.7416139781739168,72.46689850526408
IT,B,Nationally Determined Contributions (NDCs),2042,0.030954908557086058,1.4009915435821225
IT,C,Nationally Determined Contributions (NDCs),2042,0.02250406171233387,0.5559068591070544
IT,D,Nationally Determined Contributions (NDCs),2042,0.1637783803627925,14.68333872415298
IT,E,Nationally Determined Contributions (NDCs),2042,0.1066641092092273,8.97191160879625
IT,F,Nationally Determined Contributions (NDCs),2042,0.01924725262595151,0.23022595046979094
IT,G,Nationally Determined Contributions (NDCs),2042,0.021926895020103757,0.4981901898838948
IT,H,Nationally Determined Contributions (NDCs),2042,0.06986644168331904,5.292144856205478
IT,I,Nationally Determined Contributions (NDCs),2042,0.018003276640535675,0.10582835192712134
IT,J,Nationally Determined Contributions (NDCs),2042,0.017023081955918094,0.007808883466065614
IT,L,Nationally Determined Contributions (NDCs),2042,0.01706042599597599,0.011543287471118565
IT,M,Nationally Determined Contributions (NDCs),2042,0.01727755457777977,0.033256145651496885
IT,N,Nationally Determined Contributions (NDCs),2042,0.017955906096140357,0.10109129748776771
IT,P,Nationally Determined Contributions (NDCs),2042,0.017459730752470086,0.05147376312050547
IT,Q,Nationally Determined Contributions (NDCs),2042,0.018433458047501232,0.14884649262364114
IT,R,Nationally Determined Contributions (NDCs),2042,0.018186632698017118,0.12416395767523125
IT,S,Nationally Determined Contributions (NDCs),2042,0.01862693180180196,0.16819386805335568
IT,A,Nationally Determined Contributions (NDCs),2043,0.7434932941878604,72.65483010665844
IT,B,Nationally Determined Contributions (NDCs),2043,0.030875907457385835,1.3930914336121007
IT,C,Nationally Determined Contributions (NDCs),2043,0.02234683195266836,0.540183883140503
IT,D,Nationally Determined Contributions (NDCs),2043,0.1645905319317602,14.764553881049755
IT,E,Nationally Determined Contributions (NDCs),2043,0.10380781914646904,8.686282602520421
IT,F,Nationally Determined Contributions (NDCs),2043,0.019187966774905644,0.22429736536520553
IT,G,Nationally Determined Contributions (NDCs),2043,0.0219089472760163,0.4963954154751493
IT,H,Nationally Determined Contributions (NDCs),2043,0.06932454712252172,5.237955400125746
IT,I,Nationally Determined Contributions (NDCs),2043,0.01800012618449825,0.10551330632337888
IT,J,Nationally Determined Contributions (NDCs),2043,0.017022864245966184,0.007787112470874444
IT,L,Nationally Determined Contributions (NDCs),2043,0.017060103036289652,0.011510991502485109
IT,M,Nationally Determined Contributions (NDCs),2043,0.017276486797348528,0.033149367608372206
IT,N,Nationally Determined Contributions (NDCs),2043,0.01795287222953078,0.10078791082680941
IT,P,Nationally Determined Contributions (NDCs),2043,0.017458284266385203,0.05132911451201719
IT,Q,Nationally Determined Contributions (NDCs),2043,0.018429164367993148,0.14841712467283252
IT,R,Nationally Determined Contributions (NDCs),2043,0.01818269552883756,0.12377024075727536
IT,S,Nationally Determined Contributions (NDCs),2043,0.018621575153694798,0.1676582032426392
IT,A,Nationally Determined Contributions (NDCs),2044,0.7452083130979632,72.82633199766873
IT,B,Nationally Determined Contributions (NDCs),2044,0.030792414029435156,1.3847420908170327
IT,C,Nationally Determined Contributions (NDCs),2044,0.022210185968220327,0.5265192846957002
IT,D,Nationally Determined Contributions (NDCs),2044,0.16540220379000728,14.845721066874457
IT,E,Nationally Determined Contributions (NDCs),2044,0.10183035066349644,8.488535754223161
IT,F,Nationally Determined Contributions (NDCs),2044,0.01912785162445574,0.218285850320215
IT,G,Nationally Determined Contributions (NDCs),2044,0.021889363425769158,0.49443703045043547
IT,H,Nationally Determined Contributions (NDCs),2044,0.06880693946707024,5.186194634580598
IT,I,Nationally Determined Contributions (NDCs),2044,0.017996684568494084,0.10516914472296206
IT,J,Nationally Determined Contributions (NDCs),2044,0.017022626322786137,0.007763320152869345
IT,L,Nationally Determined Contributions (NDCs),2044,0.017059750098851325,0.011475697758652462
IT,M,Nationally Determined Contributions (NDCs),2044,0.01727532110594116,0.03303279846763543
IT,N,Nationally Determined Contributions (NDCs),2044,0.017949558114704008,0.10045649934413248
IT,P,Nationally Determined Contributions (NDCs),2044,0.0174567035546683,0.051171043340327016
IT,Q,Nationally Determined Contributions (NDCs),2044,0.018424472979062006,0.14794798577971818
IT,R,Nationally Determined Contributions (NDCs),2044,0.01817839621021137,0.12334030889465629
IT,S,Nationally Determined Contributions (NDCs),2044,0.018615726019266414,0.167073289799801
IT,A,Nationally Determined Contributions (NDCs),2045,0.7468070595129659,72.98620663916897
IT,B,Nationally Determined Contributions (NDCs),2045,0.030704849471138523,1.3759856349873691
IT,C,Nationally Determined Contributions (NDCs),2045,0.022091233347132363,0.5146240225869035
IT,D,Nationally Determined Contributions (NDCs),2045,0.16621427431969163,14.926928119842897
IT,E,Nationally Determined Contributions (NDCs),2045,0.09970743273180586,8.276243961054105
IT,F,Nationally Determined Contributions (NDCs),2045,0.019066997925233035,0.2122004803979436
IT,G,Nationally Determined Contributions (NDCs),2045,0.021868263956671158,0.4923270835406352
IT,H,Nationally Determined Contributions (NDCs),2045,0.06828064578794493,5.133565266668067
IT,I,Nationally Determined Contributions (NDCs),2045,0.01799297195878902,0.10479788375245562
IT,J,Nationally Determined Contributions (NDCs),2045,0.017022369556707717,0.007737643545027838
IT,L,Nationally Determined Contributions (NDCs),2045,0.017059369218309375,0.011437609704457391
IT,M,Nationally Determined Contributions (NDCs),2045,0.01727406452797254,0.03290714067077413
IT,N,Nationally Determined Contributions (NDCs),2045,0.017945983206136277,0.10009900848735914
IT,P,Nationally Determined Contributions (NDCs),2045,0.017454997740243904,0.0510004618978873
IT,Q,Nationally Determined Contributions (NDCs),2045,0.018419411141098515,0.14744180198336948
IT,R,Nationally Determined Contributions (NDCs),2045,0.018173760372040652,0.12287672507758486
IT,S,Nationally Determined Contributions (NDCs),2045,0.01860941932522316,0.16644262039547555
IT,A,Nationally Determined Contributions (NDCs),2046,0.7473102658662888,73.0365272745013
IT,B,Nationally Determined Contributions (NDCs),2046,0.030277531622326916,1.3332538501062086
IT,C,Nationally Determined Contributions (NDCs),2046,0.02201432468392072,0.506933156265739
IT,D,Nationally Determined Contributions (NDCs),2046,0.16496687838707944,14.802188526581677
IT,E,Nationally Determined Contributions (NDCs),2046,0.0985779567707242,8.16329636494594
IT,F,Nationally Determined Contributions (NDCs),2046,0.019035918392161375,0.20909252709077705
IT,G,Nationally Determined Contributions (NDCs),2046,0.021761681008342387,0.4816687887077575
IT,H,Nationally Determined Contributions (NDCs),2046,0.06767888815131032,5.073389503004604
IT,I,Nationally Determined Contributions (NDCs),2046,0.017974143841289467,0.10291507200250027
IT,J,Nationally Determined Contributions (NDCs),2046,0.017021065652593623,0.0076072531336188005
IT,L,Nationally Determined Contributions (NDCs),2046,0.017057435176872908,0.011244205560810643
IT,M,Nationally Determined Contributions (NDCs),2046,0.017267706186789526,0.03227130655247165
IT,N,Nationally Determined Contributions (NDCs),2046,0.017927856005811475,0.09828628845487955
IT,P,Nationally Determined Contributions (NDCs),2046,0.017446336679890907,0.050134355862587604
IT,Q,Nationally Determined Contributions (NDCs),2046,0.018393723786218716,0.14487306649538942
IT,R,Nationally Determined Contributions (NDCs),2046,0.018150282287718804,0.12052891664539966
IT,S,Nationally Determined Contributions (NDCs),2046,0.018577483483481965,0.16324903622135603
IT,A,Nationally Determined Contributions (NDCs),2047,0.7478091674758407,73.08641743545648
IT,B,Nationally Determined Contributions (NDCs),2047,0.029863407630427337,1.2918414509162506
IT,C,Nationally Determined Contributions (NDCs),2047,0.021936651171094734,0.49916580498314056
IT,D,Nationally Determined Contributions (NDCs),2047,0.16373611589755072,14.679112277628805
IT,E,Nationally Determined Contributions (NDCs),2047,0.09745606987679092,8.051107675552615
IT,F,Nationally Determined Contributions (NDCs),2047,0.019004874847712183,0.20598817264585817
IT,G,Nationally Determined Contributions (NDCs),2047,0.021655817978908337,0.4710824857643534
IT,H,Nationally Determined Contributions (NDCs),2047,0.06702319545017095,5.007820232890669
IT,I,Nationally Determined Contributions (NDCs),2047,0.017955319285715154,0.10103261644506913
IT,J,Nationally Determined Contributions (NDCs),2047,0.01701975907754829,0.007476595629085108
IT,L,Nationally Determined Contributions (NDCs),2047,0.01705549740514573,0.011050428388092953
IT,M,Nationally Determined Contributions (NDCs),2047,0.01726137255224322,0.03163794309784192
IT,N,Nationally Determined Contributions (NDCs),2047,0.017909736585459513,0.09647434641968311
IT,P,Nationally Determined Contributions (NDCs),2047,0.017437660175422434,0.0492667054157403
IT,Q,Nationally Determined Contributions (NDCs),2047,0.018368013233745935,0.14230201124811093
IT,R,Nationally Determined Contributions (NDCs),2047,0.01812686217749429,0.11818690562294826
IT,S,Nationally Determined Contributions (NDCs),2047,0.018545633503498356,0.16006403822299528
IT,A,Nationally Determined Contributions (NDCs),2048,0.7504453450328259,73.35003519115496
IT,B,Nationally Determined Contributions (NDCs),2048,0.029461608205983803,1.2516615084718967
IT,C,Nationally Determined Contributions (NDCs),2048,0.0218586617931717,0.49136686719083705
IT,D,Nationally Determined Contributions (NDCs),2048,0.16252318965146734,14.55781965302046
IT,E,Nationally Determined Contributions (NDCs),2048,0.09634852549133692,7.940353237007209
IT,F,Nationally Determined Contributions (NDCs),2048,0.01897389646298268,0.2028903341729078
IT,G,Nationally Determined Contributions (NDCs),2048,0.021550746233790018,0.4605753112525206
IT,H,Nationally Determined Contributions (NDCs),2048,0.0663961386264433,4.945114550517904
IT,I,Nationally Determined Contributions (NDCs),2048,0.01793651182918127,0.0991518707916806
IT,J,Nationally Determined Contributions (NDCs),2048,0.01701845076330708,0.007345764204964542
IT,L,Nationally Determined Contributions (NDCs),2048,0.017053557285985777,0.010856416472097877
IT,M,Nationally Determined Contributions (NDCs),2048,0.017255067705898602,0.031007458463379826
IT,N,Nationally Determined Contributions (NDCs),2048,0.017891638024394543,0.09466449031318602
IT,P,Nationally Determined Contributions (NDCs),2048,0.01742897442568103,0.04839813044159973
IT,Q,Nationally Determined Contributions (NDCs),2048,0.018342297941170628,0.1397304819905807
IT,R,Nationally Determined Contributions (NDCs),2048,0.018103516706287882,0.11585235850230756
IT,S,Nationally Determined Contributions (NDCs),2048,0.01851389189573666,0.15688987744682592
IT,A,Nationally Determined Contributions (NDCs),2049,0.7509483410786371,73.40033479573611
IT,B,Nationally Determined Contributions (NDCs),2049,0.029071653740300307,1.212666061903547
IT,C,Nationally Determined Contributions (NDCs),2049,0.02178093368197892,0.483594056071559
IT,D,Nationally Determined Contributions (NDCs),2049,0.16132175795014203,14.437676482887937
IT,E,Nationally Determined Contributions (NDCs),2049,0.09526857552939232,7.83235824081275
IT,F,Nationally Determined Contributions (NDCs),2049,0.018943040146545458,0.1998047025291872
IT,G,Nationally Determined Contributions (NDCs),2049,0.021446605394923258,0.45016122736584496
IT,H,Nationally Determined Contributions (NDCs),2049,0.0658250465524778,4.888005343121353
IT,I,Nationally Determined Contributions (NDCs),2049,0.01791774758077032,0.09727544595058532
IT,J,Nationally Determined Contributions (NDCs),2049,0.017017142527540236,0.007214940628279106
IT,L,Nationally Determined Contributions (NDCs),2049,0.017051617515121104,0.010662439385630277
IT,M,Nationally Determined Contributions (NDCs),2049,0.017248799858922196,0.030380673765739285
IT,N,Nationally Determined Contributions (NDCs),2049,0.017873585482133473,0.09285923608707893
IT,P,Nationally Determined Contributions (NDCs),2049,0.017420291502237808,0.047529838097279745
IT,Q,Nationally Determined Contributions (NDCs),2049,0.01831661366533892,0.13716205440741097
IT,R,Nationally Determined Contributions (NDCs),2049,0.018080277935159067,0.11352848138942609
IT,S,Nationally Determined Contributions (NDCs),2049,0.018482302078709354,0.15373089574409501
IT,A,Nationally Determined Contributions (NDCs),2050,0.7514574607509494,73.45124676296734
IT,B,Nationally Determined Contributions (NDCs),2050,0.028692861310971537,1.1747868189706703
IT,C,Nationally Determined Contributions (NDCs),2050,0.021703851950691248,0.47588588294279216
IT,D,Nationally Determined Contributions (NDCs),2050,0.16005307124993065,14.310807812866797
IT,E,Nationally Determined Contributions (NDCs),2050,0.0942231358664141,7.727814274514929
IT,F,Nationally Determined Contributions (NDCs),2050,0.018912307231703233,0.19673141104496455
IT,G,Nationally Determined Contributions (NDCs),2050,0.021343390139333035,0.4398397018068227
IT,H,Nationally Determined Contributions (NDCs),2050,0.06530222727171692,4.835723415045265
IT,I,Nationally Determined Contributions (NDCs),2050,0.017899026848745808,0.09540337274813397
IT,J,Nationally Determined Contributions (NDCs),2050,0.017015834399414845,0.007084127815740791
IT,L,Nationally Determined Contributions (NDCs),2050,0.01704967813558474,0.010468501431994185
IT,M,Nationally Determined Contributions (NDCs),2050,0.017242568532062644,0.029757541079783574
IT,N,Nationally Determined Contributions (NDCs),2050,0.01785557927937797,0.09105861581152849
IT,P,Nationally Determined Contributions (NDCs),2050,0.01741161159806442,0.04666184767994109
IT,Q,Nationally Determined Contributions (NDCs),2050,0.018290960946468735,0.1345967825203928
IT,R,Nationally Determined Contributions (NDCs),2050,0.01805714578466809,0.11121526634032865
IT,S,Nationally Determined Contributions (NDCs),2050,0.018450863759004423,0.15058706377360212
IT,A,Net Zero 2050,2025,0.016944993121276078,0.0
IT,B,Net Zero 2050,2025,0.016944993121264833,0.0
IT,C,Net Zero 2050,2025,0.016944993121263328,0.0
IT,D,Net Zero 2050,2025,0.016944993121262672,0.0
IT,E,Net Zero 2050,2025,0.016944993121264806,0.0
IT,F,Net Zero 2050,2025,0.016944993121253592,0.0
IT,G,Net Zero 2050,2025,0.01694499312126481,0.0
IT,H,Net Zero 2050,2025,0.016944993121264258,0.0
IT,I,Net Zero 2050,2025,0.016944993121264466,0.0
IT,J,Net Zero 2050,2025,0.01694499312125744,0.0
IT,L,Net Zero 2050,2025,0.016944993121264802,0.0
IT,M,Net Zero 2050,2025,0.016944993121264806,0.0
IT,N,Net Zero 2050,2025,0.016944993121262682,0.0
IT,P,Net Zero 2050,2025,0.01694499312126501,0.0
IT,Q,Net Zero 2050,2025,0.016944993121264806,0.0
IT,R,Net Zero 2050,2025,0.016944993121264806,0.0
IT,S,Net Zero 2050,2025,0.0169449931212684,0.0
IT,A,Net Zero 2050,2026,0.16442126828039513,14.747627515911905
IT,B,Net Zero 2050,2026,0.020171178669732167,0.3226185548467331
IT,C,Net Zero 2050,2026,0.01820734297139906,0.12623498501357325
IT,D,Net Zero 2050,2026,0.055286125496996574,3.834113237573391
IT,E,Net Zero 2050,2026,0.041246673749161925,2.4301680627897113
IT,F,Net Zero 2050,2026,0.017625912573688875,0.06809194524352831
IT,G,Net Zero 2050,2026,0.01788738531548806,0.0942392194223252
IT,H,Net Zero 2050,2026,0.026358361326122293,0.9413368204858035
IT,I,Net Zero 2050,2026,0.017180786075378623,0.023579295411415957
IT,J,Net Zero 2050,2026,0.016963307210921593,0.0018314089664152702
IT,L,Net Zero 2050,2026,0.016971992942551747,0.0026999821286945985
IT,M,Net Zero 2050,2026,0.017016024660567727,0.007103153930291933
IT,N,Net Zero 2050,2026,0.01716862994752497,0.022363682626228516
IT,P,Net Zero 2050,2026,0.01706497773881576,0.011998461755072937
IT,Q,Net Zero 2050,2026,0.017284915924506643,0.033992280324182
IT,R,Net Zero 2050,2026,0.017208188102243616,0.026319498097881117
IT,S,Net Zero 2050,2026,0.017300672118230324,0.03556789969619232
IT,A,Net Zero 2050,2027,0.34914312843796214,33.219813531668606
IT,B,Net Zero 2050,2027,0.02341833036776167,0.6473337246496841
IT,C,Net Zero 2050,2027,0.02017363343936893,0.3228640318105601
IT,D,Net Zero 2050,2027,0.1130852527193742,9.614025959811151
IT,E,Net Zero 2050,2027,0.06951325916030979,5.256826603904498
IT,F,Net Zero 2050,2027,0.018296988964226605,0.1351995842973005
IT,G,Net Zero 2050,2027,0.018792311984437482,0.18473188631726728
IT,H,Net Zero 2050,2027,0.037174994193484065,2.0230001072219803
IT,I,Net Zero 2050,2027,0.017389165030403483,0.04441719091390215
IT,J,Net Zero 2050,2027,0.016979035213251868,0.003404209199442704
IT,L,Net Zero 2050,2027,0.016995215373405103,0.005022225214030191
IT,M,Net Zero 2050,2027,0.01707977414804005,0.013478102677524792
IT,N,Net Zero 2050,2027,0.017367086949356916,0.04220938280942316
IT,P,Net Zero 2050,2027,0.017168379561692256,0.022338644042722497
IT,Q,Net Zero 2050,2027,0.017581276746052008,0.06362836247871873
IT,R,Net Zero 2050,2027,0.017446958570972962,0.05019654497081623
IT,S,Net Zero 2050,2027,0.017623593910605004,0.06786007893366051
IT,A,Net Zero 2050,2028,0.483446372241498,46.65013791202219
IT,B,Net Zero 2050,2028,0.02895572266724691,1.2010729545982077
IT,C,Net Zero 2050,2028,0.02179710817984315,0.4852115058579824
IT,D,Net Zero 2050,2028,0.12886838013767796,11.192338701641532
IT,E,Net Zero 2050,2028,0.09564298368490941,7.869799056364461
IT,F,Net Zero 2050,2028,0.018953830548190526,0.2008837426936928
IT,G,Net Zero 2050,2028,0.01964058551133524,0.2695592390070431
IT,H,Net Zero 2050,2028,0.05062324513341391,3.367825201214965
IT,I,Net Zero 2050,2028,0.01757007911720394,0.06250859959394794
IT,J,Net Zero 2050,2028,0.016992358369398903,0.004736524814146396
IT,L,Net Zero 2050,2028,0.017014912700540927,0.006991957927612452
IT,M,Net Zero 2050,2028,0.01713621821242273,0.01912250911579229
IT,N,Net Zero 2050,2028,0.017539971426546095,0.05949783052834132
IT,P,Net Zero 2050,2028,0.017256231324728217,0.031123820346318568
IT,Q,Net Zero 2050,2028,0.017835566158785482,0.08905730375206582
IT,R,Net Zero 2050,2028,0.017659161691358595,0.0714168570093791
IT,S,Net Zero 2050,2028,0.01791090058309499,0.0965907461826587
IT,A,Net Zero 2050,2029,0.5906026983093489,57.36577051880728
IT,B,Net Zero 2050,2029,0.029363479798610127,1.2418486677345293
IT,C,Net Zero 2050,2029,0.023119600994087858,0.6174607872824529
IT,D,Net Zero 2050,2029,0.11489409436951971,9.794910124825702
IT,E,Net Zero 2050,2029,0.11780388922227182,10.085889610100704
IT,F,Net Zero 2050,2029,0.019591797381959306,0.2646804260705721
IT,G,Net Zero 2050,2029,0.02040926396963943,0.34642708483746226
IT,H,Net Zero 2050,2029,0.06284091934412757,4.58959262228633
IT,I,Net Zero 2050,2029,0.01772360852095509,0.07786153996906238
IT,J,Net Zero 2050,2029,0.017003432534992733,0.005843941373529641
IT,L,Net Zero 2050,2029,0.017031303097686804,0.008630997642200842
IT,M,Net Zero 2050,2029,0.017185169069621566,0.024017594835676094
IT,N,Net Zero 2050,2029,0.017687083191716628,0.07420900704539422
IT,P,Net Zero 2050,2029,0.01732943521368121,0.03844420924161776
IT,Q,Net Zero 2050,2029,0.018049215077081807,0.11042219558169838
IT,R,Net Zero 2050,2029,0.017842931268143854,0.0897938146879049
IT,S,Net Zero 2050,2029,0.018160024164010233,0.1215031042741828
IT,A,Net Zero 2050,2030,0.6798176767318325,66.28726836105565
IT,B,Net Zero 2050,2030,0.024538428433825404,0.7593435312560568
IT,C,Net Zero 2050,2030,0.024359122741864327,0.7414129620600998
IT,D,Net Zero 2050,2030,0.06516203536310473,4.821704224184207
IT,E,Net Zero 2050,2030,0.13752472457218157,12.057973145091678
IT,F,Net Zero 2050,2030,0.020206013429427534,0.32610203081739303
IT,G,Net Zero 2050,2030,0.021075655846990567,0.41306627257257583
IT,H,Net Zero 2050,2030,0.07266937845420468,5.572438533294042
IT,I,Net Zero 2050,2030,0.017849878614595492,0.09048854933310291
IT,J,Net Zero 2050,2030,0.01701238611967291,0.006739299841547244
IT,L,Net Zero 2050,2030,0.017044566960310176,0.009957383904537332
IT,M,Net Zero 2050,2030,0.0172263105965488,0.028131747528399993
IT,N,Net Zero 2050,2030,0.01780832858685339,0.08633354655907019
IT,P,Net Zero 2050,2030,0.017388742056650155,0.04437489353851243
IT,Q,Net Zero 2050,2030,0.018223480226584193,0.1278487105319367
IT,R,Net Zero 2050,2030,0.017996666004790277,0.10516728835254713
IT,S,Net Zero 2050,2030,0.018368697472228288,0.14237043509598846
IT,A,Net Zero 2050,2031,0.7802044245604797,76.32594314392038
IT,B,Net Zero 2050,2031,0.024892584165608012,0.7947591044343184
IT,C,Net Zero 2050,2031,0.0270715235174879,1.0126530396224571
IT,D,Net Zero 2050,2031,0.059612009950774564,4.266701682951189
IT,E,Net Zero 2050,2031,0.17310087003913827,15.615587691787347
IT,F,Net Zero 2050,2031,0.021419810229831363,0.4474817108577775
IT,G,Net Zero 2050,2031,0.022684383585289774,0.5739390464024967
IT,H,Net Zero 2050,2031,0.09034858353598532,7.340359041472104
IT,I,Net Zero 2050,2031,0.018133153897969944,0.1188160776705481
IT,J,Net Zero 2050,2031,0.017031987069933214,0.00869939486757748
IT,L,Net Zero 2050,2031,0.01707364172655637,0.012864860529157574
IT,M,Net Zero 2050,2031,0.017322187148722284,0.037719402745747775
IT,N,Net Zero 2050,2031,0.01808107767578054,0.1136084554517854
IT,P,Net Zero 2050,2031,0.017518951925144917,0.05739588038798857
IT,Q,Net Zero 2050,2031,0.018609787954642427,0.16647948333776044
IT,R,Net Zero 2050,2031,0.0183502544712058,0.14052613499409955
IT,S,Net Zero 2050,2031,0.018849728133587842,0.19047350123194418
IT,A,Net Zero 2050,2032,0.8390230147811454,82.20780216598693
IT,B,Net Zero 2050,2032,0.023152035553583056,0.6207042432318222
IT,C,Net Zero 2050,2032,0.029762679904680966,1.2817686783417632
IT,D,Net Zero 2050,2032,0.03508481192812459,1.813981880686191
IT,E,Net Zero 2050,2032,0.2091262537842957,19.218126066303086
IT,F,Net Zero 2050,2032,0.02254112757640708,0.5596134455153479
IT,G,Net Zero 2050,2032,0.024203356406570422,0.7258363285305617
IT,H,Net Zero 2050,2032,0.10450222402660976,8.75572309053455
IT,I,Net Zero 2050,2032,0.018376226727148122,0.14312336058836583
IT,J,Net Zero 2050,2032,0.01704829689497884,0.01033037737213956
IT,L,Net Zero 2050,2032,0.017097874605161677,0.015288148389687402
IT,M,Net Zero 2050,2032,0.01740931298452058,0.04643198632557749
IT,N,Net Zero 2050,2032,0.018315820605626608,0.13708274843639237
IT,P,Net Zero 2050,2032,0.017627693381936337,0.06827002606713053
IT,Q,Net Zero 2050,2032,0.018936317998682454,0.19913248774176326
IT,R,Net Zero 2050,2032,0.018663420808409308,0.17184276871445092
IT,S,Net Zero 2050,2032,0.019277232900891783,0.233223977962338
IT,A,Net Zero 2050,2033,0.8795793926583806,86.26343995371047
IT,B,Net Zero 2050,2033,0.02018104243246172,0.32360493111968863
IT,C,Net Zero 2050,2033,0.03271343746731752,1.5768444346054198
IT,D,Net Zero 2050,2033,0.018790785367093794,0.18457922458311218
IT,E,Net Zero 2050,2033,0.22929943370711456,21.235444058584974
IT,F,Net Zero 2050,2033,0.02351805550675611,0.6573062385502508
IT,G,Net Zero 2050,2033,0.025564871109369048,0.8619877988104244
IT,H,Net Zero 2050,2033,0.1167969095746395,9.985191645337524
IT,I,Net Zero 2050,2033,0.018575757235667133,0.16307641144026752
IT,J,Net Zero 2050,2033,0.017061352770351586,0.011635964909414293
IT,L,Net Zero 2050,2033,0.017117299201682278,0.017230608041747697
IT,M,Net Zero 2050,2033,0.017484876543269724,0.05398834220049187
IT,N,Net Zero 2050,2033,0.018508898113275,0.1563904992012316
IT,P,Net Zero 2050,2033,0.017714998527514163,0.07700054062491322
IT,Q,Net Zero 2050,2033,0.019201068574809597,0.22560754535447752
IT,R,Net Zero 2050,2033,0.018927295355052484,0.1982302233787675
IT,S,Net Zero 2050,2033,0.019638674291388294,0.2693681170119889
IT,A,Net Zero 2050,2034,0.9155241808288535,89.85791877075773
IT,B,Net Zero 2050,2034,0.01711248148791898,0.016748836665414456
IT,C,Net Zero 2050,2034,0.03431497941328607,1.7369986292022739
IT,D,Net Zero 2050,2034,0.016944993121262672,1.9512612888691153e-17
IT,E,Net Zero 2050,2034,0.24538314414400714,22.843815102274238
IT,F,Net Zero 2050,2034,0.024308174764883162,0.7363181643629559
IT,G,Net Zero 2050,2034,0.02669013746062161,0.9745144339356802
IT,H,Net Zero 2050,2034,0.1287049121768202,11.175991905555591
IT,I,Net Zero 2050,2034,0.018729575182869187,0.17845820616047237
IT,J,Net Zero 2050,2034,0.01707122233252294,0.012622921126550064
IT,L,Net Zero 2050,2034,0.017131998867164218,0.018700574589941704
IT,M,Net Zero 2050,2034,0.017545941812040226,0.06009486907754217
IT,N,Net Zero 2050,2034,0.018657924180505124,0.17129310592424388
IT,P,Net Zero 2050,2034,0.017781149355524207,0.08361562342591757
IT,Q,Net Zero 2050,2034,0.019403210322588373,0.24582172013235504
IT,R,Net Zero 2050,2034,0.019134909221620422,0.21899161003556197
IT,S,Net Zero 2050,2034,0.019923927182898163,0.29789340616297594
IT,A,Net Zero 2050,2035,0.9508656924425081,93.3920699321232
IT,B,Net Zero 2050,2035,0.016944993121264833,2.1573986006921293e-18
IT,C,Net Zero 2050,2035,0.03573531131804746,1.8790318196784135
IT,D,Net Zero 2050,2035,0.016944993121262672,4.676974216860994e-17
IT,E,Net Zero 2050,2035,0.25529452111614537,23.834952799488057
IT,F,Net Zero 2050,2035,0.024881241414025493,0.7936248292771899
IT,G,Net Zero 2050,2035,0.02750894255129206,1.0563949430027249
IT,H,Net Zero 2050,2035,0.14042220516653026,12.3477212045266
IT,I,Net Zero 2050,2035,0.018836524621458434,0.18915315001939728
IT,J,Net Zero 2050,2035,0.017077988024564006,0.013299490330656742
IT,L,Net Zero 2050,2035,0.017142083489714514,0.019709036844971273
IT,M,Net Zero 2050,2035,0.017589954791484577,0.06449616702197722
IT,N,Net Zero 2050,2035,0.018761613270949613,0.18166201496869325
IT,P,Net Zero 2050,2035,0.017826572455744337,0.08815793344793058
IT,Q,Net Zero 2050,2035,0.019542784223109604,0.25977911018447836
IT,R,Net Zero 2050,2035,0.01928140581020328,0.23364126889384793
IT,S,Net Zero 2050,2035,0.02012571174584375,0.31807186245753477
IT,A,Net Zero 2050,2036,0.9718464021248484,95.49014090035723
IT,B,Net Zero 2050,2036,0.016944993121264833,1.1089000348706343e-17
IT,C,Net Zero 2050,2036,0.038554079204441996,2.1609086083178664
IT,D,Net Zero 2050,2036,0.016944993121262672,-3.8472595889058363e-17
IT,E,Net Zero 2050,2036,0.27392214874411,25.69771556228451
IT,F,Net Zero 2050,2036,0.026073284437888665,0.912829131663506
IT,G,Net Zero 2050,2036,0.029385652407854353,1.2440659286589544
IT,H,Net Zero 2050,2036,0.15926852490272572,14.232353178146145
IT,I,Net Zero 2050,2036,0.019070539978567703,0.21255468573032388
IT,J,Net Zero 2050,2036,0.017092526167945432,0.014753304668799132
IT,L,Net Zero 2050,2036,0.017163775065042665,0.021878194377786542
IT,M,Net Zero 2050,2036,0.017690962410947406,0.07459692896825977
IT,N,Net Zero 2050,2036,0.018988628101778926,0.20436349805162435
IT,P,Net Zero 2050,2036,0.017924387015528363,0.0979393894263332
IT,Q,Net Zero 2050,2036,0.019845482042140174,0.2900488920875352
IT,R,Net Zero 2050,2036,0.01960802616174304,0.26630330404782343
IT,S,Net Zero 2050,2036,0.020577266271584498,0.36322731503160954
IT,A,Net Zero 2050,2037,0.9766913552545051,95.97463621332292
IT,B,Net Zero 2050,2037,0.016944993121264833,-3.4943905955334955e-17
IT,C,Net Zero 2050,2037,0.040394704710197446,2.344971158893412
IT,D,Net Zero 2050,2037,0.016944993121262672,2.160501112321279e-16
IT,E,Net Zero 2050,2037,0.28545704490850393,26.851205178723912
IT,F,Net Zero 2050,2037,0.026870602216982925,0.9925609095729327
IT,G,Net Zero 2050,2037,0.03072669462296099,1.3781701501696184
IT,H,Net Zero 2050,2037,0.17397369199407,15.70286988728057
IT,I,Net Zero 2050,2037,0.019230970246736402,0.22859771254719363
IT,J,Net Zero 2050,2037,0.017102290235741127,0.015729711448368915
IT,L,Net Zero 2050,2037,0.017178360221193338,0.023336709992853647
IT,M,Net Zero 2050,2037,0.017764056883023675,0.0819063761758868
IT,N,Net Zero 2050,2037,0.019144306475426174,0.21993133541634916
IT,P,Net Zero 2050,2037,0.0179902413702005,0.10452482489354681
IT,Q,Net Zero 2050,2037,0.020050924537363176,0.3105931416098356
IT,R,Net Zero 2050,2037,0.01983668598318495,0.28916928619201443
IT,S,Net Zero 2050,2037,0.020894936998311988,0.3949943877043588
IT,A,Net Zero 2050,2038,0.9813584020639976,96.44134089427216
IT,B,Net Zero 2050,2038,0.016944993121264833,-1.38533851873901e-17
IT,C,Net Zero 2050,2038,0.04117468549716437,2.422969237590104
IT,D,Net Zero 2050,2038,0.016944993121262672,-2.6893771733491863e-16
IT,E,Net Zero 2050,2038,0.2907975113860211,27.38525182647563
IT,F,Net Zero 2050,2038,0.02723573425003552,1.029074112878192
IT,G,Net Zero 2050,2038,0.03145624128339199,1.4511248162127186
IT,H,Net Zero 2050,2038,0.18899372698997174,17.20487338687075
IT,I,Net Zero 2050,2038,0.019316240554121775,0.23712474328573085
IT,J,Net Zero 2050,2038,0.017107415369613303,0.016242224835586443
IT,L,Net Zero 2050,2038,0.017186021337325573,0.02410282160607714
IT,M,Net Zero 2050,2038,0.017804188403002425,0.08591952817376218
IT,N,Net Zero 2050,2038,0.019227047934916072,0.2282054813653388
IT,P,Net Zero 2050,2038,0.01802485976885305,0.10798666475880202
IT,Q,Net Zero 2050,2038,0.020159455252429154,0.32144621311643296
IT,R,Net Zero 2050,2038,0.019959761716239914,0.3014768594975109
IT,S,Net Zero 2050,2038,0.02106652269276295,0.4121529571494546
IT,A,Net Zero 2050,2039,0.9817413892451722,96.4796396123896
IT,B,Net Zero 2050,2039,0.016944993121264833,-7.334141785477008e-19
IT,C,Net Zero 2050,2039,0.041026194286012896,2.408120116474957
IT,D,Net Zero 2050,2039,0.016944993121262672,-1.5468123707155503e-16
IT,E,Net Zero 2050,2039,0.2897475853427183,27.280259222145336
IT,F,Net Zero 2050,2039,0.02716295025659044,1.0217957135336857
IT,G,Net Zero 2050,2039,0.03154931368427807,1.460432056301326
IT,H,Net Zero 2050,2039,0.1989171957103073,18.197220258904302
IT,I,Net Zero 2050,2039,0.019327022676655713,0.23820295553912502
IT,J,Net Zero 2050,2039,0.017108060297389146,0.01630671761317062
IT,L,Net Zero 2050,2039,0.017186985648010973,0.02419925267461743
IT,M,Net Zero 2050,2039,0.01780932563246007,0.08643325111952654
IT,N,Net Zero 2050,2039,0.019237509633410546,0.2292516512147864
IT,P,Net Zero 2050,2039,0.018029218537421034,0.10842254161560032
IT,Q,Net Zero 2050,2039,0.020173146338019216,0.32281532167543947
IT,R,Net Zero 2050,2039,0.019975399415157736,0.3030406293892931
IT,S,Net Zero 2050,2039,0.021088356341977532,0.41433632207091337
IT,A,Net Zero 2050,2040,0.9821354331059305,96.51904399846546
IT,B,Net Zero 2050,2040,0.016944993121264833,1.2166486425039104e-15
IT,C,Net Zero 2050,2040,0.03992383901682996,2.297884589556663
IT,D,Net Zero 2050,2040,0.016944993121262672,-4.0132190280932903e-17
IT,E,Net Zero 2050,2040,0.28267571415417436,26.57307210329096
IT,F,Net Zero 2050,2040,0.02667369774864195,0.9728704627388349
IT,G,Net Zero 2050,2040,0.031025194500235637,1.4080201378970831
IT,H,Net Zero 2050,2040,0.20594162890348064,18.89966357822164
IT,I,Net Zero 2050,2040,0.01926602400457374,0.23210308833092747
IT,J,Net Zero 2050,2040,0.017104402466906744,0.015940934564930436
IT,L,Net Zero 2050,2040,0.017181517159786386,0.023652403852158155
IT,M,Net Zero 2050,2040,0.017780447530161038,0.0835454408896234
IT,N,Net Zero 2050,2040,0.019178321567561732,0.2233328446299047
IT,P,Net Zero 2050,2040,0.018004504410673517,0.10595112894084859
IT,Q,Net Zero 2050,2040,0.020095595436319662,0.31506023150548385
IT,R,Net Zero 2050,2040,0.019887152915833366,0.29421597945685635
IT,S,Net Zero 2050,2040,0.020965241617797017,0.4020248496528621
IT,A,Net Zero 2050,2041,0.9832040351263317,96.62590420050556
IT,B,Net Zero 2050,2041,0.016944993121264833,-3.647116930007521e-18
IT,C,Net Zero 2050,2041,0.04158816467815898,2.464317155689566
IT,D,Net Zero 2050,2041,0.01694499312126268,1.7395500034484836e-16
IT,E,Net Zero 2050,2041,0.2943244960688412,27.737950294757646
IT,F,Net Zero 2050,2041,0.027415360644796615,1.0470367523543018
IT,G,Net Zero 2050,2041,0.03142790528109421,1.4482912159829404
IT,H,Net Zero 2050,2041,0.22085052952675055,20.390553640548625
IT,I,Net Zero 2050,2041,0.019312953714031307,0.23679605927668454
IT,J,Net Zero 2050,2041,0.017107218630056036,0.01622255087985973
IT,L,Net Zero 2050,2041,0.01718572717963578,0.024073405837098036
IT,M,Net Zero 2050,2041,0.017802625148815747,0.0857632027550939
IT,N,Net Zero 2050,2041,0.01922385873671305,0.22788656154503706
IT,P,Net Zero 2050,2041,0.01802353020923731,0.10785370879722797
IT,Q,Net Zero 2050,2041,0.020155280208543444,0.32102870872786204
IT,R,Net Zero 2050,2041,0.01995499803810123,0.3010004916836425
IT,S,Net Zero 2050,2041,0.021059873043541216,0.41148799222728105
IT,A,Net Zero 2050,2042,0.9836125291707548,96.66675360494787
IT,B,Net Zero 2050,2042,0.016944993121264833,2.8357255043122873e-17
IT,C,Net Zero 2050,2042,0.0417846870790934,2.483969395783007
IT,D,Net Zero 2050,2042,0.016944993121262672,-1.8284404397976746e-16
IT,E,Net Zero 2050,2042,0.29572976906506765,27.87847759438028
IT,F,Net Zero 2050,2042,0.02751318789937894,1.0568194778125344
IT,G,Net Zero 2050,2042,0.030572515750290137,1.3627522629025326
IT,H,Net Zero 2050,2042,0.23110708957171333,21.416209645044905
IT,I,Net Zero 2050,2042,0.01921277319973368,0.22677800784692181
IT,J,Net Zero 2050,2042,0.017101190773611535,0.015619765235409854
IT,L,Net Zero 2050,2042,0.01717671721657859,0.023172409531378543
IT,M,Net Zero 2050,2042,0.01775560737746743,0.08106142562026329
IT,N,Net Zero 2050,2042,0.019126648303912544,0.21816551826498598
IT,P,Net Zero 2050,2042,0.017982819537213365,0.10378264159483334
IT,Q,Net Zero 2050,2042,0.020027704542622277,0.30827114213574575
IT,R,Net Zero 2050,2042,0.01981055864225318,0.2865565520988373
IT,S,Net Zero 2050,2042,0.0208585678867395,0.39135747654710973
IT,A,Net Zero 2050,2043,0.9840081534751132,96.70631603538371
IT,B,Net Zero 2050,2043,0.016944993121264833,-1.1210380609249394e-17
IT,C,Net Zero 2050,2043,0.04063765536546499,2.3692662244201665
IT,D,Net Zero 2050,2043,0.01694499312126268,2.1679087258047196e-16
IT,E,Net Zero 2050,2043,0.2870777155090858,27.013272238782093
IT,F,Net Zero 2050,2043,0.02698403275977922,1.003903963852563
IT,G,Net Zero 2050,2043,0.028616048331637493,1.1671055210372685
IT,H,Net Zero 2050,2043,0.23825358146163653,22.13085883403723
IT,I,Net Zero 2050,2043,0.01897611605409152,0.20311229328270555
IT,J,Net Zero 2050,2043,0.017086703166558387,0.014171004530094233
IT,L,Net Zero 2050,2043,0.017155083314584738,0.021009019331994075
IT,M,Net Zero 2050,2043,0.01764941343555619,0.07044203142913837
IT,N,Net Zero 2050,2043,0.018897012749106813,0.19520196278441282
IT,P,Net Zero 2050,2043,0.017885174793580903,0.09401816723158715
IT,Q,Net Zero 2050,2043,0.019723784436000247,0.2778791314735424
IT,R,Net Zero 2050,2043,0.01947523994060921,0.2530246819344409
IT,S,Net Zero 2050,2043,0.02039339509989044,0.34484019786220366
IT,A,Net Zero 2050,2044,0.984200318940888,96.72553258196119
IT,B,Net Zero 2050,2044,0.016944993121264833,1.080226113482294e-17
IT,C,Net Zero 2050,2044,0.03811438298921633,2.1169389867953003
IT,D,Net Zero 2050,2044,0.016944993121262672,1.7326243643788366e-17
IT,E,Net Zero 2050,2044,0.2712305577444595,25.428556462319467
IT,F,Net Zero 2050,2044,0.025898502566150592,0.8953509444897007
IT,G,Net Zero 2050,2044,0.025880646406656736,0.8935653285391927
IT,H,Net Zero 2050,2044,0.2413131399266429,22.43681468053787
IT,I,Net Zero 2050,2044,0.018619832055405953,0.1674838934141494
IT,J,Net Zero 2050,2044,0.01706419782485438,0.011920470359693767
IT,L,Net Zero 2050,2044,0.017121535219367344,0.017654209810254427
IT,M,Net Zero 2050,2044,0.01750211293697616,0.05571198157113547
IT,N,Net Zero 2050,2044,0.01855158563644937,0.16065925151866867
IT,P,Net Zero 2050,2044,0.01773405404078472,0.07890609195196872
IT,Q,Net Zero 2050,2044,0.019259161425225484,0.23141683039606636
IT,R,Net Zero 2050,2044,0.018986412136275527,0.2041419015010722
IT,S,Net Zero 2050,2044,0.019719816469398656,0.2774823348130255
IT,A,Net Zero 2050,2045,0.9843803020740107,96.74353089527345
IT,B,Net Zero 2050,2045,0.016944993121264833,7.73196900721838e-18
IT,C,Net Zero 2050,2045,0.034444005875485656,1.7499012754222336
IT,D,Net Zero 2050,2045,0.016944993121262672,-6.5353641357532025e-18
IT,E,Net Zero 2050,2045,0.24675408831873843,22.980909519747364
IT,F,Net Zero 2050,2045,0.024371664572331166,0.7426671451077566
IT,G,Net Zero 2050,2045,0.0228732880760905,0.5928294954825694
IT,H,Net Zero 2050,2045,0.23912310165209402,22.21781085308298
IT,I,Net Zero 2050,2045,0.01816462587875093,0.12196327574864668
IT,J,Net Zero 2050,2045,0.01703412466298053,0.00891315417230945
IT,L,Net Zero 2050,2045,0.01707681565371753,0.013182253245272915
IT,M,Net Zero 2050,2045,0.017333192040040524,0.03881989187757305
IT,N,Net Zero 2050,2045,0.018111437737784276,0.11664446165215929
IT,P,Net Zero 2050,2045,0.01753318334312005,0.05881902218550193
IT,Q,Net Zero 2050,2045,0.01865231918125169,0.17073260599868692
IT,R,Net Zero 2050,2045,0.018390290646488453,0.1445297525223646
IT,S,Net Zero 2050,2045,0.01890430010218157,0.19593069809131688
IT,A,Net Zero 2050,2046,0.9849339432197142,96.7988950098438
IT,B,Net Zero 2050,2046,0.016944993121264833,1.7666410779547338e-17
IT,C,Net Zero 2050,2046,0.028503266869137952,1.1558273747874628
IT,D,Net Zero 2050,2046,0.01694499312126268,2.3852873617953207e-16
IT,E,Net Zero 2050,2046,0.1997221761350513,18.27771830137865
IT,F,Net Zero 2050,2046,0.022212361811481385,0.5267368690227789
IT,G,Net Zero 2050,2046,0.02281184475568343,0.5866851634418624
IT,H,Net Zero 2050,2046,0.24384837627012518,22.690338314886098
IT,I,Net Zero 2050,2046,0.018154428737020507,0.12094356157560458
IT,J,Net Zero 2050,2046,0.017033432925180392,0.00884398039229567
IT,L,Net Zero 2050,2046,0.017075788483738502,0.013079536247370042
IT,M,Net Zero 2050,2046,0.01732961792179882,0.03846248005340118
IT,N,Net Zero 2050,2046,0.018101599702845087,0.1156606581582401
IT,P,Net Zero 2050,2046,0.017528577297782618,0.058358417651758684
IT,Q,Net Zero 2050,2046,0.018638547125705025,0.1693554004440199
IT,R,Net Zero 2050,2046,0.018377302051367433,0.14323089301026254
IT,S,Net Zero 2050,2046,0.018886593272272576,0.19416001510041725
IT,A,Net Zero 2050,2047,0.9852169972212008,96.82720040999249
IT,B,Net Zero 2050,2047,0.016944993121264833,2.4881123307011086e-17
IT,C,Net Zero 2050,2047,0.021833601251088526,0.48886081298252
IT,D,Net Zero 2050,2047,0.016944993121262672,2.3593220989274646e-17
IT,E,Net Zero 2050,2047,0.10585169893076588,8.890670580950106
IT,F,Net Zero 2050,2047,0.019222335563529185,0.22773424422755842
IT,G,Net Zero 2050,2047,0.02209225844805936,0.5147265326794555
IT,H,Net Zero 2050,2047,0.23249573408487112,21.555074096360684
IT,I,Net Zero 2050,2047,0.018032141367942355,0.10871482466778914
IT,J,Net Zero 2050,2047,0.017025072860728283,0.00800797394708449
IT,L,Net Zero 2050,2047,0.017063379682897152,0.011838656163235019
IT,M,Net Zero 2050,2047,0.017287369451544087,0.03423763302792873
IT,N,Net Zero 2050,2047,0.017983708144848017,0.10387150235853329
IT,P,Net Zero 2050,2047,0.017472961479537082,0.05279683582720511
IT,Q,Net Zero 2050,2047,0.018472760703051587,0.15277675817867642
IT,R,Net Zero 2050,2047,0.018222775368361536,0.12777822470967257
IT,S,Net Zero 2050,2047,0.018676114574446644,0.1731121453178243
IT,A,Net Zero 2050,2048,0.9854437044030012,96.84987112817251
IT,B,Net Zero 2050,2048,0.016944993121264833,4.9274280256560404e-17
IT,C,Net Zero 2050,2048,0.016944993121263328,-5.940969156413327e-18
IT,D,Net Zero 2050,2048,0.016944993121262672,-2.404905206597306e-16
IT,E,Net Zero 2050,2048,0.016944993121264806,8.8118187350693e-17
IT,F,Net Zero 2050,2048,0.016944993121253586,-1.4315187252973914e-15
IT,G,Net Zero 2050,2048,0.02084362718577649,0.3898634064511687
IT,H,Net Zero 2050,2048,0.20973935816514486,19.27943650438806
IT,I,Net Zero 2050,2048,0.017806572493054618,0.08615793717901514
IT,J,Net Zero 2050,2048,0.017009330776485698,0.006433765522825881
IT,L,Net Zero 2050,2048,0.017040039552970905,0.00950464317061061
IT,M,Net Zero 2050,2048,0.01721210217094533,0.02671090496805276
IT,N,Net Zero 2050,2048,0.01776672105370632,0.08217279324436383
IT,P,Net Zero 2050,2048,0.01736849191230469,0.042349879103965864
IT,Q,Net Zero 2050,2048,0.018163859444638646,0.12188663233738252
IT,R,Net Zero 2050,2048,0.017943674106258866,0.0998680984994058
IT,S,Net Zero 2050,2048,0.018296738940185513,0.13517458189171103
IT,A,Net Zero 2050,2049,0.985678217561795,96.87332244405188
IT,B,Net Zero 2050,2049,0.016944993121264833,-9.890528911053832e-18
IT,C,Net Zero 2050,2049,0.016944993121263328,1.915365996781943e-17
IT,D,Net Zero 2050,2049,0.016944993121262672,-6.469134251038295e-17
IT,E,Net Zero 2050,2049,0.016944993121264806,3.331388253511803e-17
IT,F,Net Zero 2050,2049,0.0169449931212536,1.5082101502945655e-15
IT,G,Net Zero 2050,2049,0.0192567507377489,0.23117576164840928
IT,H,Net Zero 2050,2049,0.16800578282481285,15.106078970354858
IT,I,Net Zero 2050,2049,0.017489823826910274,0.05448307056458111
IT,J,Net Zero 2050,2049,0.0169864852758365,0.004149215457905308
IT,L,Net Zero 2050,2049,0.017006226841898304,0.0061233720633501795
IT,M,Net Zero 2050,2049,0.017111031469211873,0.016603834794706736
IT,N,Net Zero 2050,2049,0.017463213640246493,0.05182205189838123
IT,P,Net Zero 2050,2049,0.01721747520998756,0.02724820887225511
IT,Q,Net Zero 2050,2049,0.017723102160960978,0.07781090396961747
IT,R,Net Zero 2050,2049,0.017564453300462166,0.06194601791973635
IT,S,Net Zero 2050,2049,0.017782629540282178,0.08376364190137764
IT,A,Net Zero 2050,2050,0.9858620870981839,96.89170939769079
IT,B,Net Zero 2050,2050,0.016944993121264833,1.4205046331172698e-17
IT,C,Net Zero 2050,2050,0.016944993121263328,-6.134679185331669e-18
IT,D,Net Zero 2050,2050,0.016944993121262672,-4.169790868062859e-16
IT,E,Net Zero 2050,2050,0.016944993121264806,-1.993791008320459e-16
IT,F,Net Zero 2050,2050,0.0169449931212536,1.4235272885288407e-15
IT,G,Net Zero 2050,2050,0.017541203121637768,0.05962100003729622
IT,H,Net Zero 2050,2050,0.1089423461905666,9.199735306930233
IT,I,Net Zero 2050,2050,0.017096477147627277,0.015148402636281486
IT,J,Net Zero 2050,2050,0.016956823319775625,0.0011830198518189491
IT,L,Net Zero 2050,2050,0.016962428948033185,0.0017435826768385807
IT,M,Net Zero 2050,2050,0.0169905201169864,0.004552699572159218
IT,N,Net Zero 2050,2050,0.01708855120528143,0.014355808401874927
IT,P,Net Zero 2050,2050,0.017022447018714533,0.007745389744952258
IT,Q,Net Zero 2050,2050,0.01716393765514525,0.021894453388044702
IT,R,Net Zero 2050,2050,0.01711324794014846,0.016825481888365353
IT,S,Net Zero 2050,2050,0.017172346913411754,0.022735379214335185
DE,A,Below 2?C,2025,0.003931042862161828,0.0
DE,B,Below 2?C,2025,0.003931042862161756,0.0
DE,C,Below 2?C,2025,0.003931042862161844,0.0
DE,D,Below 2?C,2025,0.003931042862161848,0.0
DE,E,Below 2?C,2025,0.0039310428621580585,0.0
DE,F,Below 2?C,2025,0.003931042862161838,0.0
DE,G,Below 2?C,2025,0.003931042862161848,0.0
DE,H,Below 2?C,2025,0.0039310428621618185,0.0
DE,I,Below 2?C,2025,0.00393104286215788,0.0
DE,J,Below 2?C,2025,0.003931042862160579,0.0
DE,L,Below 2?C,2025,0.003931042862161847,0.0
DE,M,Below 2?C,2025,0.003931042862161844,0.0
DE,N,Below 2?C,2025,0.003931042862161711,0.0
DE,P,Below 2?C,2025,0.003931042862161838,0.0
DE,Q,Below 2?C,2025,0.003931042862161543,0.0
DE,R,Below 2?C,2025,0.003931042862161845,0.0
DE,S,Below 2?C,2025,0.003931042862161848,0.0
DE,A,Below 2?C,2026,0.005185712415927068,0.12546695537652408
DE,B,Below 2?C,2026,0.004184171603294423,0.025312874113266656
DE,C,Below 2?C,2026,0.004500342277104958,0.05692994149431134
DE,D,Below 2?C,2026,0.025440235635521793,2.1509192773359946
DE,E,Below 2?C,2026,0.004155120797271614,0.0224077935113556
DE,F,Below 2?C,2026,0.004111140617904316,0.0180097755742479
DE,G,Below 2?C,2026,0.004118896292328862,0.01878534301670147
DE,H,Below 2?C,2026,0.004372395764322257,0.04413529021604384
DE,I,Below 2?C,2026,0.003987739766801441,0.005669690464356077
DE,J,Below 2?C,2026,0.003951214453325334,0.002017159116475553
DE,L,Below 2?C,2026,0.003934500053044451,0.0003457190882603618
DE,M,Below 2?C,2026,0.004083529775629953,0.015248691346810951
DE,N,Below 2?C,2026,0.0040183757735479985,0.008733291138628746
DE,P,Below 2?C,2026,0.004015495082995628,0.008445222083378875
DE,Q,Below 2?C,2026,0.0041752145467929425,0.024417168463140106
DE,R,Below 2?C,2026,0.0039604905427289274,0.0029447680567082283
DE,S,Below 2?C,2026,0.004001590279774716,0.0070547417612867765
DE,A,Below 2?C,2027,0.006834873553222654,0.2903830691060827
DE,B,Below 2?C,2027,0.00437887688363023,0.044783402146847395
DE,C,Below 2?C,2027,0.00820203035016828,0.4270987488006437
DE,D,Below 2?C,2027,0.06324735102220813,5.9316308160046285
DE,E,Below 2?C,2027,0.0043648164616219955,0.04337735994639366
DE,F,Below 2?C,2027,0.004285590892394682,0.035454803023284555
DE,G,Below 2?C,2027,0.0042964458248530325,0.036540296269118436
DE,H,Below 2?C,2027,0.004876788714231565,0.09457458520697468
DE,I,Below 2?C,2027,0.004038771076881188,0.010772821472330822
DE,J,Below 2?C,2027,0.003969323506538969,0.0038280644378390007
DE,L,Below 2?C,2027,0.0039375768442322405,0.000653398207039354
DE,M,Below 2?C,2027,0.004231777656803075,0.03007347946412314
DE,N,Below 2?C,2027,0.0041024890711715434,0.017144620900983256
DE,P,Below 2?C,2027,0.004093881065598971,0.01628382034371328
DE,Q,Below 2?C,2027,0.004416358174344796,0.04853153121832535
DE,R,Below 2?C,2027,0.003987301072175177,0.005625821001333196
DE,S,Below 2?C,2027,0.004067301942728271,0.01362590805664234
DE,A,Below 2?C,2028,0.00897665843261456,0.5045615570452734
DE,B,Below 2?C,2028,0.004505845914051998,0.05748030518902417
DE,C,Below 2?C,2028,0.011103677545276875,0.7172634683115033
DE,D,Below 2?C,2028,0.08385490232385664,7.992385946169481
DE,E,Below 2?C,2028,0.004555776030305418,0.06247331681473597
DE,F,Below 2?C,2028,0.004449866599750264,0.05188237375884266
DE,G,Below 2?C,2028,0.00446013166764793,0.052908880548608206
DE,H,Below 2?C,2028,0.005518921135995447,0.15878782738336283
DE,I,Below 2?C,2028,0.004083827128903461,0.015278426674558091
DE,J,Below 2?C,2028,0.003985276706608823,0.005423384444824509
DE,L,Below 2?C,2028,0.003940266516388452,0.0009223654226604825
DE,M,Below 2?C,2028,0.004372517869652889,0.04414750074910451
DE,N,Below 2?C,2028,0.004181463024893286,0.025042016273157497
DE,P,Below 2?C,2028,0.004165064445268423,0.0234021583106585
DE,Q,Below 2?C,2028,0.0046483076534977845,0.0717264791336242
DE,R,Below 2?C,2028,0.004011220429153063,0.008017756699121751
DE,S,Below 2?C,2028,0.0041271960562279456,0.019615319406609773
DE,A,Below 2?C,2029,0.011721113297911446,0.7790070435749618
DE,B,Below 2?C,2029,0.004559624755760009,0.06285818935982532
DE,C,Below 2?C,2029,0.01301087020631072,0.9079827344148874
DE,D,Below 2?C,2029,0.08330768378304082,7.937664092087895
DE,E,Below 2?C,2029,0.004724024303631987,0.07929814414739282
DE,F,Below 2?C,2029,0.004599170668838902,0.06681278066770649
DE,G,Below 2?C,2029,0.004606618686757377,0.06755758245955307
DE,H,Below 2?C,2029,0.006073003643428953,0.2141960781267135
DE,I,Below 2?C,2029,0.004122666316009623,0.01916234538517428
DE,J,Below 2?C,2029,0.003999002893829984,0.006796003166940522
DE,L,Below 2?C,2029,0.003942565269372722,0.0011522407210875463
DE,M,Below 2?C,2029,0.00450212722926967,0.05710843671078264
DE,N,Below 2?C,2029,0.004253289891986507,0.03222470298247955
DE,P,Below 2?C,2029,0.004227988003128805,0.029694514096696642
DE,Q,Below 2?C,2029,0.004864186103821397,0.09331432416598551
DE,R,Below 2?C,2029,0.004032030993052464,0.010098813089061815
DE,S,Below 2?C,2029,0.00418033353882969,0.024929067666784245
DE,A,Below 2?C,2030,0.01518691097366445,1.1255868111502623
DE,B,Below 2?C,2030,0.004539094821851105,0.06080519596893489
DE,C,Below 2?C,2030,0.01633052320128434,1.2399480339122495
DE,D,Below 2?C,2030,0.06202950590718037,5.809846304501852
DE,E,Below 2?C,2030,0.004866168237903835,0.09351253757457761
DE,F,Below 2?C,2030,0.004728815321774352,0.07977724596125185
DE,G,Below 2?C,2030,0.0047329724405370584,0.08019295783752099
DE,H,Below 2?C,2030,0.006599217250595641,0.2668174388433823
DE,I,Below 2?C,2030,0.004155124065898124,0.02240812037402444
DE,J,Below 2?C,2030,0.004010456045638457,0.007941318347787852
DE,L,Below 2?C,2030,0.003944472516705027,0.0013429654543179487
DE,M,Below 2?C,2030,0.004616907228969101,0.06858643668072593
DE,N,Below 2?C,2030,0.00431606623049326,0.03850233683315486
DE,P,Below 2?C,2030,0.004281730741392789,0.03506878792309504
DE,Q,Below 2?C,2030,0.00505695805573429,0.1125915193572748
DE,R,Below 2?C,2030,0.00404956134416841,0.011851848200656523
DE,S,Below 2?C,2030,0.004225873134874287,0.029483027271244026
DE,A,Below 2?C,2031,0.020281462629627104,1.6350419767465274
DE,B,Below 2?C,2031,0.004555752244916926,0.06247093827551697
DE,C,Below 2?C,2031,0.01871186574633938,1.4780822884177534
DE,D,Below 2?C,2031,0.06914380958799804,6.521276672583622
DE,E,Below 2?C,2031,0.005014234275071463,0.10831914129134051
DE,F,Below 2?C,2031,0.004867416880583442,0.09363740184216042
DE,G,Below 2?C,2031,0.004899617683748721,0.09685748215868731
DE,H,Below 2?C,2031,0.007326211314573619,0.3395168452411799
DE,I,Below 2?C,2031,0.004196557081394996,0.0265514219237116
DE,J,Below 2?C,2031,0.004025053410416117,0.009401054825553812
DE,L,Below 2?C,2031,0.003946889196830655,0.0015846334668807793
DE,M,Below 2?C,2031,0.004772772633985567,0.08417297718237207
DE,N,Below 2?C,2031,0.004399888180472472,0.0468845318310761
DE,P,Below 2?C,2031,0.0043519311618579,0.04208882996960619
DE,Q,Below 2?C,2031,0.005320804314617826,0.13897614524562835
DE,R,Below 2?C,2031,0.004072126913076545,0.014108405091469886
DE,S,Below 2?C,2031,0.00428558869071876,0.03545458285569115
DE,A,Below 2?C,2032,0.026910321968464664,2.2979279106302832
DE,B,Below 2?C,2032,0.004528921362673827,0.05978785005120706
DE,C,Below 2?C,2032,0.02093405892002616,1.700301605786432
DE,D,Below 2?C,2032,0.06846253065662215,6.45314877944603
DE,E,Below 2?C,2032,0.0051357142458526685,0.12046713836946098
DE,F,Below 2?C,2032,0.004983930341920476,0.10528874797586421
DE,G,Below 2?C,2032,0.005059782242937358,0.11287393807755103
DE,H,Below 2?C,2032,0.008131350873382862,0.4200308011221044
DE,I,Below 2?C,2032,0.004235005596090431,0.030396273393255152
DE,J,Below 2?C,2032,0.00403857705237375,0.010753419021317179
DE,L,Below 2?C,2032,0.003949114080526601,0.001807121836475337
DE,M,Below 2?C,2032,0.004927620380166789,0.09965775180049477
DE,N,Below 2?C,2032,0.004481337556357103,0.055029469419539234
DE,P,Below 2?C,2032,0.004418744637324197,0.04877017751623587
DE,Q,Below 2?C,2032,0.005584938589456397,0.1653895727294855
DE,R,Below 2?C,2032,0.004093259031723816,0.01622161695619713
DE,S,Below 2?C,2032,0.004342680886189797,0.04116380240279501
DE,A,Below 2?C,2033,0.03544652425305019,3.151548139088836
DE,B,Below 2?C,2033,0.004460792570679032,0.052974970851727476
DE,C,Below 2?C,2033,0.02328080466887309,1.934976180671125
DE,D,Below 2?C,2033,0.06075307414385042,5.682203128168858
DE,E,Below 2?C,2033,0.005229275585871279,0.12982327237132202
DE,F,Below 2?C,2033,0.005075430833288928,0.11443879711270884
DE,G,Below 2?C,2033,0.005212483581523256,0.12814407193614072
DE,H,Below 2?C,2033,0.009025969920296913,0.5094927058135096
DE,I,Below 2?C,2033,0.004270494838854004,0.033945197669612424
DE,J,Below 2?C,2033,0.00405104137326582,0.01199985111052414
DE,L,Below 2?C,2033,0.003951152841449789,0.0020109979287941176
DE,M,Below 2?C,2033,0.005080032797951474,0.11489899357896302
DE,N,Below 2?C,2033,0.004559538717425868,0.06284958552641573
DE,P,Below 2?C,2033,0.004481904553787751,0.05508616916259121
DE,Q,Below 2?C,2033,0.00584654915795423,0.19155062957926872
DE,R,Below 2?C,2033,0.004112931894412353,0.018188903225050675
DE,S,Below 2?C,2033,0.0043968959585794646,0.046585309641761725
DE,A,Below 2?C,2034,0.04631650691021259,4.238546404805076
DE,B,Below 2?C,2034,0.004354605264894418,0.042356240273266205
DE,C,Below 2?C,2034,0.024211345875885863,2.0280303013724015
DE,D,Below 2?C,2034,0.04539505641880018,4.146401355663833
DE,E,Below 2?C,2034,0.005294102955405498,0.13630600932474393
DE,F,Below 2?C,2034,0.005139747007158441,0.12087041449966021
DE,G,Below 2?C,2034,0.005356779938562303,0.1425737076400455
DE,H,Below 2?C,2034,0.009971864160240965,0.6040821298079148
DE,I,Below 2?C,2034,0.004303047345897998,0.03720044837401178
DE,J,Below 2?C,2034,0.0040624591271874524,0.013141626502687466
DE,L,Below 2?C,2034,0.0039530105305032835,0.0021967668341436224
DE,M,Below 2?C,2034,0.005228445765458324,0.1297402903296481
DE,N,Below 2?C,2034,0.004633662055179399,0.07026191930176877
DE,P,Below 2?C,2034,0.004541145578094046,0.06101027159322069
DE,Q,Below 2?C,2034,0.006102587320504642,0.21715444583430996
DE,R,Below 2?C,2034,0.0041311204339939045,0.0200077571832059
DE,S,Below 2?C,2034,0.004447974287989952,0.051693142582810346
DE,A,Below 2?C,2035,0.0599925738726332,5.606153101047137
DE,B,Below 2?C,2035,0.004214458983581548,0.028341612141979163
DE,C,Below 2?C,2035,0.02489854007091336,2.0967497208751515
DE,D,Below 2?C,2035,0.02979618247533766,2.5865139613175816
DE,E,Below 2?C,2035,0.005329911683376282,0.13988688212182246
DE,F,Below 2?C,2035,0.005175598867848595,0.12445560056867602
DE,G,Below 2?C,2035,0.005491787037437647,0.15607441752757992
DE,H,Below 2?C,2035,0.010876431865799221,0.6945389003637403
DE,I,Below 2?C,2035,0.00433268569796407,0.040164283580619055
DE,J,Below 2?C,2035,0.0040728424588198885,0.01417995966593099
DE,L,Below 2?C,2035,0.003954691772731832,0.002364891056998508
DE,M,Below 2?C,2035,0.005371209311215667,0.14401664490538257
DE,N,Below 2?C,2035,0.0047029714399932495,0.0771928577831538
DE,P,Below 2?C,2035,0.0045962118622622445,0.06651690001004062
DE,Q,Below 2?C,2035,0.00634988195138126,0.24188390892197176
DE,R,Below 2?C,2035,0.004147802059936224,0.021675919777437946
DE,S,Below 2?C,2035,0.004495658707071264,0.05646158449094165
DE,A,Below 2?C,2036,0.08493906040530426,8.100801754314244
DE,B,Below 2?C,2036,0.004061511988237374,0.013046912607561807
DE,C,Below 2?C,2036,0.026968720331757734,2.3037677469595894
DE,D,Below 2?C,2036,0.01549635018255485,1.1565307320393003
DE,E,Below 2?C,2036,0.005425103815724207,0.14940609535661487
DE,F,Below 2?C,2036,0.005272044455425801,0.13410015932639646
DE,G,Below 2?C,2036,0.005700994613364436,0.17699517512025875
DE,H,Below 2?C,2036,0.013052096955724558,0.9121054093562739
DE,I,Below 2?C,2036,0.0043771367075766884,0.04460938454188086
DE,J,Below 2?C,2036,0.004088393823658005,0.015735096149742687
DE,L,Below 2?C,2036,0.003957195421081346,0.002615255891949903
DE,M,Below 2?C,2036,0.005599878976580906,0.1668836114419065
DE,N,Below 2?C,2036,0.0048097478092996295,0.0878704947137919
DE,P,Below 2?C,2036,0.0046808982010605495,0.07498553388987111
DE,Q,Below 2?C,2036,0.006747638634672737,0.2816595772511194
DE,R,Below 2?C,2036,0.004173041208346829,0.024199834618498367
DE,S,Below 2?C,2036,0.004569395923264064,0.06383530611022165
DE,A,Below 2?C,2037,0.11761624008704233,11.36851972248805
DE,B,Below 2?C,2037,0.003931042862161756,0.0
DE,C,Below 2?C,2037,0.02792711372227929,2.3996070860117444
DE,D,Below 2?C,2037,0.004498837952184175,0.056779509002232664
DE,E,Below 2?C,2037,0.0054836867813806865,0.15526439192226285
DE,F,Below 2?C,2037,0.005332229726872983,0.14011868647111445
DE,G,Below 2?C,2037,0.005897094633201547,0.19660517710396994
DE,H,Below 2?C,2037,0.016178233885096586,1.2247191022934767
DE,I,Below 2?C,2037,0.004417261154999038,0.04862182928411585
DE,J,Below 2?C,2037,0.00410241017203306,0.01713673098724805
DE,L,Below 2?C,2037,0.00395943729256496,0.002839443040311265
DE,M,Below 2?C,2037,0.0058222692754785095,0.18912264133166642
DE,N,Below 2?C,2037,0.004908486024667334,0.09774431625056232
DE,P,Below 2?C,2037,0.0047596000166357415,0.08285571544739022
DE,Q,Below 2?C,2037,0.007136010084962652,0.3204967222801111
DE,R,Below 2?C,2037,0.0041960546889695275,0.02650118268076823
DE,S,Below 2?C,2037,0.004638379736638563,0.07073368744767165
DE,A,Below 2?C,2038,0.15907179874582159,15.514075588365978
DE,B,Below 2?C,2038,0.003931042862161756,0.0
DE,C,Below 2?C,2038,0.028218831932266326,2.428778907010448
DE,D,Below 2?C,2038,0.003931042862161848,1.320994314261143e-17
DE,E,Below 2?C,2038,0.005505447170759652,0.15744043086015946
DE,F,Below 2?C,2038,0.005354747952898751,0.1423705090736914
DE,G,Below 2?C,2038,0.006078099897710043,0.21470570355481947
DE,H,Below 2?C,2038,0.019295868129835213,1.536482526767339
DE,I,Below 2?C,2038,0.0044530396308883995,0.052199676873051964
DE,J,Below 2?C,2038,0.004114891821981228,0.018384895982065
DE,L,Below 2?C,2038,0.003961422112773148,0.0030379250611300298
DE,M,Below 2?C,2038,0.006034140634764949,0.2103097772603107
DE,N,Below 2?C,2038,0.004997898391260052,0.10668555290983409
DE,P,Below 2?C,2038,0.004831669071506502,0.09006262093446642
DE,Q,Below 2?C,2038,0.007507097927950757,0.3576055065789215
DE,R,Below 2?C,2038,0.0042167635375277,0.028572067536585404
DE,S,Below 2?C,2038,0.004701952696299959,0.07709098341381124
DE,A,Below 2?C,2039,0.2098910554831361,20.59600126209743
DE,B,Below 2?C,2039,0.003931042862161756,0.0
DE,C,Below 2?C,2039,0.02802591585730859,2.4094872995146743
DE,D,Below 2?C,2039,0.003931042862161848,-8.463729924507543e-18
DE,E,Below 2?C,2039,0.005491048538864306,0.15600056767062473
DE,F,Below 2?C,2039,0.0053398379745942725,0.14087951124324358
DE,G,Below 2?C,2039,0.006242203659107341,0.2311160796945493
DE,H,Below 2?C,2039,0.02103225229779419,1.7101209435632376
DE,I,Below 2?C,2039,0.004484473286700207,0.05534304245423272
DE,J,Below 2?C,2039,0.004125845220240236,0.019480235807965776
DE,L,Below 2?C,2039,0.003963155000013578,0.003211213785173108
DE,M,Below 2?C,2039,0.00623133515528474,0.2300292293122899
DE,N,Below 2?C,2039,0.00507715720324864,0.114611434108693
DE,P,Below 2?C,2039,0.004896519473515576,0.09654766113537379
DE,Q,Below 2?C,2039,0.007853237319499011,0.3922194457337468
DE,R,Below 2?C,2039,0.004235106020830015,0.03040631586681692
DE,S,Below 2?C,2039,0.004759498845152671,0.08284559829908235
DE,A,Below 2?C,2040,0.26993985550744626,26.600881264528446
DE,B,Below 2?C,2040,0.003931042862161756,0.0
DE,C,Below 2?C,2040,0.027385298887316837,2.3454256025155
DE,D,Below 2?C,2040,0.003931042862161848,-2.029393087657795e-17
DE,E,Below 2?C,2040,0.005441951791951541,0.1510908929793483
DE,F,Below 2?C,2040,0.005289288018792059,0.13582451566302237
DE,G,Below 2?C,2040,0.0063877750195458025,0.24567321573839546
DE,H,Below 2?C,2040,0.022841565779921278,1.8910522917759458
DE,I,Below 2?C,2040,0.004511579355888809,0.058053649373092896
DE,J,Below 2?C,2040,0.004135281450398781,0.020423858823820282
DE,L,Below 2?C,2040,0.003964641233223441,0.003359837106159465
DE,M,Below 2?C,2040,0.006409971875602568,0.2478929013440728
DE,N,Below 2?C,2040,0.0051458128763968046,0.12147700142350931
DE,P,Below 2?C,2040,0.0049536356764892835,0.10225928143274442
DE,Q,Below 2?C,2040,0.008167326324315346,0.42362834621538054
DE,R,Below 2?C,2040,0.004251036138849943,0.03199932766880976
DE,S,Below 2?C,2040,0.004810457119522704,0.08794142573608561
DE,A,Below 2?C,2041,0.3444912496819725,34.05602068198106
DE,B,Below 2?C,2041,0.003931042862161756,0.0
DE,C,Below 2?C,2041,0.027567898357117877,2.363685549495603
DE,D,Below 2?C,2041,0.003931042862161848,-1.0618432480105114e-17
DE,E,Below 2?C,2041,0.00545466053415794,0.15236176719998812
DE,F,Below 2?C,2041,0.005302329952785169,0.13712870906233304
DE,G,Below 2?C,2041,0.006501417299730911,0.25703744375690635
DE,H,Below 2?C,2041,0.027324233719495637,2.3393190857333823
DE,I,Below 2?C,2041,0.004532240878733394,0.060119801657551424
DE,J,Below 2?C,2041,0.004142468601628792,0.021142573946821334
DE,L,Below 2?C,2041,0.0039657691390913375,0.0034726276929490482
DE,M,Below 2?C,2041,0.006551610917184672,0.2620568055022825
DE,N,Below 2?C,2041,0.005198237870074551,0.12671950079128402
DE,P,Below 2?C,2041,0.004997938052003728,0.10668951898418896
DE,Q,Below 2?C,2041,0.008416674671034352,0.44856318088728103
DE,R,Below 2?C,2041,0.004263249784451224,0.03322069222893777
DE,S,Below 2?C,2041,0.00485016469497775,0.09191218328159033
DE,A,Below 2?C,2042,0.42442684223164334,42.04957993694814
DE,B,Below 2?C,2042,0.003931042862161756,0.0
DE,C,Below 2?C,2042,0.027342099390930442,2.34110565287686
DE,D,Below 2?C,2042,0.003931042862161848,5.257095732194359e-18
DE,E,Below 2?C,2042,0.005438836999312085,0.15077941371540265
DE,F,Below 2?C,2042,0.0052860961323660145,0.13550532702041787
DE,G,Below 2?C,2042,0.006577078705123294,0.2646035842961446
DE,H,Below 2?C,2042,0.040053453717940043,3.6122410855778235
DE,I,Below 2?C,2042,0.004545756942304318,0.06147140801464378
DE,J,Below 2?C,2042,0.004147167617364398,0.021612475520381973
DE,L,Below 2?C,2042,0.003966504669596821,0.0035461807434973474
DE,M,Below 2?C,2042,0.006646868432478031,0.27158255703161893
DE,N,Below 2?C,2042,0.005232545908089187,0.13015030459274762
DE,P,Below 2?C,2042,0.005027286177038374,0.10962433148765352
DE,Q,Below 2?C,2042,0.008584513290133242,0.46534704279716976
DE,R,Below 2?C,2042,0.004271273008979345,0.03402301468175002
DE,S,Below 2?C,2042,0.004876557866060704,0.09455150038988559
DE,A,Below 2?C,2043,0.5057466190168131,50.18155761546513
DE,B,Below 2?C,2043,0.003931042862161756,0.0
DE,C,Below 2?C,2043,0.02656476148180035,2.2633718619638508
DE,D,Below 2?C,2043,0.003931042862161848,2.5649763788598486e-18
DE,E,Below 2?C,2043,0.0053957249222852145,0.14646820601271565
DE,F,Below 2?C,2043,0.0052421011757657725,0.13110583136039392
DE,G,Below 2?C,2043,0.006614122056775372,0.2683079194613524
DE,H,Below 2?C,2043,0.045677486811068854,4.174644394890703
DE,I,Below 2?C,2043,0.004552304758539507,0.06212618963816274
DE,J,Below 2?C,2043,0.004149443317317666,0.02184004551570888
DE,L,Below 2?C,2043,0.003966860342705383,0.003581748054353627
DE,M,Below 2?C,2043,0.0066937621404821275,0.27627192783202864
DE,N,Below 2?C,2043,0.0052491655130098855,0.13181226508481747
DE,P,Below 2?C,2043,0.005041609835474886,0.11105669733130477
DE,Q,Below 2?C,2043,0.008667177912461,0.4736135050299457
DE,R,Below 2?C,2043,0.004275169404709859,0.034412654254801306
DE,S,Below 2?C,2043,0.0048894653325368366,0.09584224703749897
DE,A,Below 2?C,2044,0.5841577523731575,58.02267095109956
DE,B,Below 2?C,2044,0.003931042862161756,0.0
DE,C,Below 2?C,2044,0.0248338467718887,2.0902803909726857
DE,D,Below 2?C,2044,0.003931042862161848,-4.687066364395203e-18
DE,E,Below 2?C,2044,0.005326936572944696,0.13958937107866376
DE,F,Below 2?C,2044,0.005172611301030879,0.124156843886904
DE,G,Below 2?C,2044,0.006612813188039117,0.26817703258772685
DE,H,Below 2?C,2044,0.04984151593859878,4.591047307643696
DE,I,Below 2?C,2044,0.0045520741790402225,0.06210313168823426
DE,J,Below 2?C,2044,0.004149363187172553,0.02183203250119752
DE,L,Below 2?C,2044,0.003966847824991398,0.0035804962829550807
DE,M,Below 2?C,2044,0.0066921024838402145,0.27610596216783706
DE,N,Below 2?C,2044,0.005248580288891989,0.13175374267302775
DE,P,Below 2?C,2044,0.00504110424693526,0.11100613847734224
DE,Q,Below 2?C,2044,0.00866425180766529,0.4733208945503749
DE,R,Below 2?C,2044,0.004275032087876851,0.03439892257150058
DE,S,Below 2?C,2044,0.004889009439999557,0.095796657783771
DE,A,Below 2?C,2045,0.6557866816048623,65.18556387427003
DE,B,Below 2?C,2045,0.003931042862161756,0.0
DE,C,Below 2?C,2045,0.023359444275502985,1.9428401413341136
DE,D,Below 2?C,2045,0.003931042862161847,-2.377567262078632e-17
DE,E,Below 2?C,2045,0.005234444917046399,0.13034020548883404
DE,F,Below 2?C,2045,0.005080531701346428,0.11494888391845917
DE,G,Below 2?C,2045,0.006574419728810189,0.26433768666483426
DE,H,Below 2?C,2045,0.052135416326887805,4.820437346472598
DE,I,Below 2?C,2045,0.004545285183295058,0.06142423211371786
DE,J,Below 2?C,2045,0.004147003638869933,0.021596077670935524
DE,L,Below 2?C,2045,0.003966479027538946,0.0035436165377099173
DE,M,Below 2?C,2045,0.00664350868502654,0.27124658228646986
DE,N,Below 2?C,2045,0.005231348440149839,0.13003055779881278
DE,P,Below 2?C,2045,0.00502625686861257,0.10952140064507314
DE,Q,Below 2?C,2045,0.008578591712014512,0.464754884985297
DE,R,Below 2?C,2045,0.0042709925218959825,0.033994965973413664
DE,S,Below 2?C,2045,0.004875630985428767,0.09445881232669195
DE,A,Below 2?C,2046,0.7372224546747246,73.32914118125628
DE,B,Below 2?C,2046,0.003931042862161756,0.0
DE,C,Below 2?C,2046,0.02319633961840055,1.9265296756238712
DE,D,Below 2?C,2046,0.003931042862161848,-5.98580506227587e-18
DE,E,Below 2?C,2046,0.005224590337933287,0.12935474757752294
DE,F,Below 2?C,2046,0.0050708117671337104,0.11397689049718765
DE,G,Below 2?C,2046,0.00650174633997078,0.25707034778089305
DE,H,Below 2?C,2046,0.05399109805438977,5.006005519222795
DE,I,Below 2?C,2046,0.004532300072248033,0.060125721009015275
DE,J,Below 2?C,2046,0.0041424891853517245,0.021144632319114523
DE,L,Below 2?C,2046,0.003965772364309287,0.0034729502147439733
DE,M,Below 2?C,2046,0.006552023588924061,0.26209807267622215
DE,N,Below 2?C,2046,0.0051983881140717815,0.12673452519100709
DE,P,Below 2?C,2046,0.004998065943942134,0.10670230817802964
DE,Q,Below 2?C,2046,0.008417401534700641,0.44863586725390986
DE,R,Below 2?C,2046,0.004263284864239387,0.033224200207754205
DE,S,Below 2?C,2046,0.004850279555432999,0.09192366932711514
DE,A,Below 2?C,2047,0.7986869912960947,79.47559484339328
DE,B,Below 2?C,2047,0.003931042862161756,0.0
DE,C,Below 2?C,2047,0.02243623565923888,1.850519279707704
DE,D,Below 2?C,2047,0.003931042862161848,-4.199236921434152e-17
DE,E,Below 2?C,2047,0.005194991817423555,0.1263948955265497
DE,F,Below 2?C,2047,0.005041721890114949,0.11106790279531123
DE,G,Below 2?C,2047,0.006377089888827222,0.24460470266653736
DE,H,Below 2?C,2047,0.05483250562714047,5.0901462764978636
DE,I,Below 2?C,2047,0.004509614269102411,0.057857140694453094
DE,J,Below 2?C,2047,0.004134597641033983,0.020355477887340483
DE,L,Below 2?C,2047,0.003964533736598353,0.0033490874436505388
DE,M,Below 2?C,2047,0.006396749093803233,0.24657062316413908
DE,N,Below 2?C,2047,0.005140829690898528,0.12097868287368181
DE,P,Below 2?C,2047,0.004949456975946545,0.10184141137847068
DE,Q,Below 2?C,2047,0.008144061806585747,0.4213018944424207
DE,R,Below 2?C,2047,0.00424987772429557,0.03188348621337239
DE,S,Below 2?C,2047,0.004806720057702259,0.08756771955404113
DE,A,Below 2?C,2048,0.8405273645295064,83.65963216673447
DE,B,Below 2?C,2048,0.003931042862161756,0.0
DE,C,Below 2?C,2048,0.02114904907634262,1.7218006214180774
DE,D,Below 2?C,2048,0.003931042862161848,-2.013171759728046e-17
DE,E,Below 2?C,2048,0.00514671973710693,0.12156768749488726
DE,F,Below 2?C,2048,0.004994613044453801,0.10635701822919603
DE,G,Below 2?C,2048,0.006206507990928556,0.22754651287667085
DE,H,Below 2?C,2048,0.05534748480162901,5.141644193946719
DE,I,Below 2?C,2048,0.0044777156472640195,0.05466727851061396
DE,J,Below 2?C,2048,0.0041234914201337776,0.019244855797319948
DE,L,Below 2?C,2048,0.0039627833153927025,0.0031740453230855743
DE,M,Below 2?C,2048,0.006188049496455928,0.2257006634294083
DE,N,Below 2?C,2048,0.005060077795911345,0.11290349337496344
DE,P,Below 2?C,2048,0.00488245402933843,0.0951411167176591
DE,Q,Below 2?C,2048,0.0077772017989160514,0.3846158936754508
DE,R,Below 2?C,2048,0.004231150922478896,0.030010806031704862
DE,S,Below 2?C,2048,0.0047469896923351225,0.08159468301732746
DE,A,Below 2?C,2049,0.8661098805131024,86.21788376509404
DE,B,Below 2?C,2049,0.003931042862161756,0.0
DE,C,Below 2?C,2049,0.020011711636718638,1.6080668774556792
DE,D,Below 2?C,2049,0.003931042862161849,1.8579745202812772e-17
DE,E,Below 2?C,2049,0.005081005826101616,0.11499629639435585
DE,F,Below 2?C,2049,0.00493114146178195,0.10000985996201166
DE,G,Below 2?C,2049,0.005996824419052721,0.20657815568908727
DE,H,Below 2?C,2049,0.05558329631986732,5.1652253457705495
DE,I,Below 2?C,2049,0.004437120240847218,0.05060773786893383
DE,J,Below 2?C,2049,0.0041093400935985295,0.017829723143795134
DE,L,Below 2?C,2049,0.003960540622892867,0.0029497760731019697
DE,M,Below 2?C,2049,0.005938247362237327,0.20072045000754865
DE,N,Below 2?C,2049,0.004957986181552024,0.10269433193903124
DE,P,Below 2?C,2049,0.004799377157192676,0.08683342950308377
DE,Q,Below 2?C,2049,0.007339027830425355,0.3407984968263813
DE,R,Below 2?C,2049,0.00420752720527967,0.027648434311782447
DE,S,Below 2?C,2049,0.004673419052240665,0.07423761900788178
DE,A,Below 2?C,2050,0.8800958165784226,87.61647737162606
DE,B,Below 2?C,2050,0.003931042862161756,0.0
DE,C,Below 2?C,2050,0.018523954286757325,1.4592911424595483
DE,D,Below 2?C,2050,0.003931042862161847,1.5026319227952948e-17
DE,E,Below 2?C,2050,0.004999191485216211,0.10681486230581524
DE,F,Below 2?C,2050,0.004853166346046676,0.0922123483884839
DE,G,Below 2?C,2050,0.005755125023817507,0.18240821616556593
DE,H,Below 2?C,2050,0.05555643959648772,5.16253967343259
DE,I,Below 2?C,2050,0.0043883577902196465,0.045731492806176666
DE,J,Below 2?C,2050,0.00409231560450673,0.016127274234615217
DE,L,Below 2?C,2050,0.0039578240911369985,0.0026781228975151995
DE,M,Below 2?C,2050,0.005660500450730482,0.17294575885686414
DE,N,Below 2?C,2050,0.004837163435612214,0.0906120573450504
DE,P,Below 2?C,2050,0.004702687321204227,0.07716444590423883
DE,Q,Below 2?C,2050,0.006853371818470779,0.2922328956309237
DE,R,Below 2?C,2050,0.0041794548398109786,0.02484119776491333
DE,S,Below 2?C,2050,0.004588449573985738,0.06574067118238915
DE,A,Current Policies,2025,0.003931042862161828,0.0
DE,B,Current Policies,2025,0.003931042862161756,0.0
DE,C,Current Policies,2025,0.003931042862161844,0.0
DE,D,Current Policies,2025,0.003931042862161848,0.0
DE,E,Current Policies,2025,0.0039310428621580585,0.0
DE,F,Current Policies,2025,0.003931042862161838,0.0
DE,G,Current Policies,2025,0.003931042862161848,0.0
DE,H,Current Policies,2025,0.0039310428621618185,0.0
DE,I,Current Policies,2025,0.00393104286215788,0.0
DE,J,Current Policies,2025,0.003931042862160579,0.0
DE,L,Current Policies,2025,0.003931042862161847,0.0
DE,M,Current Policies,2025,0.003931042862161844,0.0
DE,N,Current Policies,2025,0.003931042862161711,0.0
DE,P,Current Policies,2025,0.003931042862161838,0.0
DE,Q,Current Policies,2025,0.003931042862161543,0.0
DE,R,Current Policies,2025,0.003931042862161845,0.0
DE,S,Current Policies,2025,0.003931042862161848,0.0
DE,A,Current Policies,2026,0.003931042862161828,0.0
DE,B,Current Policies,2026,0.003931042862161756,0.0
DE,C,Current Policies,2026,0.003931042862161844,0.0
DE,D,Current Policies,2026,0.003931042862161848,0.0
DE,E,Current Policies,2026,0.0039310428621580585,0.0
DE,F,Current Policies,2026,0.003931042862161838,0.0
DE,G,Current Policies,2026,0.003931042862161848,0.0
DE,H,Current Policies,2026,0.0039310428621618185,0.0
DE,I,Current Policies,2026,0.00393104286215788,0.0
DE,J,Current Policies,2026,0.003931042862160579,0.0
DE,L,Current Policies,2026,0.003931042862161847,0.0
DE,M,Current Policies,2026,0.003931042862161844,0.0
DE,N,Current Policies,2026,0.003931042862161711,0.0
DE,P,Current Policies,2026,0.003931042862161838,0.0
DE,Q,Current Policies,2026,0.003931042862161543,0.0
DE,R,Current Policies,2026,0.003931042862161845,0.0
DE,S,Current Policies,2026,0.003931042862161848,0.0
DE,A,Current Policies,2027,0.003931042862161828,0.0
DE,B,Current Policies,2027,0.003931042862161756,0.0
DE,C,Current Policies,2027,0.003931042862161844,0.0
DE,D,Current Policies,2027,0.003931042862161848,0.0
DE,E,Current Policies,2027,0.0039310428621580585,0.0
DE,F,Current Policies,2027,0.003931042862161838,0.0
DE,G,Current Policies,2027,0.003931042862161848,0.0
DE,H,Current Policies,2027,0.0039310428621618185,0.0
DE,I,Current Policies,2027,0.00393104286215788,0.0
DE,J,Current Policies,2027,0.003931042862160579,0.0
DE,L,Current Policies,2027,0.003931042862161847,0.0
DE,M,Current Policies,2027,0.0039310428621618446,0.0
DE,N,Current Policies,2027,0.003931042862161711,0.0
DE,P,Current Policies,2027,0.003931042862161838,0.0
DE,Q,Current Policies,2027,0.003931042862161543,0.0
DE,R,Current Policies,2027,0.003931042862161845,0.0
DE,S,Current Policies,2027,0.003931042862161848,0.0
DE,A,Current Policies,2028,0.003931042862161828,0.0
DE,B,Current Policies,2028,0.003931042862161756,0.0
DE,C,Current Policies,2028,0.003931042862161844,0.0
DE,D,Current Policies,2028,0.003931042862161848,0.0
DE,E,Current Policies,2028,0.0039310428621580585,0.0
DE,F,Current Policies,2028,0.003931042862161838,0.0
DE,G,Current Policies,2028,0.003931042862161848,0.0
DE,H,Current Policies,2028,0.0039310428621618185,0.0
DE,I,Current Policies,2028,0.00393104286215788,0.0
DE,J,Current Policies,2028,0.003931042862160579,0.0
DE,L,Current Policies,2028,0.003931042862161847,0.0
DE,M,Current Policies,2028,0.0039310428621618446,0.0
DE,N,Current Policies,2028,0.003931042862161711,0.0
DE,P,Current Policies,2028,0.003931042862161838,0.0
DE,Q,Current Policies,2028,0.003931042862161543,0.0
DE,R,Current Policies,2028,0.003931042862161845,0.0
DE,S,Current Policies,2028,0.003931042862161848,0.0
DE,A,Current Policies,2029,0.003931042862161828,0.0
DE,B,Current Policies,2029,0.003931042862161756,0.0
DE,C,Current Policies,2029,0.003931042862161844,0.0
DE,D,Current Policies,2029,0.003931042862161848,0.0
DE,E,Current Policies,2029,0.0039310428621580585,0.0
DE,F,Current Policies,2029,0.003931042862161838,0.0
DE,G,Current Policies,2029,0.003931042862161848,0.0
DE,H,Current Policies,2029,0.0039310428621618185,0.0
DE,I,Current Policies,2029,0.00393104286215788,0.0
DE,J,Current Policies,2029,0.003931042862160579,0.0
DE,L,Current Policies,2029,0.003931042862161847,0.0
DE,M,Current Policies,2029,0.0039310428621618446,0.0
DE,N,Current Policies,2029,0.003931042862161711,0.0
DE,P,Current Policies,2029,0.003931042862161838,0.0
DE,Q,Current Policies,2029,0.003931042862161543,0.0
DE,R,Current Policies,2029,0.003931042862161845,0.0
DE,S,Current Policies,2029,0.003931042862161848,0.0
DE,A,Current Policies,2030,0.003931042862161828,0.0
DE,B,Current Policies,2030,0.003931042862161756,0.0
DE,C,Current Policies,2030,0.003931042862161844,0.0
DE,D,Current Policies,2030,0.003931042862161848,0.0
DE,E,Current Policies,2030,0.0039310428621580585,0.0
DE,F,Current Policies,2030,0.003931042862161833,0.0
DE,G,Current Policies,2030,0.003931042862161848,0.0
DE,H,Current Policies,2030,0.0039310428621618185,0.0
DE,I,Current Policies,2030,0.00393104286215788,0.0
DE,J,Current Policies,2030,0.003931042862160579,0.0
DE,L,Current Policies,2030,0.003931042862161847,0.0
DE,M,Current Policies,2030,0.003931042862161841,0.0
DE,N,Current Policies,2030,0.003931042862161711,0.0
DE,P,Current Policies,2030,0.003931042862161838,0.0
DE,Q,Current Policies,2030,0.003931042862161543,0.0
DE,R,Current Policies,2030,0.003931042862161845,0.0
DE,S,Current Policies,2030,0.003931042862161848,0.0
DE,A,Current Policies,2031,0.003931042862161828,0.0
DE,B,Current Policies,2031,0.003931042862161756,0.0
DE,C,Current Policies,2031,0.003931042862161844,0.0
DE,D,Current Policies,2031,0.003931042862161848,0.0
DE,E,Current Policies,2031,0.0039310428621580585,0.0
DE,F,Current Policies,2031,0.0039310428621618385,0.0
DE,G,Current Policies,2031,0.003931042862161848,0.0
DE,H,Current Policies,2031,0.0039310428621618185,0.0
DE,I,Current Policies,2031,0.00393104286215788,0.0
DE,J,Current Policies,2031,0.003931042862160579,0.0
DE,L,Current Policies,2031,0.003931042862161847,0.0
DE,M,Current Policies,2031,0.003931042862161846,0.0
DE,N,Current Policies,2031,0.003931042862161711,0.0
DE,P,Current Policies,2031,0.003931042862161838,0.0
DE,Q,Current Policies,2031,0.003931042862161543,0.0
DE,R,Current Policies,2031,0.003931042862161845,0.0
DE,S,Current Policies,2031,0.003931042862161847,0.0
DE,A,Current Policies,2032,0.003931042862161828,0.0
DE,B,Current Policies,2032,0.003931042862161756,0.0
DE,C,Current Policies,2032,0.003931042862161844,0.0
DE,D,Current Policies,2032,0.003931042862161848,0.0
DE,E,Current Policies,2032,0.0039310428621580585,0.0
DE,F,Current Policies,2032,0.003931042862161833,0.0
DE,G,Current Policies,2032,0.003931042862161848,0.0
DE,H,Current Policies,2032,0.0039310428621618185,0.0
DE,I,Current Policies,2032,0.00393104286215788,0.0
DE,J,Current Policies,2032,0.003931042862160579,0.0
DE,L,Current Policies,2032,0.003931042862161847,0.0
DE,M,Current Policies,2032,0.003931042862161841,0.0
DE,N,Current Policies,2032,0.003931042862161711,0.0
DE,P,Current Policies,2032,0.003931042862161838,0.0
DE,Q,Current Policies,2032,0.003931042862161543,0.0
DE,R,Current Policies,2032,0.003931042862161845,0.0
DE,S,Current Policies,2032,0.003931042862161847,0.0
DE,A,Current Policies,2033,0.003931042862161828,0.0
DE,B,Current Policies,2033,0.003931042862161756,0.0
DE,C,Current Policies,2033,0.003931042862161844,0.0
DE,D,Current Policies,2033,0.003931042862161848,0.0
DE,E,Current Policies,2033,0.0039310428621580585,0.0
DE,F,Current Policies,2033,0.003931042862161839,0.0
DE,G,Current Policies,2033,0.003931042862161848,0.0
DE,H,Current Policies,2033,0.0039310428621618185,0.0
DE,I,Current Policies,2033,0.00393104286215788,0.0
DE,J,Current Policies,2033,0.003931042862160579,0.0
DE,L,Current Policies,2033,0.003931042862161847,0.0
DE,M,Current Policies,2033,0.003931042862161844,0.0
DE,N,Current Policies,2033,0.003931042862161711,0.0
DE,P,Current Policies,2033,0.003931042862161838,0.0
DE,Q,Current Policies,2033,0.003931042862161543,0.0
DE,R,Current Policies,2033,0.003931042862161845,0.0
DE,S,Current Policies,2033,0.003931042862161847,0.0
DE,A,Current Policies,2034,0.003931042862161828,0.0
DE,B,Current Policies,2034,0.003931042862161756,0.0
DE,C,Current Policies,2034,0.003931042862161844,0.0
DE,D,Current Policies,2034,0.003931042862161848,0.0
DE,E,Current Policies,2034,0.0039310428621580585,0.0
DE,F,Current Policies,2034,0.003931042862161839,0.0
DE,G,Current Policies,2034,0.003931042862161848,0.0
DE,H,Current Policies,2034,0.0039310428621618185,0.0
DE,I,Current Policies,2034,0.00393104286215788,0.0
DE,J,Current Policies,2034,0.003931042862160579,0.0
DE,L,Current Policies,2034,0.003931042862161847,0.0
DE,M,Current Policies,2034,0.003931042862161844,0.0
DE,N,Current Policies,2034,0.003931042862161711,0.0
DE,P,Current Policies,2034,0.003931042862161838,0.0
DE,Q,Current Policies,2034,0.003931042862161543,0.0
DE,R,Current Policies,2034,0.003931042862161845,0.0
DE,S,Current Policies,2034,0.003931042862161847,0.0
DE,A,Current Policies,2035,0.003931042862161828,0.0
DE,B,Current Policies,2035,0.003931042862161756,0.0
DE,C,Current Policies,2035,0.003931042862161844,0.0
DE,D,Current Policies,2035,0.003931042862161848,0.0
DE,E,Current Policies,2035,0.0039310428621580585,0.0
DE,F,Current Policies,2035,0.003931042862161833,0.0
DE,G,Current Policies,2035,0.003931042862161848,0.0
DE,H,Current Policies,2035,0.0039310428621618185,0.0
DE,I,Current Policies,2035,0.00393104286215788,0.0
DE,J,Current Policies,2035,0.003931042862160579,0.0
DE,L,Current Policies,2035,0.003931042862161847,0.0
DE,M,Current Policies,2035,0.003931042862161841,0.0
DE,N,Current Policies,2035,0.003931042862161711,0.0
DE,P,Current Policies,2035,0.003931042862161838,0.0
DE,Q,Current Policies,2035,0.003931042862161543,0.0
DE,R,Current Policies,2035,0.003931042862161845,0.0
DE,S,Current Policies,2035,0.003931042862161847,0.0
DE,A,Current Policies,2036,0.003931042862161828,0.0
DE,B,Current Policies,2036,0.003931042862161756,0.0
DE,C,Current Policies,2036,0.003931042862161844,0.0
DE,D,Current Policies,2036,0.003931042862161848,0.0
DE,E,Current Policies,2036,0.0039310428621580585,0.0
DE,F,Current Policies,2036,0.003931042862161837,0.0
DE,G,Current Policies,2036,0.003931042862161848,0.0
DE,H,Current Policies,2036,0.0039310428621618185,0.0
DE,I,Current Policies,2036,0.00393104286215788,0.0
DE,J,Current Policies,2036,0.003931042862160579,0.0
DE,L,Current Policies,2036,0.003931042862161847,0.0
DE,M,Current Policies,2036,0.003931042862161842,0.0
DE,N,Current Policies,2036,0.003931042862161711,0.0
DE,P,Current Policies,2036,0.003931042862161838,0.0
DE,Q,Current Policies,2036,0.003931042862161543,0.0
DE,R,Current Policies,2036,0.003931042862161845,0.0
DE,S,Current Policies,2036,0.003931042862161848,0.0
DE,A,Current Policies,2037,0.003931042862161828,0.0
DE,B,Current Policies,2037,0.003931042862161756,0.0
DE,C,Current Policies,2037,0.003931042862161844,0.0
DE,D,Current Policies,2037,0.003931042862161848,0.0
DE,E,Current Policies,2037,0.0039310428621580585,0.0
DE,F,Current Policies,2037,0.0039310428621618385,0.0
DE,G,Current Policies,2037,0.003931042862161848,0.0
DE,H,Current Policies,2037,0.0039310428621618185,0.0
DE,I,Current Policies,2037,0.00393104286215788,0.0
DE,J,Current Policies,2037,0.003931042862160579,0.0
DE,L,Current Policies,2037,0.003931042862161847,0.0
DE,M,Current Policies,2037,0.003931042862161846,0.0
DE,N,Current Policies,2037,0.003931042862161711,0.0
DE,P,Current Policies,2037,0.003931042862161838,0.0
DE,Q,Current Policies,2037,0.003931042862161543,0.0
DE,R,Current Policies,2037,0.003931042862161845,0.0
DE,S,Current Policies,2037,0.003931042862161848,0.0
DE,A,Current Policies,2038,0.003931042862161828,0.0
DE,B,Current Policies,2038,0.003931042862161756,0.0
DE,C,Current Policies,2038,0.003931042862161844,0.0
DE,D,Current Policies,2038,0.003931042862161848,0.0
DE,E,Current Policies,2038,0.0039310428621580585,0.0
DE,F,Current Policies,2038,0.003931042862161837,0.0
DE,G,Current Policies,2038,0.003931042862161848,0.0
DE,H,Current Policies,2038,0.0039310428621618185,0.0
DE,I,Current Policies,2038,0.00393104286215788,0.0
DE,J,Current Policies,2038,0.003931042862160579,0.0
DE,L,Current Policies,2038,0.003931042862161847,0.0
DE,M,Current Policies,2038,0.003931042862161842,0.0
DE,N,Current Policies,2038,0.003931042862161711,0.0
DE,P,Current Policies,2038,0.003931042862161838,0.0
DE,Q,Current Policies,2038,0.003931042862161543,0.0
DE,R,Current Policies,2038,0.003931042862161845,0.0
DE,S,Current Policies,2038,0.003931042862161848,0.0
DE,A,Current Policies,2039,0.003931042862161828,0.0
DE,B,Current Policies,2039,0.003931042862161756,0.0
DE,C,Current Policies,2039,0.003931042862161844,0.0
DE,D,Current Policies,2039,0.003931042862161848,0.0
DE,E,Current Policies,2039,0.0039310428621580585,0.0
DE,F,Current Policies,2039,0.003931042862161837,0.0
DE,G,Current Policies,2039,0.003931042862161848,0.0
DE,H,Current Policies,2039,0.0039310428621618185,0.0
DE,I,Current Policies,2039,0.00393104286215788,0.0
DE,J,Current Policies,2039,0.003931042862160579,0.0
DE,L,Current Policies,2039,0.003931042862161847,0.0
DE,M,Current Policies,2039,0.003931042862161842,0.0
DE,N,Current Policies,2039,0.003931042862161711,0.0
DE,P,Current Policies,2039,0.003931042862161838,0.0
DE,Q,Current Policies,2039,0.003931042862161543,0.0
DE,R,Current Policies,2039,0.003931042862161846,0.0
DE,S,Current Policies,2039,0.003931042862161848,0.0
DE,A,Current Policies,2040,0.003931042862161828,0.0
DE,B,Current Policies,2040,0.003931042862161756,0.0
DE,C,Current Policies,2040,0.003931042862161844,0.0
DE,D,Current Policies,2040,0.003931042862161848,0.0
DE,E,Current Policies,2040,0.0039310428621580585,0.0
DE,F,Current Policies,2040,0.003931042862161833,0.0
DE,G,Current Policies,2040,0.003931042862161848,0.0
DE,H,Current Policies,2040,0.0039310428621618185,0.0
DE,I,Current Policies,2040,0.00393104286215788,0.0
DE,J,Current Policies,2040,0.003931042862160578,0.0
DE,L,Current Policies,2040,0.003931042862161846,0.0
DE,M,Current Policies,2040,0.003931042862161841,0.0
DE,N,Current Policies,2040,0.003931042862161711,0.0
DE,P,Current Policies,2040,0.003931042862161838,0.0
DE,Q,Current Policies,2040,0.003931042862161543,0.0
DE,R,Current Policies,2040,0.003931042862161845,0.0
DE,S,Current Policies,2040,0.003931042862161848,0.0
DE,A,Current Policies,2041,0.003931042862161828,0.0
DE,B,Current Policies,2041,0.003931042862161756,0.0
DE,C,Current Policies,2041,0.003931042862161844,0.0
DE,D,Current Policies,2041,0.003931042862161848,0.0
DE,E,Current Policies,2041,0.0039310428621580585,0.0
DE,F,Current Policies,2041,0.0039310428621618385,0.0
DE,G,Current Policies,2041,0.003931042862161848,0.0
DE,H,Current Policies,2041,0.0039310428621618185,0.0
DE,I,Current Policies,2041,0.00393104286215788,0.0
DE,J,Current Policies,2041,0.003931042862160579,0.0
DE,L,Current Policies,2041,0.003931042862161846,0.0
DE,M,Current Policies,2041,0.003931042862161846,0.0
DE,N,Current Policies,2041,0.003931042862161711,0.0
DE,P,Current Policies,2041,0.003931042862161838,0.0
DE,Q,Current Policies,2041,0.003931042862161543,0.0
DE,R,Current Policies,2041,0.003931042862161845,0.0
DE,S,Current Policies,2041,0.003931042862161848,0.0
DE,A,Current Policies,2042,0.003931042862161828,0.0
DE,B,Current Policies,2042,0.003931042862161756,0.0
DE,C,Current Policies,2042,0.003931042862161844,0.0
DE,D,Current Policies,2042,0.003931042862161848,0.0
DE,E,Current Policies,2042,0.0039310428621580585,0.0
DE,F,Current Policies,2042,0.003931042862161837,0.0
DE,G,Current Policies,2042,0.003931042862161848,0.0
DE,H,Current Policies,2042,0.0039310428621618185,0.0
DE,I,Current Policies,2042,0.00393104286215788,0.0
DE,J,Current Policies,2042,0.003931042862160578,0.0
DE,L,Current Policies,2042,0.003931042862161847,0.0
DE,M,Current Policies,2042,0.003931042862161842,0.0
DE,N,Current Policies,2042,0.003931042862161711,0.0
DE,P,Current Policies,2042,0.003931042862161838,0.0
DE,Q,Current Policies,2042,0.003931042862161543,0.0
DE,R,Current Policies,2042,0.003931042862161845,0.0
DE,S,Current Policies,2042,0.003931042862161848,0.0
DE,A,Current Policies,2043,0.003931042862161828,0.0
DE,B,Current Policies,2043,0.003931042862161756,0.0
DE,C,Current Policies,2043,0.003931042862161844,0.0
DE,D,Current Policies,2043,0.003931042862161848,0.0
DE,E,Current Policies,2043,0.0039310428621580585,0.0
DE,F,Current Policies,2043,0.003931042862161833,0.0
DE,G,Current Policies,2043,0.003931042862161848,0.0
DE,H,Current Policies,2043,0.0039310428621618185,0.0
DE,I,Current Policies,2043,0.00393104286215788,0.0
DE,J,Current Policies,2043,0.003931042862160578,0.0
DE,L,Current Policies,2043,0.003931042862161847,0.0
DE,M,Current Policies,2043,0.003931042862161841,0.0
DE,N,Current Policies,2043,0.003931042862161711,0.0
DE,P,Current Policies,2043,0.003931042862161838,0.0
DE,Q,Current Policies,2043,0.003931042862161543,0.0
DE,R,Current Policies,2043,0.003931042862161845,0.0
DE,S,Current Policies,2043,0.003931042862161847,0.0
DE,A,Current Policies,2044,0.003931042862161828,0.0
DE,B,Current Policies,2044,0.003931042862161756,0.0
DE,C,Current Policies,2044,0.003931042862161844,0.0
DE,D,Current Policies,2044,0.003931042862161848,0.0
DE,E,Current Policies,2044,0.0039310428621580585,0.0
DE,F,Current Policies,2044,0.003931042862161839,0.0
DE,G,Current Policies,2044,0.003931042862161848,0.0
DE,H,Current Policies,2044,0.0039310428621618185,0.0
DE,I,Current Policies,2044,0.00393104286215788,0.0
DE,J,Current Policies,2044,0.003931042862160579,0.0
DE,L,Current Policies,2044,0.003931042862161847,0.0
DE,M,Current Policies,2044,0.0039310428621618446,0.0
DE,N,Current Policies,2044,0.003931042862161711,0.0
DE,P,Current Policies,2044,0.003931042862161838,0.0
DE,Q,Current Policies,2044,0.003931042862161543,0.0
DE,R,Current Policies,2044,0.003931042862161846,0.0
DE,S,Current Policies,2044,0.003931042862161847,0.0
DE,A,Current Policies,2045,0.003931042862161828,0.0
DE,B,Current Policies,2045,0.003931042862161756,0.0
DE,C,Current Policies,2045,0.003931042862161844,0.0
DE,D,Current Policies,2045,0.003931042862161847,0.0
DE,E,Current Policies,2045,0.0039310428621580585,0.0
DE,F,Current Policies,2045,0.003931042862161837,0.0
DE,G,Current Policies,2045,0.003931042862161848,0.0
DE,H,Current Policies,2045,0.0039310428621618185,0.0
DE,I,Current Policies,2045,0.00393104286215788,0.0
DE,J,Current Policies,2045,0.003931042862160578,0.0
DE,L,Current Policies,2045,0.003931042862161846,0.0
DE,M,Current Policies,2045,0.003931042862161842,0.0
DE,N,Current Policies,2045,0.003931042862161711,0.0
DE,P,Current Policies,2045,0.003931042862161838,0.0
DE,Q,Current Policies,2045,0.003931042862161543,0.0
DE,R,Current Policies,2045,0.003931042862161845,0.0
DE,S,Current Policies,2045,0.003931042862161847,0.0
DE,A,Current Policies,2046,0.003931042862161828,0.0
DE,B,Current Policies,2046,0.003931042862161756,0.0
DE,C,Current Policies,2046,0.003931042862161844,0.0
DE,D,Current Policies,2046,0.003931042862161848,0.0
DE,E,Current Policies,2046,0.0039310428621580585,0.0
DE,F,Current Policies,2046,0.003931042862161833,0.0
DE,G,Current Policies,2046,0.003931042862161848,0.0
DE,H,Current Policies,2046,0.0039310428621618185,0.0
DE,I,Current Policies,2046,0.00393104286215788,0.0
DE,J,Current Policies,2046,0.003931042862160579,0.0
DE,L,Current Policies,2046,0.003931042862161847,0.0
DE,M,Current Policies,2046,0.003931042862161841,0.0
DE,N,Current Policies,2046,0.003931042862161711,0.0
DE,P,Current Policies,2046,0.003931042862161838,0.0
DE,Q,Current Policies,2046,0.003931042862161543,0.0
DE,R,Current Policies,2046,0.0039310428621618446,0.0
DE,S,Current Policies,2046,0.003931042862161848,0.0
DE,A,Current Policies,2047,0.003931042862161828,0.0
DE,B,Current Policies,2047,0.003931042862161756,0.0
DE,C,Current Policies,2047,0.003931042862161844,0.0
DE,D,Current Policies,2047,0.003931042862161848,0.0
DE,E,Current Policies,2047,0.0039310428621580585,0.0
DE,F,Current Policies,2047,0.003931042862161837,0.0
DE,G,Current Policies,2047,0.003931042862161848,0.0
DE,H,Current Policies,2047,0.0039310428621618185,0.0
DE,I,Current Policies,2047,0.00393104286215788,0.0
DE,J,Current Policies,2047,0.003931042862160579,0.0
DE,L,Current Policies,2047,0.003931042862161847,0.0
DE,M,Current Policies,2047,0.003931042862161843,0.0
DE,N,Current Policies,2047,0.003931042862161711,0.0
DE,P,Current Policies,2047,0.003931042862161838,0.0
DE,Q,Current Policies,2047,0.003931042862161543,0.0
DE,R,Current Policies,2047,0.003931042862161845,0.0
DE,S,Current Policies,2047,0.003931042862161848,0.0
DE,A,Current Policies,2048,0.003931042862161828,0.0
DE,B,Current Policies,2048,0.003931042862161756,0.0
DE,C,Current Policies,2048,0.003931042862161844,0.0
DE,D,Current Policies,2048,0.003931042862161848,0.0
DE,E,Current Policies,2048,0.0039310428621580585,0.0
DE,F,Current Policies,2048,0.003931042862161839,0.0
DE,G,Current Policies,2048,0.003931042862161848,0.0
DE,H,Current Policies,2048,0.0039310428621618185,0.0
DE,I,Current Policies,2048,0.00393104286215788,0.0
DE,J,Current Policies,2048,0.003931042862160578,0.0
DE,L,Current Policies,2048,0.003931042862161847,0.0
DE,M,Current Policies,2048,0.0039310428621618446,0.0
DE,N,Current Policies,2048,0.003931042862161711,0.0
DE,P,Current Policies,2048,0.003931042862161838,0.0
DE,Q,Current Policies,2048,0.003931042862161543,0.0
DE,R,Current Policies,2048,0.003931042862161847,0.0
DE,S,Current Policies,2048,0.003931042862161847,0.0
DE,A,Current Policies,2049,0.003931042862161828,0.0
DE,B,Current Policies,2049,0.003931042862161756,0.0
DE,C,Current Policies,2049,0.003931042862161844,0.0
DE,D,Current Policies,2049,0.003931042862161848,0.0
DE,E,Current Policies,2049,0.0039310428621580585,0.0
DE,F,Current Policies,2049,0.003931042862161833,0.0
DE,G,Current Policies,2049,0.003931042862161848,0.0
DE,H,Current Policies,2049,0.0039310428621618185,0.0
DE,I,Current Policies,2049,0.00393104286215788,0.0
DE,J,Current Policies,2049,0.003931042862160579,0.0
DE,L,Current Policies,2049,0.003931042862161847,0.0
DE,M,Current Policies,2049,0.003931042862161841,0.0
DE,N,Current Policies,2049,0.003931042862161711,0.0
DE,P,Current Policies,2049,0.003931042862161838,0.0
DE,Q,Current Policies,2049,0.003931042862161543,0.0
DE,R,Current Policies,2049,0.003931042862161845,0.0
DE,S,Current Policies,2049,0.003931042862161847,0.0
DE,A,Current Policies,2050,0.003931042862161828,0.0
DE,B,Current Policies,2050,0.003931042862161756,0.0
DE,C,Current Policies,2050,0.003931042862161844,0.0
DE,D,Current Policies,2050,0.003931042862161846,0.0
DE,E,Current Policies,2050,0.0039310428621580585,0.0
DE,F,Current Policies,2050,0.003931042862161837,0.0
DE,G,Current Policies,2050,0.003931042862161848,0.0
DE,H,Current Policies,2050,0.0039310428621618185,0.0
DE,I,Current Policies,2050,0.00393104286215788,0.0
DE,J,Current Policies,2050,0.003931042862160578,0.0
DE,L,Current Policies,2050,0.003931042862161847,0.0
DE,M,Current Policies,2050,0.003931042862161842,0.0
DE,N,Current Policies,2050,0.003931042862161711,0.0
DE,P,Current Policies,2050,0.003931042862161838,0.0
DE,Q,Current Policies,2050,0.003931042862161543,0.0
DE,R,Current Policies,2050,0.003931042862161845,0.0
DE,S,Current Policies,2050,0.003931042862161847,0.0
DE,A,Delayed transition,2025,0.003931042862161828,0.0
DE,B,Delayed transition,2025,0.003931042862161756,0.0
DE,C,Delayed transition,2025,0.003931042862161844,0.0
DE,D,Delayed transition,2025,0.003931042862161848,0.0
DE,E,Delayed transition,2025,0.0039310428621580585,0.0
DE,F,Delayed transition,2025,0.003931042862161838,0.0
DE,G,Delayed transition,2025,0.003931042862161848,0.0
DE,H,Delayed transition,2025,0.0039310428621618185,0.0
DE,I,Delayed transition,2025,0.00393104286215788,0.0
DE,J,Delayed transition,2025,0.003931042862160579,0.0
DE,L,Delayed transition,2025,0.003931042862161847,0.0
DE,M,Delayed transition,2025,0.003931042862161844,0.0
DE,N,Delayed transition,2025,0.003931042862161711,0.0
DE,P,Delayed transition,2025,0.003931042862161838,0.0
DE,Q,Delayed transition,2025,0.003931042862161543,0.0
DE,R,Delayed transition,2025,0.003931042862161845,0.0
DE,S,Delayed transition,2025,0.003931042862161848,0.0
DE,A,Delayed transition,2026,0.003931042862161828,0.0
DE,B,Delayed transition,2026,0.003931042862161756,0.0
DE,C,Delayed transition,2026,0.003931042862161844,0.0
DE,D,Delayed transition,2026,0.003931042862161848,0.0
DE,E,Delayed transition,2026,0.0039310428621580585,0.0
DE,F,Delayed transition,2026,0.003931042862161838,0.0
DE,G,Delayed transition,2026,0.003931042862161848,0.0
DE,H,Delayed transition,2026,0.0039310428621618185,0.0
DE,I,Delayed transition,2026,0.00393104286215788,0.0
DE,J,Delayed transition,2026,0.003931042862160579,0.0
DE,L,Delayed transition,2026,0.003931042862161847,0.0
DE,M,Delayed transition,2026,0.003931042862161844,0.0
DE,N,Delayed transition,2026,0.003931042862161711,0.0
DE,P,Delayed transition,2026,0.003931042862161838,0.0
DE,Q,Delayed transition,2026,0.003931042862161543,0.0
DE,R,Delayed transition,2026,0.003931042862161845,0.0
DE,S,Delayed transition,2026,0.003931042862161848,0.0
DE,A,Delayed transition,2027,0.003931042862161828,0.0
DE,B,Delayed transition,2027,0.003931042862161756,0.0
DE,C,Delayed transition,2027,0.003931042862161844,0.0
DE,D,Delayed transition,2027,0.003931042862161848,0.0
DE,E,Delayed transition,2027,0.0039310428621580585,0.0
DE,F,Delayed transition,2027,0.003931042862161838,0.0
DE,G,Delayed transition,2027,0.003931042862161848,0.0
DE,H,Delayed transition,2027,0.0039310428621618185,0.0
DE,I,Delayed transition,2027,0.00393104286215788,0.0
DE,J,Delayed transition,2027,0.003931042862160579,0.0
DE,L,Delayed transition,2027,0.003931042862161847,0.0
DE,M,Delayed transition,2027,0.0039310428621618446,0.0
DE,N,Delayed transition,2027,0.003931042862161711,0.0
DE,P,Delayed transition,2027,0.003931042862161838,0.0
DE,Q,Delayed transition,2027,0.003931042862161543,0.0
DE,R,Delayed transition,2027,0.003931042862161845,0.0
DE,S,Delayed transition,2027,0.003931042862161848,0.0
DE,A,Delayed transition,2028,0.003931042862161828,0.0
DE,B,Delayed transition,2028,0.003931042862161756,0.0
DE,C,Delayed transition,2028,0.003931042862161844,0.0
DE,D,Delayed transition,2028,0.003931042862161848,0.0
DE,E,Delayed transition,2028,0.0039310428621580585,0.0
DE,F,Delayed transition,2028,0.003931042862161838,0.0
DE,G,Delayed transition,2028,0.003931042862161848,0.0
DE,H,Delayed transition,2028,0.0039310428621618185,0.0
DE,I,Delayed transition,2028,0.00393104286215788,0.0
DE,J,Delayed transition,2028,0.003931042862160579,0.0
DE,L,Delayed transition,2028,0.003931042862161847,0.0
DE,M,Delayed transition,2028,0.0039310428621618446,0.0
DE,N,Delayed transition,2028,0.003931042862161711,0.0
DE,P,Delayed transition,2028,0.003931042862161838,0.0
DE,Q,Delayed transition,2028,0.003931042862161543,0.0
DE,R,Delayed transition,2028,0.003931042862161845,0.0
DE,S,Delayed transition,2028,0.003931042862161848,0.0
DE,A,Delayed transition,2029,0.003931042862161828,0.0
DE,B,Delayed transition,2029,0.003931042862161756,0.0
DE,C,Delayed transition,2029,0.003931042862161844,0.0
DE,D,Delayed transition,2029,0.003931042862161848,0.0
DE,E,Delayed transition,2029,0.0039310428621580585,0.0
DE,F,Delayed transition,2029,0.003931042862161838,0.0
DE,G,Delayed transition,2029,0.003931042862161848,0.0
DE,H,Delayed transition,2029,0.0039310428621618185,0.0
DE,I,Delayed transition,2029,0.00393104286215788,0.0
DE,J,Delayed transition,2029,0.003931042862160579,0.0
DE,L,Delayed transition,2029,0.003931042862161847,0.0
DE,M,Delayed transition,2029,0.0039310428621618446,0.0
DE,N,Delayed transition,2029,0.003931042862161711,0.0
DE,P,Delayed transition,2029,0.003931042862161838,0.0
DE,Q,Delayed transition,2029,0.003931042862161543,0.0
DE,R,Delayed transition,2029,0.003931042862161845,0.0
DE,S,Delayed transition,2029,0.003931042862161848,0.0
DE,A,Delayed transition,2030,0.003931042862161828,0.0
DE,B,Delayed transition,2030,0.003931042862161756,0.0
DE,C,Delayed transition,2030,0.003931042862161844,0.0
DE,D,Delayed transition,2030,0.003931042862161848,0.0
DE,E,Delayed transition,2030,0.0039310428621580585,0.0
DE,F,Delayed transition,2030,0.003931042862161833,0.0
DE,G,Delayed transition,2030,0.003931042862161848,0.0
DE,H,Delayed transition,2030,0.0039310428621618185,0.0
DE,I,Delayed transition,2030,0.00393104286215788,0.0
DE,J,Delayed transition,2030,0.003931042862160579,0.0
DE,L,Delayed transition,2030,0.003931042862161847,0.0
DE,M,Delayed transition,2030,0.003931042862161841,0.0
DE,N,Delayed transition,2030,0.003931042862161711,0.0
DE,P,Delayed transition,2030,0.003931042862161838,0.0
DE,Q,Delayed transition,2030,0.003931042862161543,0.0
DE,R,Delayed transition,2030,0.003931042862161845,0.0
DE,S,Delayed transition,2030,0.003931042862161848,0.0
DE,A,Delayed transition,2031,0.005903477957070003,0.19724350949081756
DE,B,Delayed transition,2031,0.004232953326720405,0.03019104645586492
DE,C,Delayed transition,2031,0.004899939127053823,0.09688962648919794
DE,D,Delayed transition,2031,0.030836544964889696,2.690550210272785
DE,E,Delayed transition,2031,0.004200918582954225,0.026987572079616683
DE,F,Delayed transition,2031,0.004148733593623885,0.021769073146204732
DE,G,Delayed transition,2031,0.004165756641658977,0.02347137794971289
DE,H,Delayed transition,2031,0.0044991114183263285,0.05680685561645102
DE,I,Delayed transition,2031,0.004001438783416151,0.0070395921258271064
DE,J,Delayed transition,2031,0.003956079987068306,0.002503712490772704
DE,L,Delayed transition,2031,0.003935329210755724,0.0004286348593876895
DE,M,Delayed transition,2031,0.004122241010055309,0.019119814789346212
DE,N,Delayed transition,2031,0.0040404218251380315,0.010937896297632086
DE,P,Delayed transition,2031,0.004036310856224219,0.010526799406238034
DE,Q,Delayed transition,2031,0.00423784425786679,0.030680139570524796
DE,R,Delayed transition,2031,0.003967658821885721,0.003661595972387475
DE,S,Delayed transition,2031,0.00401901716460711,0.00879743024452626
DE,A,Delayed transition,2032,0.008818580145540992,0.48875372833791636
DE,B,Delayed transition,2032,0.004454292317661378,0.05232494554996223
DE,C,Delayed transition,2032,0.009513773543572931,0.5582730681411087
DE,D,Delayed transition,2032,0.08857994030336004,8.46488974411982
DE,E,Delayed transition,2032,0.0044479716028864484,0.05169287407283903
DE,F,Delayed transition,2032,0.004356469254389455,0.04254263922276218
DE,G,Delayed transition,2032,0.004376726259717983,0.04456833975561351
DE,H,Delayed transition,2032,0.005227513812532076,0.12964709503702584
DE,I,Delayed transition,2032,0.004061096496835444,0.013005363467756374
DE,J,Delayed transition,2032,0.003977232447789989,0.004618958562941
DE,L,Delayed transition,2032,0.003938912697915698,0.0007869835753849788
DE,M,Delayed transition,2032,0.004300288440376519,0.036924557821467856
DE,N,Delayed transition,2032,0.004141049936588538,0.021000707442682644
DE,P,Delayed transition,2032,0.004128914834229009,0.019787197206717087
DE,Q,Delayed transition,2032,0.00452892574380418,0.05978828816426382
DE,R,Delayed transition,2032,0.003999123695105496,0.00680808329436511
DE,S,Delayed transition,2032,0.00409675182695044,0.016570896478859218
DE,A,Delayed transition,2033,0.013033343624915844,0.9102300762754015
DE,B,Delayed transition,2033,0.0045819972115051805,0.06509543493434244
DE,C,Delayed transition,2033,0.012500988267467577,0.8569945405305734
DE,D,Delayed transition,2033,0.1260239383343994,12.209289547223753
DE,E,Delayed transition,2033,0.004665601081337483,0.07345582191794248
DE,F,Delayed transition,2033,0.0045468255464347716,0.06157826842729328
DE,G,Delayed transition,2033,0.0045570934285257166,0.06260505663638685
DE,H,Delayed transition,2033,0.006090848302541937,0.2159805440380119
DE,I,Delayed transition,2033,0.004109684989643312,0.01786421274854325
DE,J,Delayed transition,2033,0.00399441776061011,0.006337489844953127
DE,L,Delayed transition,2033,0.0039417989681718325,0.001075610600998534
DE,M,Delayed transition,2033,0.004457903483413068,0.0526860621251224
DE,N,Delayed transition,2033,0.004228887822708186,0.029784496054647544
DE,P,Delayed transition,2033,0.004206791752265223,0.027574889010338447
DE,Q,Delayed transition,2033,0.004790299973946399,0.08592571117848562
DE,R,Delayed transition,2033,0.004025055419712678,0.009401255755083233
DE,S,Delayed transition,2033,0.004162412552131083,0.02313696899692356
DE,A,Delayed transition,2034,0.019002699287752677,1.507165642559084
DE,B,Delayed transition,2034,0.004610314366845849,0.06792715046840926
DE,C,Delayed transition,2034,0.01555480823328583,1.1623765371123989
DE,D,Delayed transition,2034,0.13800207127775654,13.407102841559468
DE,E,Delayed transition,2034,0.004848734997652849,0.09176921354947908
DE,F,Delayed transition,2034,0.0047127376391158556,0.07816947769540157
DE,G,Delayed transition,2034,0.004701623699731987,0.07705808375701387
DE,H,Delayed transition,2034,0.00696056964782153,0.3029526785659711
DE,I,Delayed transition,2034,0.0041471577503344025,0.021611488817652267
DE,J,Delayed transition,2034,0.004007646498029463,0.007660363586888447
DE,L,Delayed transition,2034,0.003944005561900953,0.0012962699739106302
DE,M,Delayed transition,2034,0.004588163046148151,0.06571201839863078
DE,N,Delayed transition,2034,0.004300424154905984,0.03693812927442729
DE,P,Delayed transition,2034,0.0042684404088738385,0.033739754671200044
DE,Q,Delayed transition,2034,0.005008552582011466,0.10775097198499235
DE,R,Delayed transition,2034,0.004045246898819231,0.011420403665738512
DE,S,Delayed transition,2034,0.00421459757745139,0.028355471528954162
DE,A,Delayed transition,2035,0.027279061647604578,2.3348018785442752
DE,B,Delayed transition,2035,0.004540307627191124,0.0609264765029368
DE,C,Delayed transition,2035,0.018456990540488757,1.452594767832691
DE,D,Delayed transition,2035,0.13390597553771255,12.997493267555068
DE,E,Delayed transition,2035,0.004993317126058266,0.1062274263900207
DE,F,Delayed transition,2035,0.0048476118670962515,0.09165690049344172
DE,G,Delayed transition,2035,0.004806359819586384,0.08753169574245363
DE,H,Delayed transition,2035,0.007932811997116406,0.40017691349545886
DE,I,Delayed transition,2035,0.00417355697586928,0.024251411371139977
DE,J,Delayed transition,2035,0.004016953308174417,0.008591044601383883
DE,L,Delayed transition,2035,0.003945550128786747,0.0014507266624900327
DE,M,Delayed transition,2035,0.004684903934510189,0.0753861072348349
DE,N,Delayed transition,2035,0.004352846633649223,0.042180377148751134
DE,P,Delayed transition,2035,0.004312736550189952,0.03816936880281132
DE,Q,Delayed transition,2035,0.005171788043526563,0.12407451813650214
DE,R,Delayed transition,2035,0.004059574193284371,0.012853133112252625
DE,S,Delayed transition,2035,0.0042522149371742495,0.032117207501240176
DE,A,Delayed transition,2036,0.045393746646598954,4.146270378443711
DE,B,Delayed transition,2036,0.004391900627787552,0.04608577656257957
DE,C,Delayed transition,2036,0.022831003797394275,1.889996093523243
DE,D,Delayed transition,2036,0.12065761538530337,11.672657252314151
DE,E,Delayed transition,2036,0.005209140024571632,0.12780971624135742
DE,F,Delayed transition,2036,0.005055607482450274,0.11245646202884378
DE,G,Delayed transition,2036,0.005042222037556445,0.11111791753945972
DE,H,Delayed transition,2036,0.010263007798014635,0.6331964935852816
DE,I,Delayed transition,2036,0.004230852854349204,0.029980999219132373
DE,J,Delayed transition,2036,0.004037117404221862,0.010607454206128356
DE,L,Delayed transition,2036,0.003948874587975589,0.001783172581374156
DE,M,Delayed transition,2036,0.004910395319227434,0.0979352457065593
DE,N,Delayed transition,2036,0.0044723735264570455,0.054133066429533395
DE,P,Delayed transition,2036,0.0044114486350573245,0.04804057728954862
DE,Q,Delayed transition,2036,0.005555468482998901,0.1624425620837359
DE,R,Delayed transition,2036,0.00409096757970455,0.015992471754270494
DE,S,Delayed transition,2036,0.004336433740588707,0.04053908784268607
DE,A,Delayed transition,2037,0.07305779213440783,6.912674927224599
DE,B,Delayed transition,2037,0.004116219789864466,0.018517692770271023
DE,C,Delayed transition,2037,0.026140992355988674,2.220994949382683
DE,D,Delayed transition,2037,0.07812130667557281,7.419026381341094
DE,E,Delayed transition,2037,0.0053705183703443285,0.14394755081862703
DE,F,Delayed transition,2037,0.0052165369968726035,0.12854941347107665
DE,G,Delayed transition,2037,0.005263961485582587,0.13329186234207388
DE,H,Delayed transition,2037,0.013371590768067178,0.9440547905905362
DE,I,Delayed transition,2037,0.0042822146790965285,0.035117181693864866
DE,J,Delayed transition,2037,0.004055153742465132,0.012411088030455248
DE,L,Delayed transition,2037,0.003951823016535283,0.0020780154373435246
DE,M,Delayed transition,2037,0.005132486346415137,0.12014434842532909
DE,N,Delayed transition,2037,0.004585971131039174,0.06549282688774626
DE,P,Delayed transition,2037,0.0045030863415421365,0.057204347938029844
DE,Q,Delayed transition,2037,0.005936906933041963,0.2005864070880421
DE,R,Delayed transition,2037,0.0041194643437110455,0.018842148154919976
DE,S,Delayed transition,2037,0.004415133376931151,0.04840905147693031
DE,A,Delayed transition,2038,0.1132745199834644,10.934347712130258
DE,B,Delayed transition,2038,0.003931042862161756,0.0
DE,C,Delayed transition,2038,0.027788880461891728,2.385783759972988
DE,D,Delayed transition,2038,0.01822552593901021,1.429448307684836
DE,E,Delayed transition,2038,0.005473000424074841,0.15419575619167827
DE,F,Delayed transition,2038,0.005321203537349854,0.13901606751880166
DE,G,Delayed transition,2038,0.00546810716151013,0.15370642993482814
DE,H,Delayed transition,2038,0.018116029677033806,1.4184986814871987
DE,I,Delayed transition,2038,0.004327542685056973,0.03964998228990933
DE,J,Delayed transition,2038,0.004071041512202911,0.013999865004233204
DE,L,Delayed transition,2038,0.003954400721692761,0.002335785953091498
DE,M,Delayed transition,2038,0.00534589549339562,0.14148526312337772
DE,N,Delayed transition,2038,0.004690828091823875,0.07597852296621645
DE,P,Delayed transition,2038,0.004586577652586261,0.06555347904244226
DE,Q,Delayed transition,2038,0.006305969298908803,0.23749264367472597
DE,R,Delayed transition,2038,0.004144899003435246,0.021385614127339976
DE,S,Delayed transition,2038,0.00448730137243316,0.05562585102713122
DE,A,Delayed transition,2039,0.16867704915251336,16.474600629035155
DE,B,Delayed transition,2039,0.003931042862161756,0.0
DE,C,Delayed transition,2039,0.028546757813994104,2.4615714951832266
DE,D,Delayed transition,2039,0.003931042862161848,-6.761289140111631e-18
DE,E,Delayed transition,2039,0.005514621666792009,0.15835788046339513
DE,F,Delayed transition,2039,0.005364268482632562,0.14332256204707253
DE,G,Delayed transition,2039,0.005651606755487216,0.1720563893325369
DE,H,Delayed transition,2039,0.021046688904816084,1.7115646042654264
DE,I,Delayed transition,2039,0.004366799860526028,0.043575699836814835
DE,J,Delayed transition,2039,0.004084779684101024,0.015373682194044476
DE,L,Delayed transition,2039,0.003956615104151459,0.0025572241989612102
DE,M,Delayed transition,2039,0.005545086950240164,0.1614044088078322
DE,N,Delayed transition,2039,0.004784645766300847,0.08536029041391355
DE,P,Delayed transition,2039,0.004660974646122257,0.07299317839604183
DE,Q,Delayed transition,2039,0.006652168707200293,0.2721125845038751
DE,R,Delayed transition,2039,0.004167148156090934,0.023610529392908794
DE,S,Delayed transition,2039,0.0045520032389479706,0.062096037678612374
DE,A,Delayed transition,2040,0.24063994771345948,23.67089048512976
DE,B,Delayed transition,2040,0.003931042862161756,0.0
DE,C,Delayed transition,2040,0.0280906693772225,2.4159626515060655
DE,D,Delayed transition,2040,0.003931042862161847,-1.9636308295978516e-17
DE,E,Delayed transition,2040,0.005495836403054892,0.15647935408968336
DE,F,Delayed transition,2040,0.005344791575524331,0.1413748713362497
DE,G,Delayed transition,2040,0.005811854341326051,0.18808114791642028
DE,H,Delayed transition,2040,0.024085433320252883,2.0154390458091065
DE,I,Delayed transition,2040,0.004399997786918514,0.04689549247606341
DE,J,Delayed transition,2040,0.004096382138932126,0.01653392767715486
DE,L,Delayed transition,2040,0.00395847482060563,0.002743195844378314
DE,M,Delayed transition,2040,0.005724663470080273,0.17936206079184316
DE,N,Delayed transition,2040,0.004865771697404099,0.09347288352423887
DE,P,Delayed transition,2040,0.004725469530230882,0.07944266680690447
DE,Q,Delayed transition,2040,0.006965394874260064,0.3034352012098523
DE,R,Delayed transition,2040,0.004186126120130649,0.02550832579688034
DE,S,Delayed transition,2040,0.004608408244572705,0.06773653824108573
DE,A,Delayed transition,2041,0.39547543614484565,39.154439328268374
DE,B,Delayed transition,2041,0.003931042862161756,0.0
DE,C,Delayed transition,2041,0.02989160032264363,2.5960557460481786
DE,D,Delayed transition,2041,0.003931042862161848,-1.2273568551570286e-17
DE,E,Delayed transition,2041,0.005598808250344676,0.16677653881866178
DE,F,Delayed transition,2041,0.005452368550655369,0.15213256884935306
DE,G,Delayed transition,2041,0.006044686429455325,0.21136435672934767
DE,H,Delayed transition,2041,0.04308623036699286,3.9155187504831037
DE,I,Delayed transition,2041,0.004446523457724946,0.05154805955670658
DE,J,Delayed transition,2041,0.004112619736483176,0.018157687432259765
DE,L,Delayed transition,2041,0.003961061615659002,0.0030018753497154695
DE,M,Delayed transition,2041,0.005994570966086207,0.20635281039243608
DE,N,Delayed transition,2041,0.004981539301566985,0.10504964394052743
DE,P,Delayed transition,2041,0.004818407095044138,0.08873642328822996
DE,Q,Delayed transition,2041,0.007437723317306747,0.3506680455145205
DE,R,Delayed transition,2041,0.00421297859912444,0.028193573696259508
DE,S,Delayed transition,2041,0.004690224573262297,0.07591817111004498
DE,A,Delayed transition,2042,0.5659958421434019,56.206479928124
DE,B,Delayed transition,2042,0.003931042862161756,0.0
DE,C,Delayed transition,2042,0.029982491566377882,2.605144870421604
DE,D,Delayed transition,2042,0.003931042862161848,-2.176724782107985e-18
DE,E,Delayed transition,2042,0.005604492260107692,0.16734493979496343
DE,F,Delayed transition,2042,0.005458364973292476,0.15273221111306404
DE,G,Delayed transition,2042,0.006187113758997322,0.22560708968354737
DE,H,Delayed transition,2042,0.051121423695205705,4.719038083304388
DE,I,Delayed transition,2042,0.004474025586596601,0.054298272443872087
DE,J,Delayed transition,2042,0.004122205885962875,0.019116302380229728
DE,L,Delayed transition,2042,0.003962580157475021,0.003153729531317505
DE,M,Delayed transition,2042,0.006164620926430802,0.22335780642689598
DE,N,Delayed transition,2042,0.00505075959053849,0.11197167283767785
DE,P,Delayed transition,2042,0.004874802348648883,0.0943759486487045
DE,Q,Delayed transition,2042,0.007736059683381054,0.3805016821219511
DE,R,Delayed transition,2042,0.00422899394947414,0.029795108731229494
DE,S,Delayed transition,2042,0.0047401911819059785,0.08091483197441303
DE,A,Delayed transition,2043,0.7147661641904026,71.08351213282408
DE,B,Delayed transition,2043,0.003931042862161756,0.0
DE,C,Delayed transition,2043,0.028561650949437578,2.463060808727574
DE,D,Delayed transition,2043,0.003931042862161848,2.1309123289410346e-17
DE,E,Delayed transition,2043,0.005515776977869415,0.15847341157113562
DE,F,Delayed transition,2043,0.005365468485234971,0.14344256230731375
DE,G,Delayed transition,2043,0.0062333543244078955,0.23023114622460483
DE,H,Delayed transition,2043,0.053888090545304156,4.9957047683142335
DE,I,Delayed transition,2043,0.004482802097874094,0.05517592357162145
DE,J,Delayed transition,2043,0.004125263166101816,0.019422030394123824
DE,L,Delayed transition,2043,0.003963063124368698,0.0032020262206851036
DE,M,Delayed transition,2043,0.006220584479583974,0.22895416174221328
DE,N,Delayed transition,2043,0.005072931714597688,0.1141888852435977
DE,P,Delayed transition,2043,0.004893034652551119,0.09619917903892812
DE,Q,Delayed transition,2043,0.007834349952984723,0.39033070908231804
DE,R,Delayed transition,2043,0.004234127306063513,0.03030844439016675
DE,S,Delayed transition,2043,0.004756398152507762,0.08253552903459135
DE,A,Delayed transition,2044,0.8152042859356996,81.1273243073538
DE,B,Delayed transition,2044,0.003931042862161756,0.0
DE,C,Delayed transition,2044,0.025140313392683532,2.120927053052169
DE,D,Delayed transition,2044,0.003931042862161848,-2.5259840652266365e-17
DE,E,Delayed transition,2044,0.0053404661723329885,0.14094233101749304
DE,F,Delayed transition,2044,0.005186210551174289,0.1255167689012449
DE,G,Delayed transition,2044,0.006183577298159354,0.22525344359975055
DE,H,Delayed transition,2044,0.05453088860647411,5.059984574431228
DE,I,Delayed transition,2044,0.004473351311336322,0.05423084491784419
DE,J,Delayed transition,2044,0.004121970966502264,0.01909281043416839
DE,L,Delayed transition,2044,0.003962543019916265,0.003150015775441771
DE,M,Delayed transition,2044,0.006160355692629245,0.22293128304674004
DE,N,Delayed transition,2044,0.005049057566395052,0.11180147042333419
DE,P,Delayed transition,2044,0.004873406370476991,0.09423635083151538
DE,Q,Delayed transition,2044,0.0077285706138130895,0.3797527751651548
DE,R,Delayed transition,2044,0.00422860002010297,0.029755715794112476
DE,S,Delayed transition,2044,0.00473895135209259,0.08079084899307429
DE,A,Delayed transition,2045,0.8663156922953726,86.23846494332108
DE,B,Delayed transition,2045,0.003931042862161756,0.0
DE,C,Delayed transition,2045,0.02017295105886132,1.624190819669948
DE,D,Delayed transition,2045,0.003931042862161848,1.813650965947661e-17
DE,E,Delayed transition,2045,0.00509037657614136,0.11593337139833015
DE,F,Delayed transition,2045,0.004940146345060028,0.1009103482898191
DE,G,Delayed transition,2045,0.006043838802968688,0.21127959408068406
DE,H,Delayed transition,2045,0.05422575226135111,5.02947093991893
DE,I,Delayed transition,2045,0.004446357640608358,0.05153147784504779
DE,J,Delayed transition,2045,0.004112561912121683,0.018151904996110413
DE,L,Delayed transition,2045,0.003961052436360838,0.003000957419899069
DE,M,Delayed transition,2045,0.00599356981448791,0.20625269523260695
DE,N,Delayed transition,2045,0.004981123395218448,0.10500805330567363
DE,P,Delayed transition,2045,0.004818070418625572,0.08870275564637331
DE,Q,Delayed transition,2045,0.007435968459098371,0.3504925596936827
DE,R,Delayed transition,2045,0.004212882361522916,0.028183949936106966
DE,S,Delayed transition,2045,0.004689927011398564,0.07588841492367174
DE,A,Delayed transition,2046,0.891538536151403,88.76074932892412
DE,B,Delayed transition,2046,0.003931042862161756,0.0
DE,C,Delayed transition,2046,0.018953633306731624,1.5022590444569779
DE,D,Delayed transition,2046,0.003931042862161847,-5.948475043453947e-17
DE,E,Delayed transition,2046,0.005030090841663945,0.10990479795058873
DE,F,Delayed transition,2046,0.0048824803015844725,0.09514374394226394
DE,G,Delayed transition,2046,0.006151773064096297,0.22207302019344477
DE,H,Delayed transition,2046,0.05981985868570416,5.588881582354233
DE,I,Delayed transition,2046,0.004467267830156913,0.053622496799903344
DE,J,Delayed transition,2046,0.004119851224149366,0.01888083619887875
DE,L,Delayed transition,2046,0.003962207745135539,0.0031164882973691776
DE,M,Delayed transition,2046,0.006122093712214592,0.21910508500527517
DE,N,Delayed transition,2046,0.0050337114224675225,0.11026685603058106
DE,P,Delayed transition,2046,0.00486084202697108,0.09297991648092407
DE,Q,Delayed transition,2046,0.007661402212771025,0.37303593506094834
DE,R,Delayed transition,2046,0.004225048802159579,0.029400593999773444
DE,S,Delayed transition,2046,0.004727799261792557,0.079675639963071
DE,A,Delayed transition,2047,0.8918882646967417,88.795722183458
DE,B,Delayed transition,2047,0.003931042862161756,0.0
DE,C,Delayed transition,2047,0.014003947857728002,1.0072904995566159
DE,D,Delayed transition,2047,0.003931042862161848,1.071564638177172e-17
DE,E,Delayed transition,2047,0.004803213635536953,0.08721707733788939
DE,F,Delayed transition,2047,0.00467099135398322,0.07399484918213824
DE,G,Delayed transition,2047,0.0059860122911000995,0.20549694289382514
DE,H,Delayed transition,2047,0.06352518893985651,5.959414607769469
DE,I,Delayed transition,2047,0.004434984656726193,0.0503941794568313
DE,J,Delayed transition,2047,0.004108595099658837,0.01775522374982583
DE,L,Delayed transition,2047,0.0039604221713286335,0.0029379309166786237
DE,M,Delayed transition,2047,0.005925582671823823,0.19945398096619804
DE,N,Delayed transition,2047,0.004952646577100462,0.10216037149387511
DE,P,Delayed transition,2047,0.004795072862636295,0.08640300004744567
DE,Q,Delayed transition,2047,0.0073168444101658426,0.3385801548004299
DE,R,Delayed transition,2047,0.004206290850865556,0.027524798870371014
DE,S,Delayed transition,2047,0.004669621699532432,0.07385788373705843
DE,A,Delayed transition,2048,0.8922318054961561,88.83007626339943
DE,B,Delayed transition,2048,0.003931042862161756,0.0
DE,C,Delayed transition,2048,0.00936825682176319,0.5437213959601347
DE,D,Delayed transition,2048,0.003931042862161848,-1.4487406066226058e-17
DE,E,Delayed transition,2048,0.004439279115313845,0.05082362531557867
DE,F,Delayed transition,2048,0.004349013296512096,0.041797043435025584
DE,G,Delayed transition,2048,0.005582713188823587,0.16516703266617394
DE,H,Delayed transition,2048,0.057154583538577663,5.322354067641584
DE,I,Delayed transition,2048,0.004352220182205639,0.04211773200477591
DE,J,Delayed transition,2048,0.004079679791620686,0.014863692946010743
DE,L,Delayed transition,2048,0.003955794647178392,0.002475178501654395
DE,M,Delayed transition,2048,0.005469488018179929,0.15384451560180853
DE,N,Delayed transition,2048,0.004749510080844774,0.0818467218683063
DE,P,Delayed transition,2048,0.004633112215732527,0.07020693535706897
DE,Q,Delayed transition,2048,0.006520606105825353,0.25895632436638116
DE,R,Delayed transition,2048,0.004158860870684478,0.0227818008522632
DE,S,Delayed transition,2048,0.004527726968423683,0.05966841062618358
DE,A,Delayed transition,2049,0.8925958676546445,88.86648247924826
DE,B,Delayed transition,2049,0.003931042862161756,0.0
DE,C,Delayed transition,2049,0.003971846786362499,0.004080392420065564
DE,D,Delayed transition,2049,0.003931042862161847,-5.821183981987336e-17
DE,E,Delayed transition,2049,0.003979266623978106,0.00482237618200475
DE,F,Delayed transition,2049,0.003969282345448211,0.0038239483286377283
DE,G,Delayed transition,2049,0.005010335373885784,0.1079292511723935
DE,H,Delayed transition,2049,0.05164151701069765,4.771047414853583
DE,I,Delayed transition,2049,0.0042232732683140555,0.029223040615617563
DE,J,Delayed transition,2049,0.004034452626617344,0.0103409764456767
DE,L,Delayed transition,2049,0.003948436960844689,0.0017394098682841615
DE,M,Delayed transition,2049,0.0048792745150194675,0.09482316528576257
DE,N,Delayed transition,2049,0.004456115564562628,0.052507270240091795
DE,P,Delayed transition,2049,0.004398182176816222,0.046713931465438445
DE,Q,Delayed transition,2049,0.005502277944772544,0.15712350826110008
DE,R,Delayed transition,2049,0.004086790875665547,0.015574801350370183
DE,S,Delayed transition,2049,0.004325082522572636,0.0394039660410788
DE,A,Delayed transition,2050,0.8929717608955392,88.90407180333773
DE,B,Delayed transition,2050,0.003931042862161756,0.0
DE,C,Delayed transition,2050,0.003931042862161844,9.128421270666375e-18
DE,D,Delayed transition,2050,0.003931042862161847,8.309962846449829e-17
DE,E,Delayed transition,2050,0.0039310428621580585,0.0
DE,F,Delayed transition,2050,0.0039310428621618385,1.95096991022168e-16
DE,G,Delayed transition,2050,0.004350089566045257,0.04190467038834103
DE,H,Delayed transition,2050,0.022664393819170153,1.8733350957008332
DE,I,Delayed transition,2050,0.004053738532253547,0.012269567009566724
DE,J,Delayed transition,2050,0.003974626727747862,0.004358386558728371
DE,L,Delayed transition,2050,0.003938473108681099,0.0007430246519252379
DE,M,Delayed transition,2050,0.004277449248960416,0.03464063867985732
DE,N,Delayed transition,2050,0.004128218774924481,0.019717591276277063
DE,P,Delayed transition,2050,0.004117317433626094,0.018627457146425545
DE,Q,Delayed transition,2050,0.0044913250072138745,0.05602821450523321
DE,R,Delayed transition,2050,0.003995220855908974,0.006417799374712844
DE,S,Delayed transition,2050,0.004086997068663288,0.01559542065014406
DE,A,Fragmented World,2025,0.003931042862161828,0.0
DE,B,Fragmented World,2025,0.003931042862161756,0.0
DE,C,Fragmented World,2025,0.003931042862161844,0.0
DE,D,Fragmented World,2025,0.003931042862161848,0.0
DE,E,Fragmented World,2025,0.0039310428621580585,0.0
DE,F,Fragmented World,2025,0.003931042862161838,0.0
DE,G,Fragmented World,2025,0.003931042862161848,0.0
DE,H,Fragmented World,2025,0.0039310428621618185,0.0
DE,I,Fragmented World,2025,0.00393104286215788,0.0
DE,J,Fragmented World,2025,0.003931042862160579,0.0
DE,L,Fragmented World,2025,0.003931042862161847,0.0
DE,M,Fragmented World,2025,0.003931042862161844,0.0
DE,N,Fragmented World,2025,0.003931042862161711,0.0
DE,P,Fragmented World,2025,0.003931042862161838,0.0
DE,Q,Fragmented World,2025,0.003931042862161543,0.0
DE,R,Fragmented World,2025,0.003931042862161845,0.0
DE,S,Fragmented World,2025,0.003931042862161848,0.0
DE,A,Fragmented World,2026,0.0039320159215001154,9.730593382874083e-05
DE,B,Fragmented World,2026,0.00393128320915487,2.4034699311423907e-05
DE,C,Fragmented World,2026,0.00393118534167172,1.4247950987584248e-05
DE,D,Fragmented World,2026,0.0039340894364167526,0.00030465742549047007
DE,E,Fragmented World,2026,0.003931241304437228,1.9844227916990313e-05
DE,F,Fragmented World,2026,0.003931199656903976,1.56794742138922e-05
DE,G,Fragmented World,2026,0.003931209865528308,1.6700336645999772e-05
DE,H,Fragmented World,2026,0.003931403080126739,3.602179649214033e-05
DE,I,Fragmented World,2026,0.003931094591805876,5.1729647995713e-06
DE,J,Fragmented World,2026,0.003931061292164643,1.843000406440508e-06
DE,L,Fragmented World,2026,0.003931046035402957,3.1732411100181257e-07
DE,M,Fragmented World,2026,0.003931176646502638,1.3378434079405704e-05
DE,N,Fragmented World,2026,0.003931119798409536,7.693624782463506e-06
DE,P,Fragmented World,2026,0.003931118699485445,7.583732360675785e-06
DE,Q,Fragmented World,2026,0.003931255227310272,2.123651487292909e-05
DE,R,Fragmented World,2026,0.003931069570701834,2.670853998913178e-06
DE,S,Fragmented World,2026,0.00393110610879753,6.3246635683550345e-06
DE,A,Fragmented World,2027,0.0039329757643162796,0.0001932902154451121
DE,B,Fragmented World,2027,0.00393150245077386,4.595886121038992e-05
DE,C,Fragmented World,2027,0.003931315608932233,2.727467703889392e-05
DE,D,Fragmented World,2027,0.003936833299084719,0.0005790436922871185
DE,E,Fragmented World,2027,0.003931422551013179,3.796888551207614e-05
DE,F,Fragmented World,2027,0.003931342868868032,3.0000670619550537e-05
DE,G,Fragmented World,2027,0.003931365187661483,3.223254996358107e-05
DE,H,Fragmented World,2027,0.003931736908471202,6.940463093833226e-05
DE,I,Fragmented World,2027,0.003931142700969205,9.9838811325019e-06
DE,J,Fragmented World,2027,0.0039310784322361975,3.5570075619867097e-06
DE,L,Fragmented World,2027,0.003931048986522106,6.12436025897388e-07
DE,M,Fragmented World,2027,0.003931301075806641,2.5821364479752253e-05
DE,N,Fragmented World,2027,0.003931191354331919,1.4849217020839033e-05
DE,P,Fragmented World,2027,0.003931189231014824,1.4636885298612251e-05
DE,Q,Fragmented World,2027,0.003931452745600784,4.0988343924080304e-05
DE,R,Fragmented World,2027,0.003931094410206824,5.1548044978980555e-06
DE,S,Fragmented World,2027,0.003931164930677318,1.220685154698366e-05
DE,A,Fragmented World,2028,0.0039339191171761006,0.00028762550142731955
DE,B,Fragmented World,2028,0.003931700151696026,6.572895342700849e-05
DE,C,Fragmented World,2028,0.00393143336592363,3.9050376178631086e-05
DE,D,Fragmented World,2028,0.003939267629944555,0.0008224767782706386
DE,E,Fragmented World,2028,0.003931586237940714,5.43375782655253e-05
DE,F,Fragmented World,2028,0.003931472209378955,4.293472171179525e-05
DE,G,Fragmented World,2028,0.003931508463974789,4.656018129415779e-05
DE,H,Fragmented World,2028,0.003932043576735236,0.00010007145734173384
DE,I,Fragmented World,2028,0.003931187077206711,1.442150488308383e-05
DE,J,Fragmented World,2028,0.003931094242324741,5.1380164163965554e-06
DE,L,Fragmented World,2028,0.003931051708628823,8.846466976167886e-07
DE,M,Fragmented World,2028,0.003931415857416247,3.72995254403368e-05
DE,N,Fragmented World,2028,0.0039312573617313485,2.1449956963744766e-05
DE,P,Fragmented World,2028,0.003931254291472083,2.114293102443976e-05
DE,Q,Fragmented World,2028,0.003931634951799481,5.9208963793823375e-05
DE,R,Fragmented World,2028,0.00393111732256479,7.446040294522484e-06
DE,S,Fragmented World,2028,0.003931219189927889,1.763277660412284e-05
DE,A,Fragmented World,2029,0.003934842813821537,0.0003799951659709672
DE,B,Fragmented World,2029,0.003931876023062301,8.331609005450547e-05
DE,C,Fragmented World,2029,0.003931538403012591,4.9554085074760625e-05
DE,D,Fragmented World,2029,0.003941387955352145,0.0010345093190296535
DE,E,Fragmented World,2029,0.003931732120625691,6.89258467633023e-05
DE,F,Fragmented World,2029,0.0039315874841511,5.446219892632991e-05
DE,G,Fragmented World,2029,0.00393163941158648,5.965494246316734e-05
DE,H,Fragmented World,2029,0.003932322499514268,0.00012796373524501917
DE,I,Fragmented World,2029,0.003931227633362594,1.847712047141001e-05
DE,J,Fragmented World,2029,0.0039311086913878844,6.582922730560294e-06
DE,L,Fragmented World,2029,0.003931054196383395,1.1334221546925902e-06
DE,M,Fragmented World,2029,0.003931520764153942,4.779019920984053e-05
DE,N,Fragmented World,2029,0.003931317690061623,2.7482789991137108e-05
DE,P,Fragmented World,2029,0.003931313752668799,2.708905069611336e-05
DE,Q,Fragmented World,2029,0.003931801484645416,7.586224838745012e-05
DE,R,Fragmented World,2029,0.003931138262721489,9.540055964295129e-06
DE,S,Fragmented World,2029,0.0039312687796093536,2.2591744750618158e-05
DE,A,Fragmented World,2030,0.003935743812600396,0.00047009504385684325
DE,B,Fragmented World,2030,0.003932029921692195,9.870595304387747e-05
DE,C,Fragmented World,2030,0.00393163059912789,5.877369660463151e-05
DE,D,Fragmented World,2030,0.0039431921615809985,0.0012149299419150093
DE,E,Fragmented World,2030,0.003931860073238038,8.172110799796249e-05
DE,F,Fragmented World,2030,0.003931688592840972,6.457306791385083e-05
DE,G,Fragmented World,2030,0.003931757829619467,7.149674576182952e-05
DE,H,Fragmented World,2030,0.00393257327691688,0.0001530414755061402
DE,I,Fragmented World,2030,0.0039312643076511574,2.2144549327758608e-05
DE,J,Fragmented World,2030,0.0039311217574213644,7.889526078655944e-06
DE,L,Fragmented World,2030,0.003931056446001928,1.35838400804532e-06
DE,M,Fragmented World,2030,0.003931615634572402,5.727724105619653e-05
DE,N,Fragmented World,2030,0.003931372246569954,3.293844082437032e-05
DE,P,Fragmented World,2030,0.0039313675236374674,3.2466147562954576e-05
DE,Q,Fragmented World,2030,0.003931952087258564,9.0922509702071e-05
DE,R,Fragmented World,2030,0.003931157198725138,1.1433656329343384e-05
DE,S,Fragmented World,2030,0.003931313623825455,2.707616636076609e-05
DE,A,Fragmented World,2031,0.005292570764321416,0.13615279021595889
DE,B,Fragmented World,2031,0.0041640676422813345,0.02330247801195784
DE,C,Fragmented World,2031,0.004363157823138304,0.04321149609764613
DE,D,Fragmented World,2031,0.02372560760058579,1.979456473842394
DE,E,Fragmented World,2031,0.004129782120939971,0.019873925878191284
DE,F,Fragmented World,2031,0.004090459273224651,0.0159416411062813
DE,G,Fragmented World,2031,0.004112941087814105,0.018189822565225704
DE,H,Fragmented World,2031,0.004342865288548755,0.041182242638693724
DE,I,Fragmented World,2031,0.003985986587960944,0.005494372580306436
DE,J,Fragmented World,2031,0.003950591540157555,0.0019548677996975503
DE,L,Fragmented World,2031,0.003934393767091806,0.00033509049299590367
DE,M,Fragmented World,2031,0.00407863051106444,0.014758764890259284
DE,N,Fragmented World,2031,0.004015581792508018,0.008453893034630719
DE,P,Fragmented World,2031,0.004012842877429986,0.008180001526814735
DE,Q,Fragmented World,2031,0.00416730601123413,0.023626314907258722
DE,R,Fragmented World,2031,0.003959574668409949,0.0028531806248105088
DE,S,Fragmented World,2031,0.003999371011011541,0.006832814884969419
DE,A,Fragmented World,2032,0.007039621112599443,0.3108578250437615
DE,B,Fragmented World,2032,0.0043591265191978935,0.04280836570361374
DE,C,Fragmented World,2032,0.007080632866085165,0.31495900039233227
DE,D,Fragmented World,2032,0.06698438758673939,6.305334472457755
DE,E,Fragmented World,2032,0.004309972699713052,0.03789298375549938
DE,F,Fragmented World,2032,0.004239382875009746,0.030834001284791256
DE,G,Fragmented World,2032,0.004295928223764067,0.036488536160221956
DE,H,Fragmented World,2032,0.004813964884139993,0.0882922021978175
DE,I,Fragmented World,2032,0.004038625672185074,0.01075828100271939
DE,J,Fragmented World,2032,0.003969271969306572,0.0038229107145994427
DE,L,Fragmented World,2032,0.003937568123683084,0.0006525261521237055
DE,M,Fragmented World,2032,0.004231339052636761,0.030029619047491976
DE,N,Fragmented World,2032,0.004102241530873952,0.017119866871224167
DE,P,Fragmented World,2032,0.004093654397949741,0.016261153578790304
DE,Q,Fragmented World,2032,0.004415639711122398,0.04845968489608547
DE,R,Fragmented World,2032,0.003987224260098144,0.005618139793629763
DE,S,Fragmented World,2032,0.004067111571792217,0.013606870963036935
DE,A,Fragmented World,2033,0.009241734941788253,0.5310692079626426
DE,B,Fragmented World,2033,0.004511631884178431,0.058058902201667525
DE,C,Fragmented World,2033,0.009895612310612673,0.5964569448450829
DE,D,Fragmented World,2033,0.10861689664567019,10.468585378350836
DE,E,Fragmented World,2033,0.004469238996659458,0.05381961345013994
DE,F,Fragmented World,2033,0.004374757945124322,0.0443715082962482
DE,G,Fragmented World,2033,0.004479604346932663,0.0548561484770815
DE,H,Fragmented World,2033,0.005402343634070125,0.14713007719083063
DE,I,Fragmented World,2033,0.004089068189816894,0.01580253276590145
DE,J,Fragmented World,2033,0.003987130329128046,0.00560874669674683
DE,L,Fragmented World,2033,0.003940577777655906,0.0009534915494057927
DE,M,Fragmented World,2033,0.004389541263154555,0.045849840099271025
DE,N,Fragmented World,2033,0.004190949406194336,0.025990654403262523
DE,P,Fragmented World,2033,0.004173469535241673,0.024242667307983506
DE,Q,Fragmented World,2033,0.00467654415304373,0.0745501290882188
DE,R,Fragmented World,2033,0.004014018207570938,0.00829753454090928
DE,S,Fragmented World,2033,0.004134283101670363,0.020324023950851512
DE,A,Fragmented World,2034,0.011964360516597643,0.8033317654435818
DE,B,Fragmented World,2034,0.004617895318693984,0.06868524565322277
DE,C,Fragmented World,2034,0.011806501522031445,0.7875458659869603
DE,D,Fragmented World,2034,0.1382689332579001,13.43378903957382
DE,E,Fragmented World,2034,0.004605186764846121,0.06741439026880627
DE,F,Fragmented World,2034,0.004493258877089517,0.05622160149276774
DE,G,Fragmented World,2034,0.004663148842566107,0.07321059804042593
DE,H,Fragmented World,2034,0.005991517904618753,0.2060475042456935
DE,I,Fragmented World,2034,0.00413730321081387,0.020626034865599014
DE,J,Fragmented World,2034,0.004004169693252703,0.007312683109212416
DE,L,Fragmented World,2034,0.003943426890923198,0.0012384028761350087
DE,M,Fragmented World,2034,0.004553127403341861,0.06220845411800178
DE,N,Fragmented World,2034,0.004281285902318163,0.035024304015645276
DE,P,Fragmented World,2034,0.004252090330798166,0.03210474686363277
DE,Q,Fragmented World,2034,0.0049496673958788874,0.10186245337173445
DE,R,Fragmented World,2034,0.00403992051890535,0.010887765674350333
DE,S,Fragmented World,2034,0.004200738692624788,0.02696958304629399
DE,A,Fragmented World,2035,0.015267446045699391,1.1336403183537562
DE,B,Fragmented World,2035,0.004675800521919263,0.07447576597575069
DE,C,Fragmented World,2035,0.012940742562584102,0.9009699700422258
DE,D,Fragmented World,2035,0.15305047416900325,14.911943130684143
DE,E,Fragmented World,2035,0.00471589490017088,0.07848520380128216
DE,F,Fragmented World,2035,0.004591854641625219,0.06608117794633862
DE,G,Fragmented World,2035,0.004845708155067545,0.09146652929056981
DE,H,Fragmented World,2035,0.006554909421607118,0.26238665594453003
DE,I,Fragmented World,2035,0.004183318242074124,0.025227537991624402
DE,J,Fragmented World,2035,0.004020391943170777,0.00893490810101982
DE,L,Fragmented World,2035,0.0039461191797099384,0.001507631754809196
DE,M,Fragmented World,2035,0.004721776587008016,0.07907337248461759
DE,N,Fragmented World,2035,0.0043726557723919755,0.04416129102302646
DE,P,Fragmented World,2035,0.0043293013957363576,0.03982585335745199
DE,Q,Fragmented World,2035,0.005234237553603519,0.13031946914419773
DE,R,Fragmented World,2035,0.0040648935466678976,0.013385068450605246
DE,S,Fragmented World,2035,0.004266309342791185,0.03352664806293371
DE,A,Fragmented World,2036,0.020182099722402667,1.625105686024084
DE,B,Fragmented World,2036,0.004717247829870882,0.07862049677091258
DE,C,Fragmented World,2036,0.014185091614259513,1.0254048752097673
DE,D,Fragmented World,2036,0.17095523792817116,16.702419506600933
DE,E,Fragmented World,2036,0.004816565097116579,0.08855222349585204
DE,F,Fragmented World,2036,0.004683200439395085,0.07521575772332482
DE,G,Fragmented World,2036,0.00506054200971298,0.1129499147551131
DE,H,Fragmented World,2036,0.00723023729511697,0.3299194432955152
DE,I,Fragmented World,2036,0.004235184929858272,0.030414206770039247
DE,J,Fragmented World,2036,0.0040386400809790035,0.010759721881842637
DE,L,Fragmented World,2036,0.003949124418468918,0.001808155630707205
DE,M,Fragmented World,2036,0.0049283670396392055,0.09973241774773639
DE,N,Fragmented World,2036,0.00448172555974879,0.05506826975870783
DE,P,Fragmented World,2036,0.004419060151573136,0.048801728941129816
DE,Q,Fragmented World,2036,0.00558621650696662,0.16551736448050777
DE,R,Fragmented World,2036,0.004093358036266162,0.016231517410431752
DE,S,Fragmented World,2036,0.00434295111441017,0.04119082522483226
DE,A,Fragmented World,2037,0.026386680465713575,2.2455637603551746
DE,B,Fragmented World,2037,0.004710280312503495,0.07792374503417389
DE,C,Fragmented World,2037,0.01682904531730306,1.2898002455141218
DE,D,Fragmented World,2037,0.1874867454241691,18.35557025620072
DE,E,Fragmented World,2037,0.004885744995631944,0.09547021334738867
DE,F,Fragmented World,2037,0.004746929795386928,0.08158869332250882
DE,G,Fragmented World,2037,0.005277689802936053,0.13466469407742057
DE,H,Fragmented World,2037,0.007938808609992227,0.4007765747830407
DE,I,Fragmented World,2037,0.004285319977400657,0.03542771152427772
DE,J,Fragmented World,2037,0.004056243046777655,0.012520018461707524
DE,L,Fragmented World,2037,0.003952000330793061,0.0020957468631213694
DE,M,Fragmented World,2037,0.005146567018688212,0.12155241565263655
DE,N,Fragmented World,2037,0.004593023372281684,0.0661980510119972
DE,P,Fragmented World,2037,0.004508726160255906,0.057768329809406785
DE,Q,Fragmented World,2037,0.005961188371447379,0.2030145509285836
DE,R,Fragmented World,2037,0.0041211981855870765,0.019015532342523123
DE,S,Fragmented World,2037,0.004419994033593466,0.048895117143161776
DE,A,Fragmented World,2038,0.03409805489139296,3.0167012029231133
DE,B,Fragmented World,2038,0.004656540929743925,0.07254980675821687
DE,C,Fragmented World,2038,0.0175802350962518,1.3649192234089955
DE,D,Fragmented World,2038,0.19372096616728862,18.97899233051268
DE,E,Fragmented World,2038,0.004922762447279622,0.09917195851215628
DE,F,Fragmented World,2038,0.00478135662541805,0.08503137632562138
DE,G,Fragmented World,2038,0.005496233356218389,0.15651904940565398
DE,H,Fragmented World,2038,0.008684598925080366,0.4753556062918547
DE,I,Fragmented World,2038,0.00433364880104185,0.040260593888397006
DE,J,Fragmented World,2038,0.0040731796736462765,0.014213681148569898
DE,L,Fragmented World,2038,0.003954746244269408,0.0023703382107560333
DE,M,Fragmented World,2038,0.005375975394172769,0.14449325320109277
DE,N,Fragmented World,2038,0.004705250665506169,0.0774207803344457
DE,P,Fragmented World,2038,0.004598019727333367,0.06669768651715295
DE,Q,Fragmented World,2038,0.00635815272792454,0.24271098657629972
DE,R,Fragmented World,2038,0.004148346091394305,0.02173032292324593
DE,S,Fragmented World,2038,0.004497227665632258,0.056618480347040964
DE,A,Fragmented World,2039,0.04353423401038789,3.9603191148226067
DE,B,Fragmented World,2039,0.0045591793101869005,0.06281364480251445
DE,C,Fragmented World,2039,0.01765478792017932,1.3723745058017478
DE,D,Fragmented World,2039,0.19204364601843008,18.811260315626825
DE,E,Fragmented World,2039,0.0049277821849076295,0.09967393227495708
DE,F,Fragmented World,2039,0.004786042716243874,0.0854999854082038
DE,G,Fragmented World,2039,0.005715330590424939,0.17842877282630903
DE,H,Fragmented World,2039,0.00940101775717124,0.5469974895009424
DE,I,Fragmented World,2039,0.0043801194824806735,0.04490766203227936
DE,J,Fragmented World,2039,0.004089436460645468,0.015839359848488943
DE,L,Fragmented World,2039,0.003957362664040234,0.002631980187838692
DE,M,Fragmented World,2039,0.005615876446484974,0.16848335843231316
DE,N,Fragmented World,2039,0.0048170190114468405,0.08859761492851294
DE,P,Fragmented World,2039,0.004686673695142611,0.07556308329807719
DE,Q,Fragmented World,2039,0.006775530177687752,0.28444873155262107
DE,R,Fragmented World,2039,0.00417474439546261,0.024370153330076402
DE,S,Fragmented World,2039,0.0045744430342382885,0.06434001720764417
DE,A,Fragmented World,2040,0.05490328377580456,5.097224091364272
DE,B,Fragmented World,2040,0.004422560856025302,0.04915179938635456
DE,C,Fragmented World,2040,0.017217838655728426,1.3286795793566584
DE,D,Fragmented World,2040,0.18095323299056135,17.702219012839944
DE,E,Fragmented World,2040,0.004901720054892904,0.09706771927348458
DE,F,Fragmented World,2040,0.004761758795805302,0.08307159336434679
DE,G,Fragmented World,2040,0.005934202048220568,0.200315918605872
DE,H,Fragmented World,2040,0.010044554910845441,0.6113512048683623
DE,I,Fragmented World,2040,0.004424692588580936,0.04936497264230559
DE,J,Fragmented World,2040,0.0041050039641145845,0.017396110195400695
DE,L,Fragmented World,2040,0.003959850649585835,0.0028807787423987662
DE,M,Fragmented World,2040,0.005865200984182797,0.19341581220209567
DE,N,Fragmented World,2040,0.004926967568401102,0.09959247062393917
DE,P,Fragmented World,2040,0.004774419850624936,0.08433769884630984
DE,Q,Fragmented World,2040,0.00721112681988415,0.32800839577226076
DE,R,Fragmented World,2040,0.004200341376821476,0.026929851465962974
DE,S,Fragmented World,2040,0.004651420535083162,0.0720377672921314
DE,A,Fragmented World,2041,0.06610688072309766,6.217583786093583
DE,B,Fragmented World,2041,0.004284055272819072,0.03530124106573161
DE,C,Fragmented World,2041,0.016583137225119022,1.2652094362957174
DE,D,Fragmented World,2041,0.16402359352251777,16.009255066035596
DE,E,Fragmented World,2041,0.004876539914708701,0.09454970525506431
DE,F,Fragmented World,2041,0.004738404369668756,0.08073615075069185
DE,G,Fragmented World,2041,0.006036462854287758,0.21054199921259095
DE,H,Fragmented World,2041,0.010166207458428847,0.6235164596267028
DE,I,Fragmented World,2041,0.004444913638223538,0.05138707760656584
DE,J,Fragmented World,2041,0.004112058340402697,0.018101547824211882
DE,L,Fragmented World,2041,0.003960972487302408,0.0029929625140560183
DE,M,Fragmented World,2041,0.005984863465288179,0.20538206031263329
DE,N,Fragmented World,2041,0.004977502349197031,0.10464594870353205
DE,P,Fragmented World,2041,0.004815140180208961,0.08840973180471222
DE,Q,Fragmented World,2041,0.007420708445789437,0.3489665583627894
DE,R,Fragmented World,2041,0.0042120444486028145,0.02810015864409686
DE,S,Fragmented World,2041,0.004687337569099048,0.07562947069372004
DE,A,Fragmented World,2042,0.07875518427783855,7.482414141567674
DE,B,Fragmented World,2042,0.004123611980872977,0.01925691187112206
DE,C,Fragmented World,2042,0.014832684173314356,1.0901641311152512
DE,D,Fragmented World,2042,0.14926281050511273,14.533176764295089
DE,E,Fragmented World,2042,0.004832400765511252,0.0901357903353194
DE,F,Fragmented World,2042,0.004697718941380453,0.0766676079218617
DE,G,Fragmented World,2042,0.006117906158711647,0.2186863296549799
DE,H,Fragmented World,2042,0.010094088727580471,0.6163045865418653
DE,I,Fragmented World,2042,0.00446075094665466,0.05297080844967805
DE,J,Fragmented World,2042,0.004117579985370497,0.018653712320991854
DE,L,Fragmented World,2042,0.003961848163557728,0.00308053013958801
DE,M,Fragmented World,2042,0.006081543252123919,0.21505003899620775
DE,N,Fragmented World,2042,0.005017293453862675,0.10862505917009638
DE,P,Fragmented World,2042,0.004847443225340357,0.0916400363178519
DE,Q,Fragmented World,2042,0.0075902436826224395,0.3659200820460898
DE,R,Fragmented World,2042,0.00422125039284907,0.029020753068722448
DE,S,Fragmented World,2042,0.0047159200537991615,0.07848771916373137
DE,A,Fragmented World,2043,0.09286162078052194,8.89305779183601
DE,B,Fragmented World,2043,0.003945065074010581,0.001402221184882476
DE,C,Fragmented World,2043,0.013536987699641831,0.9605944837479986
DE,D,Fragmented World,2043,0.13036312120310162,12.643207834093975
DE,E,Fragmented World,2043,0.0047705064862594,0.08394636241013413
DE,F,Fragmented World,2043,0.004641205108586927,0.07101622464250933
DE,G,Fragmented World,2043,0.006178056006710489,0.22470131445486408
DE,H,Fragmented World,2043,0.009839401142311684,0.5908358280149866
DE,I,Fragmented World,2043,0.004472297731382943,0.054125486922506315
DE,J,Fragmented World,2043,0.0041216038855782546,0.019056102341767543
DE,L,Fragmented World,2043,0.003962484981802434,0.0031442119640586745
DE,M,Fragmented World,2043,0.006153700868297762,0.22226580061359205
DE,N,Fragmented World,2043,0.005046398518029384,0.11153556558676722
DE,P,Fragmented World,2043,0.004871226457333495,0.0940183595171657
DE,Q,Fragmented World,2043,0.007716886403122019,0.3785843540960477
DE,R,Fragmented World,2043,0.004227984619972224,0.02969417578103791
DE,S,Fragmented World,2043,0.004737015580262983,0.08059727181011364
DE,A,Fragmented World,2044,0.10841130812542966,10.448026526326784
DE,B,Fragmented World,2044,0.003931042862161756,0.0
DE,C,Fragmented World,2044,0.012724725659220663,0.8793682797058823
DE,D,Fragmented World,2044,0.09700851303237122,9.307747017020937
DE,E,Fragmented World,2044,0.00469223811134644,0.07611952491883821
DE,F,Fragmented World,2044,0.0045706244878772236,0.06395816257153845
DE,G,Fragmented World,2044,0.006216758991042359,0.228571612888051
DE,H,Fragmented World,2044,0.009428537005603558,0.549749414344174
DE,I,Fragmented World,2044,0.004479660797551127,0.054861793539324674
DE,J,Fragmented World,2044,0.004124169003096367,0.019312614093578893
DE,L,Fragmented World,2044,0.003962890350539136,0.003184748837728929
DE,M,Fragmented World,2044,0.006200458465359995,0.22694156031981505
DE,N,Fragmented World,2044,0.005064992110701291,0.11339492485395802
DE,P,Fragmented World,2044,0.004886495668657068,0.09554528064952304
DE,Q,Fragmented World,2044,0.007798996348405885,0.38679534862443427
DE,R,Fragmented World,2044,0.004232288710858603,0.030124584869675702
DE,S,Fragmented World,2044,0.004750582541760108,0.0819539679598261
DE,A,Fragmented World,2045,0.12536003808946508,12.142899522730326
DE,B,Fragmented World,2045,0.003931042862161756,0.0
DE,C,Fragmented World,2045,0.0117359991397899,0.7804956277628058
DE,D,Fragmented World,2045,0.05820338033183059,5.427233746966873
DE,E,Fragmented World,2045,0.004599109279794258,0.06680664176361999
DE,F,Fragmented World,2045,0.004487901509246203,0.055685864708436644
DE,G,Fragmented World,2045,0.0062341731372787005,0.2303130275116852
DE,H,Fragmented World,2045,0.008908510784635126,0.4977467922473308
DE,I,Fragmented World,2045,0.004482956843315119,0.055191398115723905
DE,J,Fragmented World,2045,0.004125317063357104,0.01942742011965251
DE,L,Fragmented World,2045,0.003963071632883003,0.003202877072115623
DE,M,Fragmented World,2045,0.006221578678011029,0.22905358158491862
DE,N,Fragmented World,2045,0.005073322933126492,0.1142280070964781
DE,P,Fragmented World,2045,0.004893357156484912,0.09623142943230739
DE,Q,Fragmented World,2045,0.00783609653893116,0.3905053676769619
DE,R,Fragmented World,2045,0.004234217914458958,0.03031750522971126
DE,S,Fragmented World,2045,0.004756685066856491,0.08256422046946428
DE,A,Fragmented World,2046,0.1490211815733551,14.509013871119327
DE,B,Fragmented World,2046,0.003931042862161756,0.0
DE,C,Fragmented World,2046,0.010608721046238084,0.6677678184076238
DE,D,Fragmented World,2046,0.0297032880674244,2.577224520526256
DE,E,Fragmented World,2046,0.004513090214199187,0.05820473520411286
DE,F,Fragmented World,2046,0.004412678171532151,0.04816353093703171
DE,G,Fragmented World,2046,0.006149091538688325,0.22180486765264762
DE,H,Fragmented World,2046,0.008516710529940928,0.45856676677791103
DE,I,Fragmented World,2046,0.004466753297903256,0.05357104357453764
DE,J,Fragmented World,2046,0.00411967191948968,0.01886290573291017
DE,L,Fragmented World,2046,0.003962179370677406,0.003113650851555871
DE,M,Fragmented World,2046,0.006118875690861053,0.21878328286992127
DE,N,Fragmented World,2046,0.005032414324794495,0.11013714626327835
DE,P,Fragmented World,2046,0.004859781866057761,0.09287390038959234
DE,Q,Fragmented World,2046,0.007655754144293384,0.37247112821318423
DE,R,Fragmented World,2046,0.004224748685397352,0.029370582323550744
DE,S,Fragmented World,2046,0.004726858828207374,0.07958159660455273
DE,A,Fragmented World,2047,0.17483087589538931,17.08998330332275
DE,B,Fragmented World,2047,0.003931042862161756,0.0
DE,C,Fragmented World,2047,0.00892418229483475,0.49931394326729067
DE,D,Fragmented World,2047,0.013633612763834771,0.9702569901672923
DE,E,Fragmented World,2047,0.004411375347395048,0.04803324852369895
DE,F,Fragmented World,2047,0.004325153163137754,0.039411030097591754
DE,G,Fragmented World,2047,0.006025152179246817,0.20941093170849684
DE,H,Fragmented World,2047,0.008013552758728225,0.4082509896566406
DE,I,Fragmented World,2047,0.0044426955566553485,0.051165269449746864
DE,J,Fragmented World,2047,0.004111284773092394,0.018024191093181617
DE,L,Fragmented World,2047,0.003960849638308861,0.0029806776147013854
DE,M,Fragmented World,2047,0.005971532102845877,0.20404892406840353
DE,N,Fragmented World,2047,0.0049719431515431066,0.10409002893813958
DE,P,Fragmented World,2047,0.0048106449904109444,0.0879602128249106
DE,Q,Fragmented World,2047,0.007397344837798337,0.34663019756367935
DE,R,Fragmented World,2047,0.004210757929005376,0.027971506684352946
DE,S,Fragmented World,2047,0.004683366457058932,0.07523235948970841
DE,A,Fragmented World,2048,0.20257551952240516,19.864447666024333
DE,B,Fragmented World,2048,0.003931042862161756,0.0
DE,C,Fragmented World,2048,0.00671465600595009,0.2783613143788246
DE,D,Fragmented World,2048,0.004236561286308697,0.03055184241468489
DE,E,Fragmented World,2048,0.004295785676224857,0.03647428140667986
DE,F,Fragmented World,2048,0.004227498155575657,0.02964552934138171
DE,G,Fragmented World,2048,0.005866821963718168,0.1935779101556319
DE,H,Fragmented World,2048,0.00747493990380397,0.3543897041642151
DE,I,Fragmented World,2048,0.004411161027997101,0.04801181658392216
DE,J,Fragmented World,2048,0.004100280543253025,0.016923768109244647
DE,L,Fragmented World,2048,0.003959097554389327,0.002805469222747912
DE,M,Fragmented World,2048,0.005787442240694629,0.18563993785327845
DE,N,Fragmented World,2048,0.004893356209924911,0.09623133477632008
DE,P,Fragmented World,2048,0.00474749269726106,0.08164498350992225
DE,Q,Fragmented World,2048,0.007075105466628115,0.3144062604466574
DE,R,Fragmented World,2048,0.004192541660529796,0.02614987983679503
DE,S,Fragmented World,2048,0.004627737940576418,0.06966950784145699
DE,A,Fragmented World,2049,0.23197511118614927,22.804406832398744
DE,B,Fragmented World,2049,0.003931042862161756,0.0
DE,C,Fragmented World,2049,0.00458509421208509,0.0654051349923246
DE,D,Fragmented World,2049,0.003931042862161848,-1.3756988558348894e-17
DE,E,Fragmented World,2049,0.004168187816756093,0.023714495459803444
DE,F,Fragmented World,2049,0.004121838526386078,0.0190795664224244
DE,G,Fragmented World,2049,0.005678944757286381,0.17479018951245331
DE,H,Fragmented World,2049,0.006926006451558805,0.2994963589396986
DE,I,Fragmented World,2049,0.004372533431132955,0.044149056897507546
DE,J,Fragmented World,2049,0.004086784516463229,0.015574165430265088
DE,L,Fragmented World,2049,0.003956937131211807,0.002589426904995926
DE,M,Fragmented World,2049,0.0055753550006941745,0.1644312138532334
DE,N,Fragmented World,2049,0.004798550405930663,0.08675075437689524
DE,P,Fragmented World,2049,0.004672008215811663,0.07409653536498247
DE,Q,Fragmented World,2049,0.006704896289031721,0.277385342687018
DE,R,Fragmented World,2049,0.004170415080009932,0.023937221784808647
DE,S,Fragmented World,2049,0.004561631749667933,0.06305888875060854
DE,A,Fragmented World,2050,0.26269828270969675,25.87672398475349
DE,B,Fragmented World,2050,0.003931042862161756,0.0
DE,C,Fragmented World,2050,0.004041324351457302,0.0110281489295458
DE,D,Fragmented World,2050,0.003931042862161848,1.177501672861715e-16
DE,E,Fragmented World,2050,0.004030472392118382,0.009942952996032487
DE,F,Fragmented World,2050,0.004010191831292301,0.007914896913046539
DE,G,Fragmented World,2050,0.005466580198177735,0.15355373360158867
DE,H,Fragmented World,2050,0.006386236567186267,0.24551937050244468
DE,I,Fragmented World,2050,0.004327210245531635,0.03961673833737548
DE,J,Fragmented World,2050,0.004070925088826946,0.013988222666636886
DE,L,Fragmented World,2050,0.003954381898527657,0.0023339036365809473
DE,M,Fragmented World,2050,0.005344267158514755,0.14132242963529126
DE,N,Fragmented World,2050,0.004690044784639699,0.07590019224779887
DE,P,Fragmented World,2050,0.0045859560552288375,0.06549131930669991
DE,Q,Fragmented World,2050,0.006303145477986007,0.2372102615824465
DE,R,Fragmented World,2050,0.00414471147393064,0.021366861176879373
DE,S,Fragmented World,2050,0.004486762373942332,0.05557195117804847
DE,A,Nationally Determined Contributions (NDCs),2025,0.003931042862161828,0.0
DE,B,Nationally Determined Contributions (NDCs),2025,0.003931042862161756,0.0
DE,C,Nationally Determined Contributions (NDCs),2025,0.003931042862161844,0.0
DE,D,Nationally Determined Contributions (NDCs),2025,0.003931042862161848,0.0
DE,E,Nationally Determined Contributions (NDCs),2025,0.0039310428621580585,0.0
DE,F,Nationally Determined Contributions (NDCs),2025,0.003931042862161838,0.0
DE,G,Nationally Determined Contributions (NDCs),2025,0.003931042862161848,0.0
DE,H,Nationally Determined Contributions (NDCs),2025,0.0039310428621618185,0.0
DE,I,Nationally Determined Contributions (NDCs),2025,0.00393104286215788,0.0
DE,J,Nationally Determined Contributions (NDCs),2025,0.003931042862160579,0.0
DE,L,Nationally Determined Contributions (NDCs),2025,0.003931042862161847,0.0
DE,M,Nationally Determined Contributions (NDCs),2025,0.003931042862161844,0.0
DE,N,Nationally Determined Contributions (NDCs),2025,0.003931042862161711,0.0
DE,P,Nationally Determined Contributions (NDCs),2025,0.003931042862161838,0.0
DE,Q,Nationally Determined Contributions (NDCs),2025,0.003931042862161543,0.0
DE,R,Nationally Determined Contributions (NDCs),2025,0.003931042862161845,0.0
DE,S,Nationally Determined Contributions (NDCs),2025,0.003931042862161848,0.0
DE,A,Nationally Determined Contributions (NDCs),2026,0.005120154884441049,0.11891120222792215
DE,B,Nationally Determined Contributions (NDCs),2026,0.0041704714047592776,0.023942854259752146
DE,C,Nationally Determined Contributions (NDCs),2026,0.004459409424600636,0.05283665624387929
DE,D,Nationally Determined Contributions (NDCs),2026,0.024216689335407778,2.0285646473245933
DE,E,Nationally Determined Contributions (NDCs),2026,0.004148190990505975,0.021714812834791753
DE,F,Nationally Determined Contributions (NDCs),2026,0.004105476257118409,0.017443339495657156
DE,G,Nationally Determined Contributions (NDCs),2026,0.004115305735815764,0.018426287365391578
DE,H,Nationally Determined Contributions (NDCs),2026,0.004358059897371141,0.04270170352093222
DE,I,Nationally Determined Contributions (NDCs),2026,0.003986683061037629,0.00556401988797495
DE,J,Nationally Determined Contributions (NDCs),2026,0.003950839006772757,0.0019796144612178467
DE,L,Nationally Determined Contributions (NDCs),2026,0.003934435995241395,0.0003393133079548786
DE,M,Nationally Determined Contributions (NDCs),2026,0.00408057533370562,0.014953247154377602
DE,N,Nationally Determined Contributions (NDCs),2026,0.004016690998808868,0.008564813664715698
DE,P,Nationally Determined Contributions (NDCs),2026,0.004013896182658675,0.00828533204968367
DE,Q,Nationally Determined Contributions (NDCs),2026,0.004170444915476298,0.023940205331475537
DE,R,Nationally Determined Contributions (NDCs),2026,0.003959938470462111,0.002889560830026532
DE,S,Nationally Determined Contributions (NDCs),2026,0.004000252347735351,0.006920948557350425
DE,A,Nationally Determined Contributions (NDCs),2027,0.006629819639289664,0.26987767771278365
DE,B,Nationally Determined Contributions (NDCs),2027,0.004344363432924678,0.041332057076292214
DE,C,Nationally Determined Contributions (NDCs),2027,0.008064219763687323,0.413317690152548
DE,D,Nationally Determined Contributions (NDCs),2027,0.05119856930198441,4.726752643982255
DE,E,Nationally Determined Contributions (NDCs),2027,0.004354430383070339,0.04233875209122803
DE,F,Nationally Determined Contributions (NDCs),2027,0.004276807722503194,0.034576486034135795
DE,G,Nationally Determined Contributions (NDCs),2027,0.004297046106766732,0.036600324460488456
DE,H,Nationally Determined Contributions (NDCs),2027,0.004852196680803459,0.0921153818641641
DE,I,Nationally Determined Contributions (NDCs),2027,0.004038939684479878,0.010789682232199838
DE,J,Nationally Determined Contributions (NDCs),2027,0.003969383267373877,0.0038340405213299583
DE,L,Nationally Determined Contributions (NDCs),2027,0.003937586956031792,0.0006544093869945278
DE,M,Nationally Determined Contributions (NDCs),2027,0.004232286372023802,0.030124350986195834
DE,N,Nationally Determined Contributions (NDCs),2027,0.004102776170447525,0.017173330828581385
DE,P,Nationally Determined Contributions (NDCs),2027,0.004094143927865129,0.016310106570329077
DE,Q,Nationally Determined Contributions (NDCs),2027,0.004417191519868931,0.04861486577073881
DE,R,Nationally Determined Contributions (NDCs),2027,0.003987390144549499,0.005634728238765303
DE,S,Nationally Determined Contributions (NDCs),2027,0.004067522715045547,0.013647985288369921
DE,A,Nationally Determined Contributions (NDCs),2028,0.008514829239111205,0.45837863769493775
DE,B,Nationally Determined Contributions (NDCs),2028,0.004443823633080356,0.05127807709185998
DE,C,Nationally Determined Contributions (NDCs),2028,0.010971791537445852,0.7040748675284008
DE,D,Nationally Determined Contributions (NDCs),2028,0.06791672914267864,6.39856862805168
DE,E,Nationally Determined Contributions (NDCs),2028,0.004546095159473805,0.061505229731574726
DE,F,Nationally Determined Contributions (NDCs),2028,0.004441408428531879,0.051036556637004224
DE,G,Nationally Determined Contributions (NDCs),2028,0.004473944710372384,0.05429018482105353
DE,H,Nationally Determined Contributions (NDCs),2028,0.005494926529555369,0.15638836673935516
DE,I,Nationally Determined Contributions (NDCs),2028,0.004087547428216957,0.015650456605907723
DE,J,Nationally Determined Contributions (NDCs),2028,0.003986592521166588,0.005554965900601006
DE,L,Nationally Determined Contributions (NDCs),2028,0.003940487495465268,0.0009444633303420523
DE,M,Nationally Determined Contributions (NDCs),2028,0.004384587143694145,0.04535442815323017
DE,N,Nationally Determined Contributions (NDCs),2028,0.0041881902567450745,0.025714739458336397
DE,P,Nationally Determined Contributions (NDCs),2028,0.004171027962738979,0.023998510057714036
DE,Q,Nationally Determined Contributions (NDCs),2028,0.004668322989729049,0.07372801275675073
DE,R,Nationally Determined Contributions (NDCs),2028,0.004013206062315294,0.008216320015344811
DE,S,Nationally Determined Contributions (NDCs),2028,0.004132224067621891,0.02011812054600432
DE,A,Nationally Determined Contributions (NDCs),2029,0.01082733296746026,0.6896290105298432
DE,B,Nationally Determined Contributions (NDCs),2029,0.004464541648655422,0.053349878649366564
DE,C,Nationally Determined Contributions (NDCs),2029,0.012973507081466166,0.9042464219304321
DE,D,Nationally Determined Contributions (NDCs),2029,0.05346397814772816,4.953293528556632
DE,E,Nationally Determined Contributions (NDCs),2029,0.004719733876524476,0.07886910143664178
DE,F,Nationally Determined Contributions (NDCs),2029,0.004595308203720598,0.06642653415587603
DE,G,Nationally Determined Contributions (NDCs),2029,0.00464363121427672,0.07125883521148729
DE,H,Nationally Determined Contributions (NDCs),2029,0.006072711493162974,0.21416686310011557
DE,I,Nationally Determined Contributions (NDCs),2029,0.004132271107651661,0.020122824549378103
DE,J,Nationally Determined Contributions (NDCs),2029,0.004002393737365192,0.007135087520461453
DE,L,Nationally Determined Contributions (NDCs),2029,0.0039431309561460655,0.001208809398421863
DE,M,Nationally Determined Contributions (NDCs),2029,0.004535455437489935,0.06044125753280909
DE,N,Nationally Determined Contributions (NDCs),2029,0.004271603145848873,0.03405602836871611
DE,P,Nationally Determined Contributions (NDCs),2029,0.004243779599742173,0.03127367375803353
DE,Q,Nationally Determined Contributions (NDCs),2029,0.004920015185670131,0.09889723235085884
DE,R,Nationally Determined Contributions (NDCs),2029,0.004037205212643192,0.010616235048134776
DE,S,Nationally Determined Contributions (NDCs),2029,0.004193699476924078,0.02626566147622307
DE,A,Nationally Determined Contributions (NDCs),2030,0.013612608799900441,0.9681565937738612
DE,B,Nationally Determined Contributions (NDCs),2030,0.004407165659223552,0.047612279706179574
DE,C,Nationally Determined Contributions (NDCs),2030,0.016474319952624796,1.2543277090462954
DE,D,Nationally Determined Contributions (NDCs),2030,0.026508205247713284,2.257716238555143
DE,E,Nationally Determined Contributions (NDCs),2030,0.004872272194556348,0.09412293323982895
DE,F,Nationally Determined Contributions (NDCs),2030,0.0047344565264339075,0.08034136642720738
DE,G,Nationally Determined Contributions (NDCs),2030,0.004803783475054112,0.08727406128922635
DE,H,Nationally Determined Contributions (NDCs),2030,0.006645115738323355,0.27140728761615374
DE,I,Nationally Determined Contributions (NDCs),2030,0.004172914917331602,0.02418720551737221
DE,J,Nationally Determined Contributions (NDCs),2030,0.004016727078897015,0.008568421673643674
DE,L,Nationally Determined Contributions (NDCs),2030,0.00394551265994408,0.001446979778223341
DE,M,Nationally Determined Contributions (NDCs),2030,0.004682499861878082,0.07514569997162412
DE,N,Nationally Determined Contributions (NDCs),2030,0.004351551712751882,0.04205088505901711
DE,P,Nationally Determined Contributions (NDCs),2030,0.0043116505334619675,0.038060767130013023
DE,Q,Nationally Determined Contributions (NDCs),2030,0.005167720675546386,0.12366778133848437
DE,R,Nationally Determined Contributions (NDCs),2030,0.004059224720185628,0.012818185802378234
DE,S,Nationally Determined Contributions (NDCs),2030,0.0042512914096393935,0.03202485474775469
DE,A,Nationally Determined Contributions (NDCs),2031,0.013952797071608257,1.002175420944643
DE,B,Nationally Determined Contributions (NDCs),2031,0.0044152234812307725,0.048418061906901635
DE,C,Nationally Determined Contributions (NDCs),2031,0.014911567782168816,1.0980524920006973
DE,D,Nationally Determined Contributions (NDCs),2031,0.03104985271199726,2.7118809849835404
DE,E,Nationally Determined Contributions (NDCs),2031,0.004833685638636507,0.09026427764784486
DE,F,Nationally Determined Contributions (NDCs),2031,0.004698898744386988,0.07678558822251495
DE,G,Nationally Determined Contributions (NDCs),2031,0.004813335302603844,0.08822924404419968
DE,H,Nationally Determined Contributions (NDCs),2031,0.006579389558116434,0.26483466959546165
DE,I,Nationally Determined Contributions (NDCs),2031,0.004175293536228957,0.024425067407107728
DE,J,Nationally Determined Contributions (NDCs),2031,0.004017565154662163,0.008652229250158516
DE,L,Nationally Determined Contributions (NDCs),2031,0.003945651445807455,0.0014608583645607225
DE,M,Nationally Determined Contributions (NDCs),2031,0.004691419244615138,0.07603763824532914
DE,N,Nationally Determined Contributions (NDCs),2031,0.004356353954856468,0.0425311092694756
DE,P,Nationally Determined Contributions (NDCs),2031,0.004315676065579788,0.038463320341795025
DE,Q,Nationally Determined Contributions (NDCs),2031,0.005182813749436646,0.12517708872751043
DE,R,Nationally Determined Contributions (NDCs),2031,0.004060519660164351,0.012947679800250588
DE,S,Nationally Determined Contributions (NDCs),2031,0.0042547149656200055,0.03236721034581573
DE,A,Nationally Determined Contributions (NDCs),2032,0.014298398402533882,1.0367355540372054
DE,B,Nationally Determined Contributions (NDCs),2032,0.00442317333480136,0.049213047263960405
DE,C,Nationally Determined Contributions (NDCs),2032,0.013886549159498255,0.9955506297336412
DE,D,Nationally Determined Contributions (NDCs),2032,0.039214643080308274,3.528360021814643
DE,E,Nationally Determined Contributions (NDCs),2032,0.004794034031208861,0.0862991169050803
DE,F,Nationally Determined Contributions (NDCs),2032,0.004662614016032319,0.07315711538704855
DE,G,Nationally Determined Contributions (NDCs),2032,0.00482253284935478,0.08914899871929326
DE,H,Nationally Determined Contributions (NDCs),2032,0.0065118807966922775,0.2580837934530459
DE,I,Nationally Determined Contributions (NDCs),2032,0.004177579230990236,0.024653636883235647
DE,J,Nationally Determined Contributions (NDCs),2032,0.004018370411359809,0.008732754919922993
DE,L,Nationally Determined Contributions (NDCs),2032,0.003945784747738297,0.0014741885576450905
DE,M,Nationally Determined Contributions (NDCs),2032,0.004700024022450039,0.0768981160288199
DE,N,Nationally Determined Contributions (NDCs),2032,0.004360981439949936,0.04299385777882254
DE,P,Nationally Determined Contributions (NDCs),2032,0.004319550000403372,0.038850713824153345
DE,Q,Nationally Determined Contributions (NDCs),2032,0.005197381364559854,0.12663385023983115
DE,R,Nationally Determined Contributions (NDCs),2032,0.004061764671001161,0.01307218088393152
DE,S,Nationally Determined Contributions (NDCs),2032,0.004258010427752054,0.032696756559020636
DE,A,Nationally Determined Contributions (NDCs),2033,0.014649876424096873,1.0718833561935046
DE,B,Nationally Determined Contributions (NDCs),2033,0.004431030089097836,0.049998722693607965
DE,C,Nationally Determined Contributions (NDCs),2033,0.013297914107414379,0.9366871245252537
DE,D,Nationally Determined Contributions (NDCs),2033,0.05096335180293918,4.703230894077733
DE,E,Nationally Determined Contributions (NDCs),2033,0.004753434709790199,0.08223918476321405
DE,F,Nationally Determined Contributions (NDCs),2033,0.0046257265959264585,0.06946837337646188
DE,G,Nationally Determined Contributions (NDCs),2033,0.004831410015397551,0.09003671532357023
DE,H,Nationally Determined Contributions (NDCs),2033,0.006442672817842424,0.2511629955680605
DE,I,Nationally Determined Contributions (NDCs),2033,0.0041797809530674905,0.024873809090961065
DE,J,Nationally Determined Contributions (NDCs),2033,0.0040191460116776,0.00881031495170214
DE,L,Nationally Determined Contributions (NDCs),2033,0.003945913094916193,0.0014870232754345316
DE,M,Nationally Determined Contributions (NDCs),2033,0.004708344202454546,0.0777301340292702
DE,N,Nationally Determined Contributions (NDCs),2033,0.004365450821050542,0.04344079588888314
DE,P,Nationally Determined Contributions (NDCs),2033,0.0043232868772562875,0.03922440150944492
DE,Q,Nationally Determined Contributions (NDCs),2033,0.005211473549672529,0.12804306875109867
DE,R,Nationally Determined Contributions (NDCs),2033,0.004062964554112708,0.013192169195086118
DE,S,Nationally Determined Contributions (NDCs),2033,0.004261190075702675,0.03301472135408274
DE,A,Nationally Determined Contributions (NDCs),2034,0.015007111083730902,1.1076068221569073
DE,B,Nationally Determined Contributions (NDCs),2034,0.004438791488257482,0.05077486260957262
DE,C,Nationally Determined Contributions (NDCs),2034,0.012907861308382165,0.8976818446220323
DE,D,Nationally Determined Contributions (NDCs),2034,0.06366267183325794,5.97316289710961
DE,E,Nationally Determined Contributions (NDCs),2034,0.004711967636480611,0.07809247743225536
DE,F,Nationally Determined Contributions (NDCs),2034,0.004588324080309929,0.06572812181480887
DE,G,Nationally Determined Contributions (NDCs),2034,0.004839966927646617,0.09089240654847691
DE,H,Nationally Determined Contributions (NDCs),2034,0.0063706682025824485,0.243962534042063
DE,I,Nationally Determined Contributions (NDCs),2034,0.004181899213747246,0.025085635158936595
DE,J,Nationally Determined Contributions (NDCs),2034,0.004019892143964756,0.008884928180417674
DE,L,Nationally Determined Contributions (NDCs),2034,0.003946036523630947,0.0014993661469099324
DE,M,Nationally Determined Contributions (NDCs),2034,0.00471637833382521,0.07853354716633659
DE,N,Nationally Determined Contributions (NDCs),2034,0.00436976179765181,0.043871893549009854
DE,P,Nationally Determined Contributions (NDCs),2034,0.0043268869865591576,0.039584412439731924
DE,Q,Nationally Determined Contributions (NDCs),2034,0.005225087145208898,0.12940442830473547
DE,R,Nationally Determined Contributions (NDCs),2034,0.004064119520281023,0.013307665811917736
DE,S,Nationally Determined Contributions (NDCs),2034,0.004264254075247825,0.033321121308597726
DE,A,Nationally Determined Contributions (NDCs),2035,0.015369991031083411,1.1438948168921583
DE,B,Nationally Determined Contributions (NDCs),2035,0.004446455885300717,0.05154130231389614
DE,C,Nationally Determined Contributions (NDCs),2035,0.012541327725979066,0.8610284863817224
DE,D,Nationally Determined Contributions (NDCs),2035,0.07512398066835427,7.119293780619242
DE,E,Nationally Determined Contributions (NDCs),2035,0.004669712098666053,0.07386692365079947
DE,F,Nationally Determined Contributions (NDCs),2035,0.0045504912707116174,0.06194484085497838
DE,G,Nationally Determined Contributions (NDCs),2035,0.004848204973713193,0.0917162111551345
DE,H,Nationally Determined Contributions (NDCs),2035,0.006289836436389964,0.23587935742281468
DE,I,Nationally Determined Contributions (NDCs),2035,0.0041839348148700346,0.02528919527121547
DE,J,Nationally Determined Contributions (NDCs),2035,0.00402060909850348,0.008956623634290239
DE,L,Nationally Determined Contributions (NDCs),2035,0.003946155086785731,0.0015112224623883826
DE,M,Nationally Determined Contributions (NDCs),2035,0.004724126202306827,0.07930833401449869
DE,N,Nationally Determined Contributions (NDCs),2035,0.004373914724285718,0.04428718621240074
DE,P,Nationally Determined Contributions (NDCs),2035,0.00433035113781263,0.03993082756507917
DE,Q,Nationally Determined Contributions (NDCs),2035,0.005238221118198109,0.13071782560365675
DE,R,Nationally Determined Contributions (NDCs),2035,0.004065229941811208,0.013418707964936338
DE,S,Nationally Determined Contributions (NDCs),2035,0.004267203036818975,0.033616017465712696
DE,A,Nationally Determined Contributions (NDCs),2036,0.01711263420208678,1.3181591339924954
DE,B,Nationally Determined Contributions (NDCs),2036,0.004491906323437785,0.05608634612760287
DE,C,Nationally Determined Contributions (NDCs),2036,0.012619149614824552,0.8688106752662711
DE,D,Nationally Determined Contributions (NDCs),2036,0.08722646663461053,8.329542377244866
DE,E,Nationally Determined Contributions (NDCs),2036,0.004678630138145724,0.07475872759876655
DE,F,Nationally Determined Contributions (NDCs),2036,0.004558452454276517,0.06274095921146794
DE,G,Nationally Determined Contributions (NDCs),2036,0.0049247707086722235,0.09937278465103762
DE,H,Nationally Determined Contributions (NDCs),2036,0.006457616419586404,0.25265735574245857
DE,I,Nationally Determined Contributions (NDCs),2036,0.004202681730979198,0.02716388688213181
DE,J,Nationally Determined Contributions (NDCs),2036,0.004027209072943723,0.009616621078314453
DE,L,Nationally Determined Contributions (NDCs),2036,0.003947244743276273,0.0016201881114425673
DE,M,Nationally Determined Contributions (NDCs),2036,0.004796757705860465,0.08657148436986228
DE,N,Nationally Determined Contributions (NDCs),2036,0.004412628598263693,0.048158573610198284
DE,P,Nationally Determined Contributions (NDCs),2036,0.004362464676046979,0.04314218138851408
DE,Q,Nationally Determined Contributions (NDCs),2036,0.005361595196512852,0.14305523343513105
DE,R,Nationally Determined Contributions (NDCs),2036,0.004075480674881557,0.014443781271971224
DE,S,Nationally Determined Contributions (NDCs),2036,0.004294572491459474,0.036352962929762596
DE,A,Nationally Determined Contributions (NDCs),2037,0.019023566762369257,1.5092523900207426
DE,B,Nationally Determined Contributions (NDCs),2037,0.004537608533423882,0.06065656712621256
DE,C,Nationally Determined Contributions (NDCs),2037,0.012627478790028502,0.8696435927866659
DE,D,Nationally Determined Contributions (NDCs),2037,0.10297158003863094,9.90405371764691
DE,E,Nationally Determined Contributions (NDCs),2037,0.004679661960641986,0.0748619098483928
DE,F,Nationally Determined Contributions (NDCs),2037,0.00455937437482643,0.06283315126645923
DE,G,Nationally Determined Contributions (NDCs),2037,0.005000983370489292,0.10699405083274434
DE,H,Nationally Determined Contributions (NDCs),2037,0.006607094995104502,0.26760521329426845
DE,I,Nationally Determined Contributions (NDCs),2037,0.004221040679157331,0.02899978169994509
DE,J,Nationally Determined Contributions (NDCs),2037,0.0040336675535478025,0.010262469138722499
DE,L,Nationally Determined Contributions (NDCs),2037,0.003948307931780526,0.0017265069618679096
DE,M,Nationally Determined Contributions (NDCs),2037,0.004870185445999222,0.09391425838373754
DE,N,Nationally Determined Contributions (NDCs),2037,0.0044513522976498245,0.05203094354881144
DE,P,Nationally Determined Contributions (NDCs),2037,0.004394286807447882,0.046324394528604325
DE,Q,Nationally Determined Contributions (NDCs),2037,0.0054867565606097025,0.1555713698448161
DE,R,Nationally Determined Contributions (NDCs),2037,0.004085562005235385,0.015451914307353893
DE,S,Nationally Determined Contributions (NDCs),2037,0.0043217514842141085,0.03907086220522615
DE,A,Nationally Determined Contributions (NDCs),2038,0.0211125311533116,1.7181488291149776
DE,B,Nationally Determined Contributions (NDCs),2038,0.004583512161583121,0.06524692994213646
DE,C,Nationally Determined Contributions (NDCs),2038,0.01257173919549659,0.8640696333334746
DE,D,Nationally Determined Contributions (NDCs),2038,0.11777477033261623,11.38437274704544
DE,E,Nationally Determined Contributions (NDCs),2038,0.004673034177287564,0.07419913151295063
DE,F,Nationally Determined Contributions (NDCs),2038,0.004553455448730728,0.06224125865688913
DE,G,Nationally Determined Contributions (NDCs),2038,0.005076724368706312,0.11456815065444634
DE,H,Nationally Determined Contributions (NDCs),2038,0.0067494747721072905,0.28184319099454735
DE,I,Nationally Determined Contributions (NDCs),2038,0.004238997908250399,0.030795504609251907
DE,J,Nationally Determined Contributions (NDCs),2038,0.004039980082696528,0.01089372205359494
DE,L,Nationally Determined Contributions (NDCs),2038,0.003949344136637277,0.0018301274475429046
DE,M,Nationally Determined Contributions (NDCs),2038,0.004944297727233591,0.10132548650717496
DE,N,Nationally Determined Contributions (NDCs),2038,0.0044899927617129826,0.05589498995512706
DE,P,Nationally Determined Contributions (NDCs),2038,0.004425777246122069,0.049473438396023105
DE,Q,Nationally Determined Contributions (NDCs),2038,0.005613491242417308,0.1682448380255766
DE,R,Nationally Determined Contributions (NDCs),2038,0.004095464033180114,0.0164421171018268
DE,S,Nationally Determined Contributions (NDCs),2038,0.004348705512169357,0.041766265000750896
DE,A,Nationally Determined Contributions (NDCs),2039,0.023388447378233593,1.9457404516071763
DE,B,Nationally Determined Contributions (NDCs),2039,0.004629559314484861,0.0698516452323105
DE,C,Nationally Determined Contributions (NDCs),2039,0.012430382217193907,0.8499339355032063
DE,D,Nationally Determined Contributions (NDCs),2039,0.13281925350264934,12.888821064048747
DE,E,Nationally Determined Contributions (NDCs),2039,0.004659015214405455,0.07279723522473965
DE,F,Nationally Determined Contributions (NDCs),2039,0.004540958559340328,0.06099156971784911
DE,G,Nationally Determined Contributions (NDCs),2039,0.005151862378223847,0.12208195160619999
DE,H,Nationally Determined Contributions (NDCs),2039,0.006886198537358866,0.29551556751970487
DE,I,Nationally Determined Contributions (NDCs),2039,0.004256537513102902,0.032549465094502184
DE,J,Nationally Determined Contributions (NDCs),2039,0.004046141444017831,0.011509858185725213
DE,L,Nationally Determined Contributions (NDCs),2039,0.0039503527199859926,0.0019309857824145922
DE,M,Nationally Determined Contributions (NDCs),2039,0.005018959261225502,0.10879163990636606
DE,N,Nationally Determined Contributions (NDCs),2039,0.00452844776351701,0.059740490135529956
DE,P,Nationally Determined Contributions (NDCs),2039,0.004456890463876214,0.05258476017143755
DE,Q,Nationally Determined Contributions (NDCs),2039,0.005741543035203926,0.18105001730423834
DE,R,Nationally Determined Contributions (NDCs),2039,0.00410517554601081,0.01741326838489642
DE,S,Nationally Determined Contributions (NDCs),2039,0.004375395151201872,0.0444352289040025
DE,A,Nationally Determined Contributions (NDCs),2040,0.025860059019105576,2.192901615694375
DE,B,Nationally Determined Contributions (NDCs),2040,0.004675701399059547,0.07446585368977907
DE,C,Nationally Determined Contributions (NDCs),2040,0.012182636716382263,0.825159385422042
DE,D,Nationally Determined Contributions (NDCs),2040,0.14334016449298173,13.940912163081986
DE,E,Nationally Determined Contributions (NDCs),2040,0.004637929157242111,0.07068862950840524
DE,F,Nationally Determined Contributions (NDCs),2040,0.004522219714297655,0.05911768521358214
DE,G,Nationally Determined Contributions (NDCs),2040,0.005226286034539069,0.12952431723772212
DE,H,Nationally Determined Contributions (NDCs),2040,0.00701090712378889,0.30798642616270705
DE,I,Nationally Determined Contributions (NDCs),2040,0.004273649016029218,0.034260615387133805
DE,J,Nationally Determined Contributions (NDCs),2040,0.00405214832486552,0.012110546270494075
DE,L,Nationally Determined Contributions (NDCs),2040,0.003951333357040017,0.002029049487816952
DE,M,Nationally Determined Contributions (NDCs),2040,0.00509404339129171,0.1163000529129869
DE,N,Nationally Determined Contributions (NDCs),2040,0.004566623657642704,0.0635580795480993
DE,P,Nationally Determined Contributions (NDCs),2040,0.0044875891839867114,0.05565463218248735
DE,Q,Nationally Determined Contributions (NDCs),2040,0.005870669040073796,0.1939626177912254
DE,R,Nationally Determined Contributions (NDCs),2040,0.004114688225024724,0.018364536286287824
DE,S,Nationally Determined Contributions (NDCs),2040,0.0044017876171098145,0.047074475494796736
DE,A,Nationally Determined Contributions (NDCs),2041,0.026268012302909326,2.23369694407475
DE,B,Nationally Determined Contributions (NDCs),2041,0.00467295968585181,0.07419168236900532
DE,C,Nationally Determined Contributions (NDCs),2041,0.011907028787285195,0.7975985925123354
DE,D,Nationally Determined Contributions (NDCs),2041,0.14483165077988458,14.090060791772274
DE,E,Nationally Determined Contributions (NDCs),2041,0.004613669954565874,0.06826270924078164
DE,F,Nationally Determined Contributions (NDCs),2041,0.004500746406104967,0.056970354394312875
DE,G,Nationally Determined Contributions (NDCs),2041,0.005234918594230298,0.13038757320684505
DE,H,Nationally Determined Contributions (NDCs),2041,0.006931739848681406,0.3000696986519588
DE,I,Nationally Determined Contributions (NDCs),2041,0.004275617339216642,0.034457447705876255
DE,J,Nationally Determined Contributions (NDCs),2041,0.004052839034861007,0.012179617270042957
DE,L,Nationally Determined Contributions (NDCs),2041,0.003951445949252697,0.0020403087090849685
DE,M,Nationally Determined Contributions (NDCs),2041,0.005102826018024764,0.11717831558629174
DE,N,Nationally Determined Contributions (NDCs),2041,0.0045710557474003015,0.06400128852385911
DE,P,Nationally Determined Contributions (NDCs),2041,0.004491142579984738,0.05600997178228996
DE,Q,Nationally Determined Contributions (NDCs),2041,0.005885794421387575,0.19547515592260328
DE,R,Nationally Determined Contributions (NDCs),2041,0.00411578489517065,0.018474203300880575
DE,S,Nationally Determined Contributions (NDCs),2041,0.004404846369030425,0.04738035068685777
DE,A,Nationally Determined Contributions (NDCs),2042,0.026667859790439553,2.2736816928277723
DE,B,Nationally Determined Contributions (NDCs),2042,0.004669868653593465,0.07388257914317087
DE,C,Nationally Determined Contributions (NDCs),2042,0.01154424493054761,0.7613202068385766
DE,D,Nationally Determined Contributions (NDCs),2042,0.14626784747788887,14.233680461572702
DE,E,Nationally Determined Contributions (NDCs),2042,0.00458896869450323,0.06579258323451713
DE,F,Nationally Determined Contributions (NDCs),2042,0.0044789751010242814,0.05479322388624447
DE,G,Nationally Determined Contributions (NDCs),2042,0.005243057306924669,0.1312014444762821
DE,H,Nationally Determined Contributions (NDCs),2042,0.006850660099974158,0.291961723781234
DE,I,Nationally Determined Contributions (NDCs),2042,0.004277469960657171,0.03464270984992911
DE,J,Nationally Determined Contributions (NDCs),2042,0.004053489095452902,0.012244623329232476
DE,L,Nationally Determined Contributions (NDCs),2042,0.003951551883673748,0.002050902151190147
DE,M,Nationally Determined Contributions (NDCs),2042,0.0051111202446535685,0.11800773824917263
DE,N,Nationally Determined Contributions (NDCs),2042,0.004575234868289314,0.06441920061276024
DE,P,Nationally Determined Contributions (NDCs),2042,0.004494491307557185,0.056344844539534686
DE,Q,Nationally Determined Contributions (NDCs),2042,0.005900082654492114,0.19690397923305725
DE,R,Nationally Determined Contributions (NDCs),2042,0.004116817561272119,0.018577469911027374
DE,S,Nationally Determined Contributions (NDCs),2042,0.0044077296727805205,0.04766868106186732
DE,A,Nationally Determined Contributions (NDCs),2043,0.02706020610441163,2.31291632422498
DE,B,Nationally Determined Contributions (NDCs),2043,0.004666456097050638,0.07354132348888825
DE,C,Nationally Determined Contributions (NDCs),2043,0.0112092824476466,0.7278239585484757
DE,D,Nationally Determined Contributions (NDCs),2043,0.1476429910590019,14.371194819684007
DE,E,Nationally Determined Contributions (NDCs),2043,0.004563879047849694,0.06328361856916356
DE,F,Nationally Determined Contributions (NDCs),2043,0.004456957117721563,0.05259142555597288
DE,G,Nationally Determined Contributions (NDCs),2043,0.005250739278019866,0.13196964158580182
DE,H,Nationally Determined Contributions (NDCs),2043,0.006770395656953967,0.2839352794792148
DE,I,Nationally Determined Contributions (NDCs),2043,0.004279215863253706,0.03481730010958259
DE,J,Nationally Determined Contributions (NDCs),2043,0.004054101667111446,0.012305880495086682
DE,L,Nationally Determined Contributions (NDCs),2043,0.003951651680874759,0.002060881871291131
DE,M,Nationally Determined Contributions (NDCs),2043,0.005118961506028384,0.11879186438665441
DE,N,Nationally Determined Contributions (NDCs),2043,0.004579179931331584,0.06481370691698733
DE,P,Nationally Determined Contributions (NDCs),2043,0.004497650875778713,0.05666080136168751
DE,Q,Nationally Determined Contributions (NDCs),2043,0.0059135940882732605,0.1982551226111717
DE,R,Nationally Determined Contributions (NDCs),2043,0.0041177911503194045,0.018674828815755867
DE,S,Nationally Determined Contributions (NDCs),2043,0.004410450758372307,0.047940789621045976
DE,A,Nationally Determined Contributions (NDCs),2044,0.027444896301429943,2.3513853439268115
DE,B,Nationally Determined Contributions (NDCs),2044,0.0046627360324562744,0.07316931702945173
DE,C,Nationally Determined Contributions (NDCs),2044,0.010879916027258896,0.6948873165097056
DE,D,Nationally Determined Contributions (NDCs),2044,0.14895056063087567,14.50195177687138
DE,E,Nationally Determined Contributions (NDCs),2044,0.004538440185548019,0.060739732338996114
DE,F,Nationally Determined Contributions (NDCs),2044,0.004434730307836166,0.050368744567432615
DE,G,Nationally Determined Contributions (NDCs),2044,0.005257975818245872,0.13269329560840243
DE,H,Nationally Determined Contributions (NDCs),2044,0.0066918716300716375,0.276082876790982
DE,I,Nationally Determined Contributions (NDCs),2044,0.004280858095727091,0.03498152335692116
DE,J,Nationally Determined Contributions (NDCs),2044,0.004054677827061728,0.012363496490114926
DE,L,Nationally Determined Contributions (NDCs),2044,0.003951745521280245,0.0020702659118397564
DE,M,Nationally Determined Contributions (NDCs),2044,0.005126359215342962,0.11953163531811178
DE,N,Nationally Determined Contributions (NDCs),2044,0.004582896627712663,0.06518537655509526
DE,P,Nationally Determined Contributions (NDCs),2044,0.004500626151793177,0.05695832896313384
DE,Q,Nationally Determined Contributions (NDCs),2044,0.005926344327203847,0.1995301465042305
DE,R,Nationally Determined Contributions (NDCs),2044,0.004118707290948932,0.018766442878708597
DE,S,Nationally Determined Contributions (NDCs),2044,0.004413013706717122,0.04819708445552743
DE,A,Nationally Determined Contributions (NDCs),2045,0.027821662778770996,2.389061991660917
DE,B,Nationally Determined Contributions (NDCs),2045,0.004658720143525705,0.0727677281363949
DE,C,Nationally Determined Contributions (NDCs),2045,0.010604656022261277,0.6673613160099436
DE,D,Nationally Determined Contributions (NDCs),2045,0.1501902610256494,14.625921816348752
DE,E,Nationally Determined Contributions (NDCs),2045,0.004512688014073048,0.05816451519149898
DE,F,Nationally Determined Contributions (NDCs),2045,0.004412329070597749,0.04812862084359129
DE,G,Nationally Determined Contributions (NDCs),2045,0.0052647741809430425,0.13337313187811942
DE,H,Nationally Determined Contributions (NDCs),2045,0.006614702352018069,0.26836594898562516
DE,I,Nationally Determined Contributions (NDCs),2045,0.004282398743155435,0.03513558809975555
DE,J,Nationally Determined Contributions (NDCs),2045,0.00405521831373871,0.012417545157813237
DE,L,Nationally Determined Contributions (NDCs),2045,0.003951833529678585,0.0020790667516738235
DE,M,Nationally Determined Contributions (NDCs),2045,0.005133318818240007,0.1202275956078166
DE,N,Nationally Determined Contributions (NDCs),2045,0.004586388584087808,0.06553457219260969
DE,P,Nationally Determined Contributions (NDCs),2045,0.004503420314927813,0.057237745276597446
DE,Q,Nationally Determined Contributions (NDCs),2045,0.00593834219420046,0.20072993320389168
DE,R,Nationally Determined Contributions (NDCs),2045,0.0041195670807018196,0.01885242185399734
DE,S,Nationally Determined Contributions (NDCs),2045,0.004415421154130434,0.04843782919685869
DE,A,Nationally Determined Contributions (NDCs),2046,0.027932941396212236,2.4001898534050414
DE,B,Nationally Determined Contributions (NDCs),2046,0.00463931181284546,0.07082689506837042
DE,C,Nationally Determined Contributions (NDCs),2046,0.010454178543213469,0.6523135681051624
DE,D,Nationally Determined Contributions (NDCs),2046,0.14819171754412427,14.42606746819624
DE,E,Nationally Determined Contributions (NDCs),2046,0.004498037162490185,0.05669943003321273
DE,F,Nationally Determined Contributions (NDCs),2046,0.004399628902536823,0.04685860403749895
DE,G,Nationally Determined Contributions (NDCs),2046,0.005243164897475204,0.1312122035313356
DE,H,Nationally Determined Contributions (NDCs),2046,0.006550068962737677,0.2619026100575858
DE,I,Nationally Determined Contributions (NDCs),2046,0.004277494431478652,0.03464515693207722
DE,J,Nationally Determined Contributions (NDCs),2046,0.004053497681631318,0.012245481947073904
DE,L,Nationally Determined Contributions (NDCs),2046,0.003951553282679909,0.00205104205180627
DE,M,Nationally Determined Contributions (NDCs),2046,0.005111229982294293,0.11801871201324518
DE,N,Nationally Determined Contributions (NDCs),2046,0.004575290118158798,0.06442472559970869
DE,P,Nationally Determined Contributions (NDCs),2046,0.004494535567414694,0.05634927052528561
DE,Q,Nationally Determined Contributions (NDCs),2046,0.005900271722143333,0.1969228859981792
DE,R,Nationally Determined Contributions (NDCs),2046,0.004116831204493626,0.0185788342331781
DE,S,Nationally Determined Contributions (NDCs),2046,0.004407767785918951,0.04767249237571038
DE,A,Nationally Determined Contributions (NDCs),2047,0.02804600307196282,2.411496020980099
DE,B,Nationally Determined Contributions (NDCs),2047,0.004619978909131453,0.06889360469696966
DE,C,Nationally Determined Contributions (NDCs),2047,0.01026168791321667,0.6330645051054825
DE,D,Nationally Determined Contributions (NDCs),2047,0.1460981009291445,14.216705806698263
DE,E,Nationally Determined Contributions (NDCs),2047,0.004483433428404454,0.05523905662463952
DE,F,Nationally Determined Contributions (NDCs),2047,0.004387001343335554,0.04559584811737178
DE,G,Nationally Determined Contributions (NDCs),2047,0.0052216785500568096,0.12906356878949618
DE,H,Nationally Determined Contributions (NDCs),2047,0.006486957993924413,0.2555915131762594
DE,I,Nationally Determined Contributions (NDCs),2047,0.004272597067535767,0.03415542053778874
DE,J,Nationally Determined Contributions (NDCs),2047,0.004051779160923444,0.012073629876286532
DE,L,Nationally Determined Contributions (NDCs),2047,0.003951273165680205,0.002023030351835749
DE,M,Nationally Determined Contributions (NDCs),2047,0.005089362077604934,0.11583192154430923
DE,N,Nationally Determined Contributions (NDCs),2047,0.004564258381884098,0.06332155197223868
DE,P,Nationally Determined Contributions (NDCs),2047,0.0044856919956625455,0.055464913350070796
DE,Q,Nationally Determined Contributions (NDCs),2047,0.005862608695785752,0.19315658336242109
DE,R,Nationally Determined Contributions (NDCs),2047,0.004114102328264978,0.01830594661031319
DE,S,Nationally Determined Contributions (NDCs),2047,0.004400154849254935,0.04691119870930876
DE,A,Nationally Determined Contributions (NDCs),2048,0.028161233430817337,2.4230190568655505
DE,B,Nationally Determined Contributions (NDCs),2048,0.004600724694524366,0.06696818323626096
DE,C,Nationally Determined Contributions (NDCs),2048,0.009887954962447766,0.5956912100285923
DE,D,Nationally Determined Contributions (NDCs),2048,0.14393773074468363,14.000668788252183
DE,E,Nationally Determined Contributions (NDCs),2048,0.004468879547348069,0.053783668519000995
DE,F,Nationally Determined Contributions (NDCs),2048,0.0043744482881459944,0.044340542598415446
DE,G,Nationally Determined Contributions (NDCs),2048,0.005200323075636439,0.12692802134745906
DE,H,Nationally Determined Contributions (NDCs),2048,0.006425087151482378,0.249404428932056
DE,I,Nationally Determined Contributions (NDCs),2048,0.0042677086542911675,0.03366657921332877
DE,J,Nationally Determined Contributions (NDCs),2048,0.004050063454810703,0.011902059265012426
DE,L,Nationally Determined Contributions (NDCs),2048,0.00395099329396916,0.001995043180731274
DE,M,Nationally Determined Contributions (NDCs),2048,0.005067721293553716,0.11366784313918711
DE,N,Nationally Determined Contributions (NDCs),2048,0.0045532982442118754,0.0622255382050165
DE,P,Nationally Determined Contributions (NDCs),2048,0.00447689292163158,0.05458500594697417
DE,Q,Nationally Determined Contributions (NDCs),2048,0.005825363671452022,0.18943208092904804
DE,R,Nationally Determined Contributions (NDCs),2048,0.004111381545653839,0.018033868349199213
DE,S,Nationally Determined Contributions (NDCs),2048,0.004392585100363809,0.04615422382019615
DE,A,Nationally Determined Contributions (NDCs),2049,0.028280234894301277,2.4349192032139446
DE,B,Nationally Determined Contributions (NDCs),2049,0.004581567649096668,0.06505247869349118
DE,C,Nationally Determined Contributions (NDCs),2049,0.009622065059212453,0.569102219705061
DE,D,Nationally Determined Contributions (NDCs),2049,0.14174566709367298,13.781462423151114
DE,E,Nationally Determined Contributions (NDCs),2049,0.004454390414702158,0.05233475525440992
DE,F,Nationally Determined Contributions (NDCs),2049,0.004361982060990666,0.04309391988288325
DE,G,Nationally Determined Contributions (NDCs),2049,0.005179139279812964,0.1248096417651115
DE,H,Nationally Determined Contributions (NDCs),2049,0.006362815077608547,0.24317722154467286
DE,I,Nationally Determined Contributions (NDCs),2049,0.004262838798677665,0.03317959365197855
DE,J,Nationally Determined Contributions (NDCs),2049,0.004048353936587437,0.011731107442685868
DE,L,Nationally Determined Contributions (NDCs),2049,0.003950714219240058,0.001967135707821073
DE,M,Nationally Determined Contributions (NDCs),2049,0.0050463467694750585,0.11153039073132176
DE,N,Nationally Determined Contributions (NDCs),2049,0.004542431382482567,0.06113885203208562
DE,P,Nationally Determined Contributions (NDCs),2049,0.0044681552453314476,0.053711238316960994
DE,Q,Nationally Determined Contributions (NDCs),2049,0.0057886038024498885,0.18575609402883458
DE,R,Nationally Determined Contributions (NDCs),2049,0.004108674170299106,0.01776313081372615
DE,S,Nationally Determined Contributions (NDCs),2049,0.00438507295911693,0.04540300969550838
DE,A,Nationally Determined Contributions (NDCs),2050,0.02840200634800413,2.44709634858423
DE,B,Nationally Determined Contributions (NDCs),2050,0.004562490410480178,0.06314475483184222
DE,C,Nationally Determined Contributions (NDCs),2050,0.009379469723003403,0.5448426860841561
DE,D,Nationally Determined Contributions (NDCs),2050,0.13954168994994798,13.561064708778616
DE,E,Nationally Determined Contributions (NDCs),2050,0.004439952425653113,0.05089095634950551
DE,F,Nationally Determined Contributions (NDCs),2050,0.004349590432748999,0.04185475705871635
DE,G,Nationally Determined Contributions (NDCs),2050,0.005158092908178925,0.12270500460170772
DE,H,Nationally Determined Contributions (NDCs),2050,0.006295992746169697,0.23649498840078775
DE,I,Nationally Determined Contributions (NDCs),2050,0.004257979902948949,0.032693704079106954
DE,J,Nationally Determined Contributions (NDCs),2050,0.0040466479408545275,0.011560507869394887
DE,L,Nationally Determined Contributions (NDCs),2050,0.003950435507934343,0.0019392645772497105
DE,M,Nationally Determined Contributions (NDCs),2050,0.005025201690531171,0.10941588283693296
DE,N,Nationally Determined Contributions (NDCs),2050,0.004531640912322589,0.06005980501608774
DE,P,Nationally Determined Contributions (NDCs),2050,0.004459464929020387,0.052842206685854924
DE,Q,Nationally Determined Contributions (NDCs),2050,0.005752265541836121,0.18212226796745784
DE,R,Nationally Determined Contributions (NDCs),2050,0.004105975943168779,0.0174933081006933
DE,S,Nationally Determined Contributions (NDCs),2050,0.004377606236713127,0.04465633745512804
DE,A,Net Zero 2050,2025,0.003931042862161828,0.0
DE,B,Net Zero 2050,2025,0.003931042862161756,0.0
DE,C,Net Zero 2050,2025,0.003931042862161844,0.0
DE,D,Net Zero 2050,2025,0.003931042862161848,0.0
DE,E,Net Zero 2050,2025,0.0039310428621580585,0.0
DE,F,Net Zero 2050,2025,0.003931042862161838,0.0
DE,G,Net Zero 2050,2025,0.003931042862161848,0.0
DE,H,Net Zero 2050,2025,0.0039310428621618185,0.0
DE,I,Net Zero 2050,2025,0.00393104286215788,0.0
DE,J,Net Zero 2050,2025,0.003931042862160579,0.0
DE,L,Net Zero 2050,2025,0.003931042862161847,0.0
DE,M,Net Zero 2050,2025,0.003931042862161844,0.0
DE,N,Net Zero 2050,2025,0.003931042862161711,0.0
DE,P,Net Zero 2050,2025,0.003931042862161838,0.0
DE,Q,Net Zero 2050,2025,0.003931042862161543,0.0
DE,R,Net Zero 2050,2025,0.003931042862161845,0.0
DE,S,Net Zero 2050,2025,0.003931042862161848,0.0
DE,A,Net Zero 2050,2026,0.005458275542463033,0.1527232680301205
DE,B,Net Zero 2050,2026,0.004226340965759104,0.029529810359734798
DE,C,Net Zero 2050,2026,0.004859501055176769,0.09284581930149252
DE,D,Net Zero 2050,2026,0.029561809704575507,2.5630766842413655
DE,E,Net Zero 2050,2026,0.004196614681853225,0.026557181969516664
DE,F,Net Zero 2050,2026,0.004145188961431275,0.021414609926943724
DE,G,Net Zero 2050,2026,0.004152662102345328,0.022161924018348
DE,H,Net Zero 2050,2026,0.004462700262573152,0.05316574004113325
DE,I,Net Zero 2050,2026,0.003997627856233921,0.006658499407604084
DE,J,Net Zero 2050,2026,0.003954726763631328,0.0023683901470749748
DE,L,Net Zero 2050,2026,0.003935098785820202,0.000405592365835395
DE,M,Net Zero 2050,2026,0.004111394759622417,0.018035189746057376
DE,N,Net Zero 2050,2026,0.00403425041179282,0.010320754963110907
DE,P,Net Zero 2050,2026,0.00403050368548572,0.009946082332388065
DE,Q,Net Zero 2050,2026,0.004220271446760332,0.028922858459878884
DE,R,Net Zero 2050,2026,0.003965662572825378,0.003461971066353296
DE,S,Net Zero 2050,2026,0.00401415379976779,0.008311093760594197
DE,A,Net Zero 2050,2027,0.007580618045613944,0.3649575183452117
DE,B,Net Zero 2050,2027,0.004442234908930837,0.05111920467690805
DE,C,Net Zero 2050,2027,0.009482514539697574,0.5551471677535731
DE,D,Net Zero 2050,2027,0.07647863426641992,7.254759140425805
DE,E,Net Zero 2050,2027,0.004446110729929156,0.05150678677710971
DE,F,Net Zero 2050,2027,0.00435487216751564,0.04238293053538036
DE,G,Net Zero 2050,2027,0.004360594559257003,0.04295516970951558
DE,H,Net Zero 2050,2027,0.0051165358788387814,0.11854930166769627
DE,I,Net Zero 2050,2027,0.004056646173917348,0.012560331175946824
DE,J,Net Zero 2050,2027,0.003975656532626894,0.004461367046631545
DE,L,Net Zero 2050,2027,0.003938646900360036,0.0007604038198188936
DE,M,Net Zero 2050,2027,0.004286443644435764,0.035540078227392066
DE,N,Net Zero 2050,2027,0.004133274766659797,0.020223190449808644
DE,P,Net Zero 2050,2027,0.004121894333269936,0.01908514711080979
DE,Q,Net Zero 2050,2027,0.004506123967514872,0.05750811053533293
DE,R,Net Zero 2050,2027,0.003996762387756428,0.006571952559458284
DE,S,Net Zero 2050,2027,0.004090846074615662,0.01598032124538154
DE,A,Net Zero 2050,2028,0.010489839394643612,0.6558796532481784
DE,B,Net Zero 2050,2028,0.0045649903443620065,0.06339474822002504
DE,C,Net Zero 2050,2028,0.012574375512992548,0.8643332650830704
DE,D,Net Zero 2050,2028,0.09274397509176557,8.881293222960373
DE,E,Net Zero 2050,2028,0.0046733320215818705,0.07422891594238118
DE,F,Net Zero 2050,2028,0.004553721289724109,0.06226784275622717
DE,G,Net Zero 2050,2028,0.0045494391411984155,0.06183962790365663
DE,H,Net Zero 2050,2028,0.005881553427611781,0.1950510565449963
DE,I,Net Zero 2050,2028,0.004107665251100578,0.01766223889426979
DE,J,Net Zero 2050,2028,0.0039937041350234966,0.006266127286291789
DE,L,Net Zero 2050,2028,0.003941679559489361,0.0010636697327514107
DE,M,Net Zero 2050,2028,0.0044511059728264855,0.05200631106646416
DE,N,Net Zero 2050,2028,0.0042251270455875185,0.029408418342580706
DE,P,Net Zero 2050,2028,0.004203508906600755,0.027246604443891747
DE,Q,Net Zero 2050,2028,0.004778963391970164,0.08479205298086213
DE,R,Net Zero 2050,2028,0.004023971917628477,0.009292905546663158
DE,S,Net Zero 2050,2028,0.004159638935139374,0.022859607297752674
DE,A,Net Zero 2050,2029,0.014415547185360032,1.0484504323198205
DE,B,Net Zero 2050,2029,0.004587795073486624,0.06567522113248682
DE,C,Net Zero 2050,2029,0.016481492188728346,1.25504493265665
DE,D,Net Zero 2050,2029,0.07919359988338107,7.526255702121921
DE,E,Net Zero 2050,2029,0.004872560895711311,0.09415180335532528
DE,F,Net Zero 2050,2029,0.004734723493463814,0.08036806313019763
DE,G,Net Zero 2050,2029,0.004714188302657701,0.07831454404958525
DE,H,Net Zero 2050,2029,0.00657631604714394,0.2645273184982123
DE,I,Net Zero 2050,2029,0.004150357394993253,0.021931453283537298
DE,J,Net Zero 2050,2029,0.004008775058026314,0.007773219586573488
DE,L,Net Zero 2050,2029,0.00394419320254767,0.0013150340385822495
DE,M,Net Zero 2050,2029,0.004599662286533726,0.06686194243718818
DE,N,Net Zero 2050,2029,0.004306688364563032,0.03756455024013218
DE,P,Net Zero 2050,2029,0.0042737705380635534,0.034272767590171525
DE,Q,Net Zero 2050,2029,0.005027907365076344,0.10968645029148026
DE,R,Net Zero 2050,2029,0.004046978850206145,0.011593598804429991
DE,S,Net Zero 2050,2029,0.0042191185658821805,0.02880757037203325
DE,A,Net Zero 2050,2030,0.01962142289030601,1.5690380028144175
DE,B,Net Zero 2050,2030,0.004511487322720492,0.058044446055873555
DE,C,Net Zero 2050,2030,0.01910264026531589,1.517159740315405
DE,D,Net Zero 2050,2030,0.03474233613800471,3.0811293275842857
DE,E,Net Zero 2050,2030,0.005038890608205945,0.11078477460478856
DE,F,Net Zero 2050,2030,0.004890858543002832,0.09598156808409987
DE,G,Net Zero 2050,2030,0.004850541074621586,0.09194982124597383
DE,H,Net Zero 2050,2030,0.007263692792179461,0.33326499300176443
DE,I,Net Zero 2050,2030,0.00418451139674628,0.02534685345884002
DE,J,Net Zero 2050,2030,0.004020812164110543,0.00897693019499655
DE,L,Net Zero 2050,2030,0.003946188660938734,0.0015145798776886167
DE,M,Net Zero 2050,2030,0.004726325648729701,0.07952827865678606
DE,N,Net Zero 2050,2030,0.004375092847809832,0.04440499856481206
DE,P,Net Zero 2050,2030,0.0043313331627410296,0.04002903005791915
DE,Q,Net Zero 2050,2030,0.005241950526036534,0.13109076638749914
DE,R,Net Zero 2050,2030,0.004065544561110854,0.013450169894900783
DE,S,Net Zero 2050,2030,0.0042680391352315486,0.033699627306970216
DE,A,Net Zero 2050,2031,0.03507570874831871,3.1144665886156875
DE,B,Net Zero 2050,2031,0.004529761100736001,0.05987182385742461
DE,C,Net Zero 2050,2031,0.02661093491494356,2.2679892052781714
DE,D,Net Zero 2050,2031,0.032070426632791325,2.8139383770629482
DE,E,Net Zero 2050,2031,0.005399680087191518,0.14686372250334603
DE,F,Net Zero 2050,2031,0.00524612305511563,0.13150801929537914
DE,G,Net Zero 2050,2031,0.005180310198285098,0.12492673361232495
DE,H,Net Zero 2050,2031,0.009704370329393953,0.5773327467232134
DE,I,Net Zero 2050,2031,0.004263108518646182,0.03320656564883024
DE,J,Net Zero 2050,2031,0.004048448627828594,0.011740576566801476
DE,L,Net Zero 2050,2031,0.003950729682907908,0.00196868207460613
DE,M,Net Zero 2050,2031,0.00504752583445545,0.11164829722936037
DE,N,Net Zero 2050,2031,0.004543031892013777,0.06119890298520675
DE,P,Net Zero 2050,2031,0.004468638458617574,0.05375955964557357
DE,Q,Net Zero 2050,2031,0.005790630847517234,0.1859587985355693
DE,R,Net Zero 2050,2031,0.004108824039704068,0.01777811775422222
DE,S,Net Zero 2050,2031,0.004385488273436834,0.04544454112749852
DE,A,Net Zero 2050,2032,0.060744150988476325,5.681310812631449
DE,B,Net Zero 2050,2032,0.004433748572019534,0.05027057098577776
DE,C,Net Zero 2050,2032,0.031677202860648894,2.7746159998487054
DE,D,Net Zero 2050,2032,0.01875379168381932,1.4822748821657472
DE,E,Net Zero 2050,2032,0.005706155380007255,0.17751125178491967
DE,F,Net Zero 2050,2032,0.005566653451039086,0.1635610588877252
DE,G,Net Zero 2050,2032,0.005485677632812657,0.15546347706508087
DE,H,Net Zero 2050,2032,0.013366022115029992,0.9434979252868172
DE,I,Net Zero 2050,2032,0.004331361026552437,0.04003181643945571
DE,J,Net Zero 2050,2032,0.004072378627019467,0.014133576485888914
DE,L,Net Zero 2050,2032,0.003954616835022879,0.0023573972861032294
DE,M,Net Zero 2050,2032,0.005364667221881132,0.1433624359719291
DE,N,Net Zero 2050,2032,0.004699839216590327,0.07687963544286157
DE,P,Net Zero 2050,2032,0.00459372720836835,0.0662684346206512
DE,Q,Net Zero 2050,2032,0.006338530687550842,0.24074878253892998
DE,R,Net Zero 2050,2032,0.004147053990423768,0.02160111282619233
DE,S,Net Zero 2050,2032,0.00449350275762862,0.05624598954667724
DE,A,Net Zero 2050,2033,0.10125013070336059,9.731908784119875
DE,B,Net Zero 2050,2033,0.00423451641571848,0.030347355355672418
DE,C,Net Zero 2050,2033,0.035444694841427614,3.151365197926577
DE,D,Net Zero 2050,2033,0.005333064417720066,0.14020215555582183
DE,E,Net Zero 2050,2033,0.005947822808643357,0.20167799464852987
DE,F,Net Zero 2050,2033,0.005832058467031827,0.1901015604869987
DE,G,Net Zero 2050,2033,0.005758858252315837,0.18278153901539884
DE,H,Net Zero 2050,2033,0.01904783304663365,1.5116790184471829
DE,I,Net Zero 2050,2033,0.004389127542148862,0.0458084679990982
DE,J,Net Zero 2050,2033,0.004092584576010913,0.016154171385033573
DE,L,Net Zero 2050,2033,0.003957867168096496,0.0026824305934649365
DE,M,Net Zero 2050,2033,0.005664703103902131,0.17336602417402866
DE,N,Net Zero 2050,2033,0.004839050137619822,0.09080072754581098
DE,P,Net Zero 2050,2033,0.004704188232276635,0.07731453701147978
DE,Q,Net Zero 2050,2033,0.006860705824923261,0.29296629627617193
DE,R,Net Zero 2050,2033,0.004179895437383414,0.024885257522156812
DE,S,Net Zero 2050,2033,0.004589763311672812,0.06587204495109647
DE,A,Net Zero 2050,2034,0.16146276094304898,15.753171808088718
DE,B,Net Zero 2050,2034,0.003949947777392161,0.0018904915230404627
DE,C,Net Zero 2050,2034,0.03755167664400986,3.362063378184801
DE,D,Net Zero 2050,2034,0.003931042862161848,-4.914808302653799e-18
DE,E,Net Zero 2050,2034,0.006116912484470607,0.21858696223125487
DE,F,Net Zero 2050,2034,0.006024546171055894,0.20935033088940536
DE,G,Net Zero 2050,2034,0.0059928570235532955,0.20618141613914476
DE,H,Net Zero 2050,2034,0.0223096103156787,1.8378567453516879
DE,I,Net Zero 2050,2034,0.004436337099707069,0.05052942375491894
DE,J,Net Zero 2050,2034,0.004109066902845417,0.017802404068483872
DE,L,Net Zero 2050,2034,0.003960497190961019,0.002945432879917245
DE,M,Net Zero 2050,2034,0.005933597648352325,0.20025547861904797
DE,N,Net Zero 2050,2034,0.004956027662932531,0.10249848007708201
DE,P,Net Zero 2050,2034,0.004797797972151793,0.08667551099899541
DE,Q,Net Zero 2050,2034,0.007330883025399114,0.3399840163237572
DE,R,Net Zero 2050,2034,0.004207073747170893,0.027603088500904767
DE,S,Net Zero 2050,2034,0.004672025694258036,0.0740982832096189
DE,A,Net Zero 2050,2035,0.24493973204240602,24.100868918024414
DE,B,Net Zero 2050,2035,0.003931042862161756,0.0
DE,C,Net Zero 2050,2035,0.04001718526399926,3.608614240183742
DE,D,Net Zero 2050,2035,0.003931042862161848,3.483107728256473e-18
DE,E,Net Zero 2050,2035,0.006208866889382221,0.22778240272241618
DE,F,Net Zero 2050,2035,0.0061315982398040805,0.2200555377642247
DE,G,Net Zero 2050,2035,0.006181776761957079,0.22507338997952314
DE,H,Net Zero 2050,2035,0.029671924793254364,2.5740881931092545
DE,I,Net Zero 2050,2035,0.004473007847170992,0.05419649850131125
DE,J,Net Zero 2050,2035,0.004121851300552579,0.01908084383920012
DE,L,Net Zero 2050,2035,0.003962524100898274,0.003148123873642703
DE,M,Net Zero 2050,2035,0.006158184930949337,0.22271420687874957
DE,N,Net Zero 2050,2035,0.00504819066636284,0.11171478042011293
DE,P,Net Zero 2050,2035,0.004872695543426209,0.09416526812643715
DE,Q,Net Zero 2050,2035,0.007724759217758838,0.37937163555972975
DE,R,Net Zero 2050,2035,0.00422839938406833,0.0297356521906485
DE,S,Net Zero 2050,2035,0.004738320093873979,0.0807277231712132
DE,A,Net Zero 2050,2036,0.4228483960761784,41.891735321401654
DE,B,Net Zero 2050,2036,0.003931042862161756,0.0
DE,C,Net Zero 2050,2036,0.04406345713736935,4.013241427520751
DE,D,Net Zero 2050,2036,0.003931042862161848,-1.692929173636011e-18
DE,E,Net Zero 2050,2036,0.00651935209430367,0.2588309232145612
DE,F,Net Zero 2050,2036,0.006505511112618977,0.25744682504571403
DE,G,Net Zero 2050,2036,0.006595477162867233,0.26644343007053856
DE,H,Net Zero 2050,2036,0.053235783168381436,4.930474030621962
DE,I,Net Zero 2050,2036,0.0045490147735154085,0.06179719113575287
DE,J,Net Zero 2050,2036,0.004148299938606697,0.021725707644611857
DE,L,Net Zero 2050,2036,0.003966681685969347,0.0035638823807499736
DE,M,Net Zero 2050,2036,0.006670139049458427,0.27390961872965863
DE,N,Net Zero 2050,2036,0.005240815106610691,0.130977224444898
DE,P,Net Zero 2050,2036,0.005034404128512336,0.11033612663504978
DE,Q,Net Zero 2050,2036,0.008625531640530664,0.4694488778369121
DE,R,Net Zero 2050,2036,0.0042732108576822615,0.034216799552041655
DE,S,Net Zero 2050,2036,0.004882969918118071,0.09519270559562237
DE,A,Net Zero 2050,2037,0.6211016803176235,61.71706374554618
DE,B,Net Zero 2050,2037,0.003931042862161756,0.0
DE,C,Net Zero 2050,2037,0.04665330383246323,4.272226097030139
DE,D,Net Zero 2050,2037,0.003931042862161848,7.857490381370793e-18
DE,E,Net Zero 2050,2037,0.006727424892953135,0.2796382030795077
DE,F,Net Zero 2050,2037,0.006766873720712992,0.2835830858551153
DE,G,Net Zero 2050,2037,0.006948237438112941,0.30171945759510943
DE,H,Net Zero 2050,2037,0.061350425819862185,5.741938295770035
DE,I,Net Zero 2050,2037,0.004609314910683498,0.06782720485256183
DE,J,Net Zero 2050,2037,0.004169237682944857,0.02381948207842773
DE,L,Net Zero 2050,2037,0.003969939291633402,0.0038896429471554704
DE,M,Net Zero 2050,2037,0.007122887551591823,0.31918446894299757
DE,N,Net Zero 2050,2037,0.005393688525557466,0.1462645663395755
DE,P,Net Zero 2050,2037,0.00516933735256463,0.1238294490402791
DE,Q,Net Zero 2050,2037,0.009424835482095715,0.5493792619934172
DE,R,Net Zero 2050,2037,0.004309360762325241,0.037831790016339455
DE,S,Net Zero 2050,2037,0.005005333967627341,0.10742911054654931
DE,A,Net Zero 2050,2038,0.779765971028535,77.58349281663732
DE,B,Net Zero 2050,2038,0.003931042862161756,0.0
DE,C,Net Zero 2050,2038,0.04807805698143136,4.414701411926951
DE,D,Net Zero 2050,2038,0.003931042862161848,7.98236843661376e-19
DE,E,Net Zero 2050,2038,0.006825228786958636,0.2894185924800579
DE,F,Net Zero 2050,2038,0.006892711071658715,0.29616682094968777
DE,G,Net Zero 2050,2038,0.007224866906469245,0.32938240443073974
DE,H,Net Zero 2050,2038,0.07244254999972222,6.85115071375604
DE,I,Net Zero 2050,2038,0.004653753059325648,0.0722710197167768
DE,J,Net Zero 2050,2038,0.00418464328893453,0.0253600426773952
DE,L,Net Zero 2050,2038,0.003972317434821705,0.004127457265985764
DE,M,Net Zero 2050,2038,0.007483503338236192,0.35524604760743506
DE,N,Net Zero 2050,2038,0.005506024854012503,0.15749819918507924
DE,P,Net Zero 2050,2038,0.005272813727705196,0.13417708655433574
DE,Q,Net Zero 2050,2038,0.010063220963175242,0.6132178101013699
DE,R,Net Zero 2050,2038,0.004336347995122371,0.04053051329605245
DE,S,Net Zero 2050,2038,0.005100245346355116,0.11692024841932684
DE,A,Net Zero 2050,2039,0.8627751092175708,85.8844066355409
DE,B,Net Zero 2050,2039,0.003931042862161756,0.0
DE,C,Net Zero 2050,2039,0.04795074488418776,4.40197020220259
DE,D,Net Zero 2050,2039,0.003931042862161848,-8.978477086177724e-18
DE,E,Net Zero 2050,2039,0.006811033130180911,0.2879990268022854
DE,F,Net Zero 2050,2039,0.006874328428763693,0.2943285566601857
DE,G,Net Zero 2050,2039,0.007411594102496954,0.3480551240335105
DE,H,Net Zero 2050,2039,0.07603662314098576,7.210558027882394
DE,I,Net Zero 2050,2039,0.004682353216273234,0.0751310354115354
DE,J,Net Zero 2050,2039,0.0041945476626885515,0.026350480052797286
DE,L,Net Zero 2050,2039,0.003973838057167782,0.004279519500593514
DE,M,Net Zero 2050,2039,0.007727653841877625,0.37966109797157815
DE,N,Net Zero 2050,2039,0.005578218089923011,0.16471752277613005
DE,P,Net Zero 2050,2039,0.0053413213236520795,0.14102784614902408
DE,Q,Net Zero 2050,2039,0.010496395555754077,0.6565352693592535
DE,R,Net Zero 2050,2039,0.004353874815482422,0.04228319533205754
DE,S,Net Zero 2050,2039,0.005163611069339308,0.12325682071774613
DE,A,Net Zero 2050,2040,0.8877055643091093,88.37745214469474
DE,B,Net Zero 2050,2040,0.003931042862161756,0.0
DE,C,Net Zero 2050,2040,0.04559938164476687,4.166833878260502
DE,D,Net Zero 2050,2040,0.003931042862161848,5.87824078977217e-18
DE,E,Net Zero 2050,2040,0.006689077532035339,0.2758034669877282
DE,F,Net Zero 2050,2040,0.006718055091988663,0.27870122298268285
DE,G,Net Zero 2050,2040,0.007498658059103901,0.3567615196942053
DE,H,Net Zero 2050,2040,0.07949324529492735,7.556220243276555
DE,I,Net Zero 2050,2040,0.0046953092487576256,0.07642663865997457
DE,J,Net Zero 2050,2040,0.004199031731351601,0.026798886919102143
DE,L,Net Zero 2050,2040,0.003974524375668908,0.004348151350706203
DE,M,Net Zero 2050,2040,0.007841326308145982,0.3910283445984142
DE,N,Net Zero 2050,2040,0.0056109114203954915,0.16798685582337802
DE,P,Net Zero 2050,2040,0.0053728654680275,0.14418226058656627
DE,Q,Net Zero 2050,2040,0.010698368399466278,0.6767325537304734
DE,R,Net Zero 2050,2040,0.004361855678484596,0.04308128163227494
DE,S,Net Zero 2050,2040,0.005192931834854145,0.1261888972692297
DE,A,Net Zero 2050,2041,0.8916422538908204,88.77112110286586
DE,B,Net Zero 2050,2041,0.003931042862161756,0.0
DE,C,Net Zero 2050,2041,0.049085270761490246,4.51542278993284
DE,D,Net Zero 2050,2041,0.003931042862161848,-8.682689016889373e-18
DE,E,Net Zero 2050,2041,0.006931243467820939,0.30002006056628805
DE,F,Net Zero 2050,2041,0.007031259110450765,0.3100216248288926
DE,G,Net Zero 2050,2041,0.007671345836606368,0.37403029744445215
DE,H,Net Zero 2050,2041,0.09068854078367798,8.675749792151617
DE,I,Net Zero 2050,2041,0.0047203058674896966,0.07892630053318166
DE,J,Net Zero 2050,2041,0.004207678413949202,0.027663555178862355
DE,L,Net Zero 2050,2041,0.003975844096836699,0.004480123467485229
DE,M,Net Zero 2050,2041,0.008065965487639389,0.4134922625477544
DE,N,Net Zero 2050,2041,0.005673992900122443,0.17429500379607318
DE,P,Net Zero 2050,2041,0.005434647893652259,0.150360503149042
DE,Q,Net Zero 2050,2041,0.011098109471544803,0.7167066609383262
DE,R,Net Zero 2050,2041,0.004377326469941266,0.04462836077794218
DE,S,Net Zero 2050,2041,0.005250626423161013,0.13195835609991655
DE,A,Net Zero 2050,2042,0.8919240945792059,88.7993051717044
DE,B,Net Zero 2050,2042,0.003931042862161756,0.0
DE,C,Net Zero 2050,2042,0.04996605293102918,4.603501006886733
DE,D,Net Zero 2050,2042,0.003931042862161847,-3.238590055616498e-18
DE,E,Net Zero 2050,2042,0.007025498276732573,0.30944554145745146
DE,F,Net Zero 2050,2042,0.007156304597577404,0.32252617354155677
DE,G,Net Zero 2050,2042,0.007548482111889614,0.36174392497277663
DE,H,Net Zero 2050,2042,0.10314712931002556,9.921608644786376
DE,I,Net Zero 2050,2042,0.0047026163776375,0.07715735154796201
DE,J,Net Zero 2050,2042,0.004201559996249831,0.02705171340892535
DE,L,Net Zero 2050,2042,0.003974910763628038,0.004386790146619143
DE,M,Net Zero 2050,2042,0.007906272357755715,0.39752294955938733
DE,N,Net Zero 2050,2042,0.005629350117206149,0.16983072550444384
DE,P,Net Zero 2050,2042,0.005390799197213498,0.14597563350516599
DE,Q,Net Zero 2050,2042,0.010813853924366384,0.6882811062204843
DE,R,Net Zero 2050,2042,0.004366368207849283,0.04353253456874364
DE,S,Net Zero 2050,2042,0.005209642441587446,0.12785995794255986
DE,A,Net Zero 2050,2043,0.8922349014119972,88.83038585498355
DE,B,Net Zero 2050,2043,0.003931042862161756,0.0
DE,C,Net Zero 2050,2043,0.04947366459727367,4.554262173511183
DE,D,Net Zero 2050,2043,0.003931042862161848,1.532262331486433e-17
DE,E,Net Zero 2050,2043,0.006970252249718773,0.30392093875607146
DE,F,Net Zero 2050,2043,0.007082798606253787,0.3151755744091954
DE,G,Net Zero 2050,2043,0.007163625257172525,0.3232582395010677
DE,H,Net Zero 2050,2043,0.10726726006435652,10.33362172021947
DE,I,Net Zero 2050,2043,0.004644129045299645,0.07130861831417656
DE,J,Net Zero 2050,2043,0.004181308597761249,0.025026573560067163
DE,L,Net Zero 2050,2043,0.003971804000214719,0.004076113805287146
DE,M,Net Zero 2050,2043,0.007403462748312181,0.3472419886150341
DE,N,Net Zero 2050,2043,0.0054817171781984956,0.15506743160367847
DE,P,Net Zero 2050,2043,0.005250101971918783,0.1319059109756945
DE,Q,Net Zero 2050,2043,0.009921387516246582,0.599034465408504
DE,R,Net Zero 2050,2043,0.004330478114260719,0.03994352520988734
DE,S,Net Zero 2050,2043,0.005079331884868619,0.11482890227067714
DE,A,Net Zero 2050,2044,0.8925764881649917,88.86454453028297
DE,B,Net Zero 2050,2044,0.003931042862161756,0.0
DE,C,Net Zero 2050,2044,0.04743951566965935,4.3508472807497505
DE,D,Net Zero 2050,2044,0.003931042862161848,1.3635667663167785e-17
DE,E,Net Zero 2050,2044,0.0067740022852755604,0.28429594231175015
DE,F,Net Zero 2050,2044,0.006826564039975697,0.2895521177813858
DE,G,Net Zero 2050,2044,0.006588139953676661,0.26570970915148134
DE,H,Net Zero 2050,2044,0.10835787952158556,10.442683665942374
DE,I,Net Zero 2050,2044,0.004547716917480226,0.061667405532234584
DE,J,Net Zero 2050,2044,0.00414784885801456,0.021680599585398114
DE,L,Net Zero 2050,2044,0.003966611178731134,0.0035568316569286437
DE,M,Net Zero 2050,2044,0.0066608540037614615,0.2729811141599618
DE,N,Net Zero 2050,2044,0.005237520859951123,0.13064779977894128
DE,P,Net Zero 2050,2044,0.005031566413152914,0.11005235509910759
DE,Q,Net Zero 2050,2044,0.008609164416671236,0.4678121554509694
DE,R,Net Zero 2050,2044,0.004272438671219601,0.03413958090577543
DE,S,Net Zero 2050,2044,0.0048804131172848495,0.09493702551230021
DE,A,Net Zero 2050,2045,0.8929475620756012,88.90165192134396
DE,B,Net Zero 2050,2045,0.003931042862161756,0.0
DE,C,Net Zero 2050,2045,0.04347386141758206,3.954281855542021
DE,D,Net Zero 2050,2045,0.003931042862161848,2.342202400334957e-17
DE,E,Net Zero 2050,2045,0.006454134440177458,0.25230915780194
DE,F,Net Zero 2050,2045,0.006425372331910704,0.24943294697488677
DE,G,Net Zero 2050,2045,0.005896395897418672,0.19653530352568238
DE,H,Net Zero 2050,2045,0.10809317399294845,10.416213113078664
DE,I,Net Zero 2050,2045,0.004417120736263582,0.048607787410570244
DE,J,Net Zero 2050,2045,0.004102361155242707,0.017131829308212998
DE,L,Net Zero 2050,2045,0.00395942947652257,0.002838661436072305
DE,M,Net Zero 2050,2045,0.005821463413200693,0.18904205510388514
DE,N,Net Zero 2050,2045,0.004908137327296957,0.0977094465135246
DE,P,Net Zero 2050,2045,0.004759320736039022,0.0828277873877184
DE,Q,Net Zero 2050,2045,0.007134600489298389,0.3203557627136846
DE,R,Net Zero 2050,2045,0.004195973764695969,0.02649309025341231
DE,S,Net Zero 2050,2045,0.00463813413900708,0.07070912768452317
DE,A,Net Zero 2050,2046,0.894047523915445,89.0116481053283
DE,B,Net Zero 2050,2046,0.003931042862161756,0.0
DE,C,Net Zero 2050,2046,0.03722161562918178,3.3290572767019944
DE,D,Net Zero 2050,2046,0.003931042862161848,-3.172285359600116e-17
DE,E,Net Zero 2050,2046,0.0060955113658366375,0.21644685036785793
DE,F,Net Zero 2050,2046,0.005999871783874229,0.20688289217123962
DE,G,Net Zero 2050,2046,0.0059014389588447555,0.19703960966829076
DE,H,Net Zero 2050,2046,0.1108815376997098,10.695049483754799
DE,I,Net Zero 2050,2046,0.004418133793007164,0.04870909308492839
DE,J,Net Zero 2050,2046,0.004102714783511516,0.017167192135093667
DE,L,Net Zero 2050,2046,0.003959485861053484,0.0028442998891636327
DE,M,Net Zero 2050,2046,0.005827281768803547,0.18962389066417057
DE,N,Net Zero 2050,2046,0.00491065345713919,0.097961059497748
DE,P,Net Zero 2050,2046,0.004761336234247174,0.08302933720853359
DE,Q,Net Zero 2050,2046,0.007144778162421112,0.32137353002595714
DE,R,Net Zero 2050,2046,0.0041965576574444175,0.02655147952825725
DE,S,Net Zero 2050,2046,0.004639906685633222,0.0708863823471375
DE,A,Net Zero 2050,2047,0.8953760024173397,89.14449595551778
DE,B,Net Zero 2050,2047,0.003931042862161756,0.0
DE,C,Net Zero 2050,2047,0.02674428849722787,2.281324563506603
DE,D,Net Zero 2050,2047,0.003931042862161848,-1.2653455884010248e-17
DE,E,Net Zero 2050,2047,0.005412124635718568,0.14810817735605092
DE,F,Net Zero 2050,2047,0.00525879630941625,0.1327753447254413
DE,G,Net Zero 2050,2047,0.0056983532239422395,0.1767310361780392
DE,H,Net Zero 2050,2047,0.1091831857771406,10.52521429149788
DE,I,Net Zero 2050,2047,0.004376586267596708,0.0445543405438828
DE,J,Net Zero 2050,2047,0.004088201403669433,0.015715854150885424
DE,L,Net Zero 2050,2047,0.003957164547782641,0.002612168562079414
DE,M,Net Zero 2050,2047,0.005596936002804988,0.16658931406431457
DE,N,Net Zero 2050,2047,0.004808407317389778,0.0877364455228067
DE,P,Net Zero 2050,2047,0.00467983369114087,0.07487908289790324
DE,Q,Net Zero 2050,2047,0.006742508409927355,0.2811465547765812
DE,R,Net Zero 2050,2047,0.004172727035423952,0.024168417326210605
DE,S,Net Zero 2050,2047,0.004568465924803674,0.06374230626418259
DE,A,Net Zero 2050,2048,0.8969143663920206,89.29833235298588
DE,B,Net Zero 2050,2048,0.003931042862161756,0.0
DE,C,Net Zero 2050,2048,0.010879253950746843,0.6948211088585
DE,D,Net Zero 2050,2048,0.003931042862161848,-1.4042470056257383e-17
DE,E,Net Zero 2050,2048,0.0045383822105099,0.060733934835184154
DE,F,Net Zero 2050,2048,0.004434679764726593,0.05036369025647535
DE,G,Net Zero 2050,2048,0.005321639119804433,0.13905962576425854
DE,H,Net Zero 2050,2048,0.0984193716728953,9.448832881073347
DE,I,Net Zero 2050,2048,0.004295204784028224,0.03641619218703439
DE,J,Net Zero 2050,2048,0.0040597096620685405,0.012866679990796213
DE,L,Net Zero 2050,2048,0.003952564047640952,0.002152118547910495
DE,M,Net Zero 2050,2048,0.005191906126754713,0.126086326459287
DE,N,Net Zero 2050,2048,0.004615604964195304,0.06845621020335929
DE,P,Net Zero 2050,2048,0.004526756214027092,0.059571335186525375
DE,Q,Net Zero 2050,2048,0.006039444120105286,0.21084012579437433
DE,R,Net Zero 2050,2048,0.004126725759769687,0.019568289760784136
DE,S,Net Zero 2050,2048,0.004435546853738905,0.05045039915770571
DE,A,Net Zero 2050,2049,0.8986260586816586,89.46950158194966
DE,B,Net Zero 2050,2049,0.003931042862161756,0.0
DE,C,Net Zero 2050,2049,0.003931042862161844,7.223783418537055e-18
DE,D,Net Zero 2050,2049,0.003931042862161848,2.708968930295569e-19
DE,E,Net Zero 2050,2049,0.0039310428621580585,0.0
DE,F,Net Zero 2050,2049,0.003931042862161833,-1.6557681472860617e-18
DE,G,Net Zero 2050,2049,0.004822733070259194,0.08916902080973466
DE,H,Net Zero 2050,2049,0.07699076224672749,7.305971938456566
DE,I,Net Zero 2050,2049,0.0041776289370235534,0.02465860748656736
DE,J,Net Zero 2050,2049,0.004018387922082162,0.008734505992158288
DE,L,Net Zero 2050,2049,0.003945787645923469,0.0014744783761622385
DE,M,Net Zero 2050,2049,0.004700211516722322,0.07691686545604816
DE,N,Net Zero 2050,2049,0.004361082211768921,0.043003934960720976
DE,P,Net Zero 2050,2049,0.004319634307018545,0.0388591444856707
DE,Q,Net Zero 2050,2049,0.005197698861376669,0.1266655999215127
DE,R,Net Zero 2050,2049,0.004061791752910243,0.013074889074839922
DE,S,Net Zero 2050,2049,0.004258082154453404,0.03270392922915564
DE,A,Net Zero 2050,2050,0.9004591339760668,89.65280911139048
DE,B,Net Zero 2050,2050,0.003931042862161756,0.0
DE,C,Net Zero 2050,2050,0.003931042862161844,-8.756900223499176e-19
DE,D,Net Zero 2050,2050,0.003931042862161848,1.1056782439242258e-16
DE,E,Net Zero 2050,2050,0.0039310428621580585,0.0
DE,F,Net Zero 2050,2050,0.003931042862161838,8.031239462138143e-17
DE,G,Net Zero 2050,2050,0.004258914899071318,0.032787203690947064
DE,H,Net Zero 2050,2050,0.05120382366928139,4.727278080711958
DE,I,Net Zero 2050,2050,0.004028178202480126,0.0097135340322246
DE,J,Net Zero 2050,2050,0.003965568061172847,0.003452519901226896
DE,L,Net Zero 2050,2050,0.003936940856680887,0.0005897994519039282
DE,M,Net Zero 2050,2050,0.004200075469005819,0.026903260684397697
DE,N,Net Zero 2050,2050,0.004084575757096558,0.015353289493484764
DE,P,Net Zero 2050,2050,0.004077418507406214,0.014637564524437553
DE,Q,Net Zero 2050,2050,0.004364501927131691,0.04334590649701484
DE,R,Net Zero 2050,2050,0.003981711572915613,0.005066871075376836
DE,S,Net Zero 2050,2050,0.0040534810751938115,0.01224382130319647
